,Station,Name,Sensor,Fecha,Valor
259734,0056015040,JURADO,0027,2018-05-01 19:00:00.000,97.0
259735,0056015040,JURADO,0027,2018-05-01 20:00:00.000,97.0
259736,0056015040,JURADO,0027,2018-05-01 21:00:00.000,97.0
259737,0056015040,JURADO,0027,2018-05-01 22:00:00.000,98.0
259738,0056015040,JURADO,0027,2018-05-01 23:00:00.000,99.0
259739,0056015040,JURADO,0027,2018-05-02 00:00:00.000,98.0
259740,0056015040,JURADO,0027,2018-05-02 01:00:00.000,99.0
259741,0056015040,JURADO,0027,2018-05-02 02:00:00.000,98.0
259742,0056015040,JURADO,0027,2018-05-02 03:00:00.000,97.0
259743,0056015040,JURADO,0027,2018-05-02 04:00:00.000,98.0
259744,0056015040,JURADO,0027,2018-05-02 05:00:00.000,98.0
259745,0056015040,JURADO,0027,2018-05-02 06:00:00.000,98.0
259746,0056015040,JURADO,0027,2018-05-02 07:00:00.000,96.0
259747,0056015040,JURADO,0027,2018-05-02 08:00:00.000,83.0
259748,0056015040,JURADO,0027,2018-05-02 09:00:00.000,82.0
259749,0056015040,JURADO,0027,2018-05-02 10:00:00.000,73.0
259750,0056015040,JURADO,0027,2018-05-02 11:00:00.000,65.0
259751,0056015040,JURADO,0027,2018-05-02 12:00:00.000,67.0
259752,0056015040,JURADO,0027,2018-05-02 13:00:00.000,69.0
259753,0056015040,JURADO,0027,2018-05-02 14:00:00.000,68.0
259754,0056015040,JURADO,0027,2018-05-02 15:00:00.000,67.0
259755,0056015040,JURADO,0027,2018-05-02 16:00:00.000,79.0
259756,0056015040,JURADO,0027,2018-05-02 17:00:00.000,81.0
259757,0056015040,JURADO,0027,2018-05-02 18:00:00.000,86.0
259758,0056015040,JURADO,0027,2018-05-02 19:00:00.000,92.0
259759,0056015040,JURADO,0027,2018-05-02 20:00:00.000,94.0
259760,0056015040,JURADO,0027,2018-05-02 21:00:00.000,96.0
259761,0056015040,JURADO,0027,2018-05-02 22:00:00.000,97.0
259762,0056015040,JURADO,0027,2018-05-02 23:00:00.000,97.0
259763,0056015040,JURADO,0027,2018-05-03 00:00:00.000,98.0
259764,0056015040,JURADO,0027,2018-05-03 01:00:00.000,97.0
259765,0056015040,JURADO,0027,2018-05-03 02:00:00.000,97.0
259766,0056015040,JURADO,0027,2018-05-03 03:00:00.000,96.0
259767,0056015040,JURADO,0027,2018-05-03 04:00:00.000,96.0
259768,0056015040,JURADO,0027,2018-05-03 05:00:00.000,95.0
259769,0056015040,JURADO,0027,2018-05-03 06:00:00.000,95.0
259770,0056015040,JURADO,0027,2018-05-03 07:00:00.000,95.0
259771,0056015040,JURADO,0027,2018-05-03 08:00:00.000,94.0
259772,0056015040,JURADO,0027,2018-05-03 09:00:00.000,98.0
259773,0056015040,JURADO,0027,2018-05-03 10:00:00.000,99.0
259774,0056015040,JURADO,0027,2018-05-03 11:00:00.000,99.0
259775,0056015040,JURADO,0027,2018-05-03 12:00:00.000,99.0
259776,0056015040,JURADO,0027,2018-05-03 13:00:00.000,98.0
259777,0056015040,JURADO,0027,2018-05-03 14:00:00.000,98.0
259778,0056015040,JURADO,0027,2018-05-03 15:00:00.000,97.0
259779,0056015040,JURADO,0027,2018-05-03 16:00:00.000,97.0
259780,0056015040,JURADO,0027,2018-05-03 17:00:00.000,96.0
259781,0056015040,JURADO,0027,2018-05-03 18:00:00.000,97.0
259782,0056015040,JURADO,0027,2018-05-03 19:00:00.000,99.0
259783,0056015040,JURADO,0027,2018-05-03 20:00:00.000,99.0
259784,0056015040,JURADO,0027,2018-05-03 21:00:00.000,99.0
259785,0056015040,JURADO,0027,2018-05-03 22:00:00.000,99.0
259786,0056015040,JURADO,0027,2018-05-03 23:00:00.000,99.0
259787,0056015040,JURADO,0027,2018-05-04 00:00:00.000,99.0
259788,0056015040,JURADO,0027,2018-05-04 01:00:00.000,99.0
259789,0056015040,JURADO,0027,2018-05-04 02:00:00.000,99.0
259790,0056015040,JURADO,0027,2018-05-04 03:00:00.000,99.0
259791,0056015040,JURADO,0027,2018-05-04 04:00:00.000,98.0
259792,0056015040,JURADO,0027,2018-05-04 05:00:00.000,97.0
259793,0056015040,JURADO,0027,2018-05-04 06:00:00.000,97.0
259794,0056015040,JURADO,0027,2018-05-04 07:00:00.000,95.0
259795,0056015040,JURADO,0027,2018-05-04 08:00:00.000,88.0
259796,0056015040,JURADO,0027,2018-05-04 09:00:00.000,82.0
259797,0056015040,JURADO,0027,2018-05-04 10:00:00.000,67.0
259798,0056015040,JURADO,0027,2018-05-04 11:00:00.000,77.0
259799,0056015040,JURADO,0027,2018-05-04 12:00:00.000,78.0
259800,0056015040,JURADO,0027,2018-05-04 13:00:00.000,76.0
259801,0056015040,JURADO,0027,2018-05-04 14:00:00.000,73.0
259802,0056015040,JURADO,0027,2018-05-04 15:00:00.000,93.0
259803,0056015040,JURADO,0027,2018-05-04 16:00:00.000,97.0
259804,0056015040,JURADO,0027,2018-05-04 17:00:00.000,95.0
259805,0056015040,JURADO,0027,2018-05-04 18:00:00.000,90.0
259806,0056015040,JURADO,0027,2018-05-04 19:00:00.000,96.0
259807,0056015040,JURADO,0027,2018-05-04 20:00:00.000,99.0
259808,0056015040,JURADO,0027,2018-05-04 21:00:00.000,99.0
259809,0056015040,JURADO,0027,2018-05-04 22:00:00.000,99.0
259810,0056015040,JURADO,0027,2018-05-04 23:00:00.000,99.0
259811,0056015040,JURADO,0027,2018-05-05 00:00:00.000,99.0
259812,0056015040,JURADO,0027,2018-05-05 01:00:00.000,99.0
259813,0056015040,JURADO,0027,2018-05-05 02:00:00.000,99.0
259814,0056015040,JURADO,0027,2018-05-05 03:00:00.000,99.0
259815,0056015040,JURADO,0027,2018-05-05 04:00:00.000,99.0
259816,0056015040,JURADO,0027,2018-05-05 05:00:00.000,99.0
259817,0056015040,JURADO,0027,2018-05-05 06:00:00.000,98.0
259818,0056015040,JURADO,0027,2018-05-05 07:00:00.000,98.0
259819,0056015040,JURADO,0027,2018-05-05 08:00:00.000,92.0
259820,0056015040,JURADO,0027,2018-05-05 09:00:00.000,82.0
259821,0056015040,JURADO,0027,2018-05-05 10:00:00.000,82.0
259822,0056015040,JURADO,0027,2018-05-05 11:00:00.000,67.0
259823,0056015040,JURADO,0027,2018-05-05 12:00:00.000,72.0
259824,0056015040,JURADO,0027,2018-05-05 13:00:00.000,76.0
259825,0056015040,JURADO,0027,2018-05-05 14:00:00.000,75.0
259826,0056015040,JURADO,0027,2018-05-05 15:00:00.000,76.0
259827,0056015040,JURADO,0027,2018-05-05 16:00:00.000,78.0
259828,0056015040,JURADO,0027,2018-05-05 17:00:00.000,83.0
259829,0056015040,JURADO,0027,2018-05-05 18:00:00.000,86.0
259830,0056015040,JURADO,0027,2018-05-05 19:00:00.000,83.0
259831,0056015040,JURADO,0027,2018-05-05 20:00:00.000,85.0
259832,0056015040,JURADO,0027,2018-05-05 21:00:00.000,86.0
259833,0056015040,JURADO,0027,2018-05-05 22:00:00.000,95.0
259834,0056015040,JURADO,0027,2018-05-05 23:00:00.000,97.0
259835,0056015040,JURADO,0027,2018-05-06 00:00:00.000,97.0
259836,0056015040,JURADO,0027,2018-05-06 01:00:00.000,97.0
259837,0056015040,JURADO,0027,2018-05-06 02:00:00.000,96.0
259838,0056015040,JURADO,0027,2018-05-06 03:00:00.000,97.0
259839,0056015040,JURADO,0027,2018-05-06 04:00:00.000,96.0
259840,0056015040,JURADO,0027,2018-05-06 05:00:00.000,96.0
259841,0056015040,JURADO,0027,2018-05-06 06:00:00.000,95.0
259842,0056015040,JURADO,0027,2018-05-06 07:00:00.000,82.0
259843,0056015040,JURADO,0027,2018-05-06 08:00:00.000,84.0
259844,0056015040,JURADO,0027,2018-05-06 09:00:00.000,73.0
259845,0056015040,JURADO,0027,2018-05-06 10:00:00.000,70.0
259846,0056015040,JURADO,0027,2018-05-06 11:00:00.000,65.0
259847,0056015040,JURADO,0027,2018-05-06 12:00:00.000,67.0
259848,0056015040,JURADO,0027,2018-05-06 13:00:00.000,66.0
259849,0056015040,JURADO,0027,2018-05-06 14:00:00.000,74.0
259850,0056015040,JURADO,0027,2018-05-06 15:00:00.000,69.0
259851,0056015040,JURADO,0027,2018-05-06 16:00:00.000,75.0
259852,0056015040,JURADO,0027,2018-05-06 17:00:00.000,79.0
259853,0056015040,JURADO,0027,2018-05-06 18:00:00.000,82.0
259854,0056015040,JURADO,0027,2018-05-06 19:00:00.000,82.0
259855,0056015040,JURADO,0027,2018-05-06 20:00:00.000,88.0
259856,0056015040,JURADO,0027,2018-05-06 21:00:00.000,88.0
259857,0056015040,JURADO,0027,2018-05-06 22:00:00.000,91.0
259858,0056015040,JURADO,0027,2018-05-06 23:00:00.000,93.0
259859,0056015040,JURADO,0027,2018-05-07 00:00:00.000,94.0
259860,0056015040,JURADO,0027,2018-05-07 01:00:00.000,95.0
259861,0056015040,JURADO,0027,2018-05-07 02:00:00.000,94.0
259862,0056015040,JURADO,0027,2018-05-07 03:00:00.000,95.0
259863,0056015040,JURADO,0027,2018-05-07 04:00:00.000,93.0
259864,0056015040,JURADO,0027,2018-05-07 05:00:00.000,94.0
259865,0056015040,JURADO,0027,2018-05-07 06:00:00.000,95.0
259866,0056015040,JURADO,0027,2018-05-07 07:00:00.000,92.0
259867,0056015040,JURADO,0027,2018-05-07 08:00:00.000,88.0
259868,0056015040,JURADO,0027,2018-05-07 09:00:00.000,78.0
259869,0056015040,JURADO,0027,2018-05-07 10:00:00.000,88.0
259870,0056015040,JURADO,0027,2018-05-07 11:00:00.000,93.0
259871,0056015040,JURADO,0027,2018-05-07 12:00:00.000,93.0
259872,0056015040,JURADO,0027,2018-05-07 13:00:00.000,78.0
259873,0056015040,JURADO,0027,2018-05-07 14:00:00.000,73.0
259874,0056015040,JURADO,0027,2018-05-07 15:00:00.000,71.0
259875,0056015040,JURADO,0027,2018-05-07 16:00:00.000,76.0
259876,0056015040,JURADO,0027,2018-05-07 17:00:00.000,80.0
259877,0056015040,JURADO,0027,2018-05-07 18:00:00.000,87.0
259878,0056015040,JURADO,0027,2018-05-07 19:00:00.000,86.0
259879,0056015040,JURADO,0027,2018-05-07 20:00:00.000,95.0
259880,0056015040,JURADO,0027,2018-05-07 21:00:00.000,96.0
259881,0056015040,JURADO,0027,2018-05-07 22:00:00.000,96.0
259882,0056015040,JURADO,0027,2018-05-07 23:00:00.000,96.0
259883,0056015040,JURADO,0027,2018-05-08 00:00:00.000,96.0
259884,0056015040,JURADO,0027,2018-05-08 01:00:00.000,97.0
259885,0056015040,JURADO,0027,2018-05-08 02:00:00.000,96.0
259886,0056015040,JURADO,0027,2018-05-08 03:00:00.000,96.0
259887,0056015040,JURADO,0027,2018-05-08 04:00:00.000,95.0
259888,0056015040,JURADO,0027,2018-05-08 05:00:00.000,95.0
259889,0056015040,JURADO,0027,2018-05-08 06:00:00.000,96.0
259890,0056015040,JURADO,0027,2018-05-08 07:00:00.000,92.0
259891,0056015040,JURADO,0027,2018-05-08 08:00:00.000,84.0
259892,0056015040,JURADO,0027,2018-05-08 09:00:00.000,74.0
259893,0056015040,JURADO,0027,2018-05-08 10:00:00.000,66.0
259894,0056015040,JURADO,0027,2018-05-08 11:00:00.000,63.0
259895,0056015040,JURADO,0027,2018-05-08 12:00:00.000,70.0
259896,0056015040,JURADO,0027,2018-05-08 13:00:00.000,69.0
259897,0056015040,JURADO,0027,2018-05-08 14:00:00.000,71.0
259898,0056015040,JURADO,0027,2018-05-08 15:00:00.000,80.0
259899,0056015040,JURADO,0027,2018-05-08 16:00:00.000,78.0
259900,0056015040,JURADO,0027,2018-05-08 17:00:00.000,82.0
259901,0056015040,JURADO,0027,2018-05-08 18:00:00.000,86.0
259902,0056015040,JURADO,0027,2018-05-08 19:00:00.000,91.0
259903,0056015040,JURADO,0027,2018-05-08 20:00:00.000,94.0
259904,0056015040,JURADO,0027,2018-05-08 21:00:00.000,94.0
259905,0056015040,JURADO,0027,2018-05-08 22:00:00.000,95.0
259906,0056015040,JURADO,0027,2018-05-08 23:00:00.000,96.0
259907,0056015040,JURADO,0027,2018-05-09 00:00:00.000,95.0
259908,0056015040,JURADO,0027,2018-05-09 01:00:00.000,96.0
259909,0056015040,JURADO,0027,2018-05-09 02:00:00.000,96.0
259910,0056015040,JURADO,0027,2018-05-09 03:00:00.000,96.0
259911,0056015040,JURADO,0027,2018-05-09 04:00:00.000,96.0
259912,0056015040,JURADO,0027,2018-05-09 05:00:00.000,96.0
259913,0056015040,JURADO,0027,2018-05-09 06:00:00.000,94.0
259914,0056015040,JURADO,0027,2018-05-09 07:00:00.000,83.0
259915,0056015040,JURADO,0027,2018-05-09 08:00:00.000,77.0
259916,0056015040,JURADO,0027,2018-05-09 09:00:00.000,64.0
259917,0056015040,JURADO,0027,2018-05-09 10:00:00.000,67.0
259918,0056015040,JURADO,0027,2018-05-09 11:00:00.000,65.0
259919,0056015040,JURADO,0027,2018-05-09 12:00:00.000,77.0
259920,0056015040,JURADO,0027,2018-05-09 13:00:00.000,95.0
259921,0056015040,JURADO,0027,2018-05-09 14:00:00.000,92.0
259922,0056015040,JURADO,0027,2018-05-09 15:00:00.000,80.0
259923,0056015040,JURADO,0027,2018-05-09 16:00:00.000,95.0
259924,0056015040,JURADO,0027,2018-05-09 17:00:00.000,97.0
259925,0056015040,JURADO,0027,2018-05-09 18:00:00.000,98.0
259926,0056015040,JURADO,0027,2018-05-09 19:00:00.000,99.0
259927,0056015040,JURADO,0027,2018-05-09 20:00:00.000,99.0
259928,0056015040,JURADO,0027,2018-05-09 21:00:00.000,99.0
259929,0056015040,JURADO,0027,2018-05-09 22:00:00.000,99.0
259930,0056015040,JURADO,0027,2018-05-09 23:00:00.000,99.0
259931,0056015040,JURADO,0027,2018-05-10 00:00:00.000,99.0
259932,0056015040,JURADO,0027,2018-05-10 01:00:00.000,98.0
259933,0056015040,JURADO,0027,2018-05-10 02:00:00.000,98.0
259934,0056015040,JURADO,0027,2018-05-10 03:00:00.000,98.0
259935,0056015040,JURADO,0027,2018-05-10 04:00:00.000,98.0
259936,0056015040,JURADO,0027,2018-05-10 05:00:00.000,97.0
259937,0056015040,JURADO,0027,2018-05-10 06:00:00.000,97.0
259938,0056015040,JURADO,0027,2018-05-10 07:00:00.000,82.0
259939,0056015040,JURADO,0027,2018-05-10 08:00:00.000,84.0
259940,0056015040,JURADO,0027,2018-05-10 09:00:00.000,68.0
259941,0056015040,JURADO,0027,2018-05-10 10:00:00.000,63.0
259942,0056015040,JURADO,0027,2018-05-10 11:00:00.000,69.0
259943,0056015040,JURADO,0027,2018-05-10 12:00:00.000,73.0
259944,0056015040,JURADO,0027,2018-05-10 13:00:00.000,73.0
259945,0056015040,JURADO,0027,2018-05-10 14:00:00.000,92.0
259946,0056015040,JURADO,0027,2018-05-10 15:00:00.000,82.0
259947,0056015040,JURADO,0027,2018-05-10 16:00:00.000,97.0
259948,0056015040,JURADO,0027,2018-05-10 17:00:00.000,98.0
259949,0056015040,JURADO,0027,2018-05-10 18:00:00.000,98.0
259950,0056015040,JURADO,0027,2018-05-10 19:00:00.000,99.0
259951,0056015040,JURADO,0027,2018-05-10 20:00:00.000,99.0
259952,0056015040,JURADO,0027,2018-05-10 21:00:00.000,99.0
259953,0056015040,JURADO,0027,2018-05-10 22:00:00.000,99.0
259954,0056015040,JURADO,0027,2018-05-10 23:00:00.000,99.0
259955,0056015040,JURADO,0027,2018-05-11 00:00:00.000,99.0
259956,0056015040,JURADO,0027,2018-05-11 01:00:00.000,98.0
259957,0056015040,JURADO,0027,2018-05-11 02:00:00.000,96.0
259958,0056015040,JURADO,0027,2018-05-11 03:00:00.000,97.0
259959,0056015040,JURADO,0027,2018-05-11 04:00:00.000,96.0
259960,0056015040,JURADO,0027,2018-05-11 05:00:00.000,96.0
259961,0056015040,JURADO,0027,2018-05-11 06:00:00.000,96.0
259962,0056015040,JURADO,0027,2018-05-11 07:00:00.000,93.0
259963,0056015040,JURADO,0027,2018-05-11 08:00:00.000,88.0
259964,0056015040,JURADO,0027,2018-05-11 09:00:00.000,74.0
259965,0056015040,JURADO,0027,2018-05-11 10:00:00.000,66.0
259966,0056015040,JURADO,0027,2018-05-11 11:00:00.000,64.0
259967,0056015040,JURADO,0027,2018-05-11 12:00:00.000,73.0
259968,0056015040,JURADO,0027,2018-05-11 13:00:00.000,67.0
259969,0056015040,JURADO,0027,2018-05-11 14:00:00.000,71.0
259970,0056015040,JURADO,0027,2018-05-11 15:00:00.000,73.0
259971,0056015040,JURADO,0027,2018-05-11 16:00:00.000,74.0
259972,0056015040,JURADO,0027,2018-05-11 17:00:00.000,77.0
259973,0056015040,JURADO,0027,2018-05-11 18:00:00.000,83.0
259974,0056015040,JURADO,0027,2018-05-11 19:00:00.000,84.0
259975,0056015040,JURADO,0027,2018-05-11 20:00:00.000,85.0
259976,0056015040,JURADO,0027,2018-05-11 21:00:00.000,94.0
259977,0056015040,JURADO,0027,2018-05-11 22:00:00.000,95.0
259978,0056015040,JURADO,0027,2018-05-11 23:00:00.000,97.0
259979,0056015040,JURADO,0027,2018-05-12 00:00:00.000,97.0
259980,0056015040,JURADO,0027,2018-05-12 01:00:00.000,97.0
259981,0056015040,JURADO,0027,2018-05-12 02:00:00.000,98.0
259982,0056015040,JURADO,0027,2018-05-12 03:00:00.000,98.0
259983,0056015040,JURADO,0027,2018-05-12 04:00:00.000,98.0
259984,0056015040,JURADO,0027,2018-05-12 05:00:00.000,99.0
259985,0056015040,JURADO,0027,2018-05-12 06:00:00.000,99.0
259986,0056015040,JURADO,0027,2018-05-12 07:00:00.000,81.0
259987,0056015040,JURADO,0027,2018-05-12 08:00:00.000,77.0
259988,0056015040,JURADO,0027,2018-05-12 09:00:00.000,70.0
259989,0056015040,JURADO,0027,2018-05-12 10:00:00.000,61.0
259990,0056015040,JURADO,0027,2018-05-12 11:00:00.000,64.0
259991,0056015040,JURADO,0027,2018-05-12 12:00:00.000,69.0
259992,0056015040,JURADO,0027,2018-05-12 13:00:00.000,78.0
259993,0056015040,JURADO,0027,2018-05-12 14:00:00.000,84.0
259994,0056015040,JURADO,0027,2018-05-12 15:00:00.000,82.0
259995,0056015040,JURADO,0027,2018-05-12 16:00:00.000,94.0
259996,0056015040,JURADO,0027,2018-05-12 17:00:00.000,84.0
259997,0056015040,JURADO,0027,2018-05-12 18:00:00.000,92.0
259998,0056015040,JURADO,0027,2018-05-12 19:00:00.000,93.0
259999,0056015040,JURADO,0027,2018-05-12 20:00:00.000,95.0
260000,0056015040,JURADO,0027,2018-05-12 21:00:00.000,94.0
260001,0056015040,JURADO,0027,2018-05-12 22:00:00.000,94.0
260002,0056015040,JURADO,0027,2018-05-12 23:00:00.000,95.0
260003,0056015040,JURADO,0027,2018-05-13 00:00:00.000,94.0
260004,0056015040,JURADO,0027,2018-05-13 01:00:00.000,95.0
260005,0056015040,JURADO,0027,2018-05-13 02:00:00.000,96.0
260006,0056015040,JURADO,0027,2018-05-13 03:00:00.000,96.0
260007,0056015040,JURADO,0027,2018-05-13 04:00:00.000,99.0
260008,0056015040,JURADO,0027,2018-05-13 05:00:00.000,99.0
260009,0056015040,JURADO,0027,2018-05-13 06:00:00.000,99.0
260010,0056015040,JURADO,0027,2018-05-13 07:00:00.000,99.0
260011,0056015040,JURADO,0027,2018-05-13 08:00:00.000,98.0
260012,0056015040,JURADO,0027,2018-05-13 09:00:00.000,95.0
260013,0056015040,JURADO,0027,2018-05-13 10:00:00.000,95.0
260014,0056015040,JURADO,0027,2018-05-13 11:00:00.000,84.0
260015,0056015040,JURADO,0027,2018-05-13 12:00:00.000,99.0
260016,0056015040,JURADO,0027,2018-05-13 13:00:00.000,98.0
260017,0056015040,JURADO,0027,2018-05-13 14:00:00.000,98.0
260018,0056015040,JURADO,0027,2018-05-13 15:00:00.000,99.0
260019,0056015040,JURADO,0027,2018-05-13 16:00:00.000,99.0
260020,0056015040,JURADO,0027,2018-05-13 17:00:00.000,99.0
260021,0056015040,JURADO,0027,2018-05-13 18:00:00.000,99.0
260022,0056015040,JURADO,0027,2018-05-13 19:00:00.000,100.0
260023,0056015040,JURADO,0027,2018-05-13 20:00:00.000,100.0
260024,0056015040,JURADO,0027,2018-05-13 21:00:00.000,100.0
260025,0056015040,JURADO,0027,2018-05-13 22:00:00.000,100.0
260026,0056015040,JURADO,0027,2018-05-13 23:00:00.000,100.0
260027,0056015040,JURADO,0027,2018-05-14 00:00:00.000,100.0
260028,0056015040,JURADO,0027,2018-05-14 01:00:00.000,100.0
260029,0056015040,JURADO,0027,2018-05-14 02:00:00.000,100.0
260030,0056015040,JURADO,0027,2018-05-14 03:00:00.000,100.0
260031,0056015040,JURADO,0027,2018-05-14 04:00:00.000,100.0
260032,0056015040,JURADO,0027,2018-05-14 05:00:00.000,100.0
260033,0056015040,JURADO,0027,2018-05-14 06:00:00.000,100.0
260034,0056015040,JURADO,0027,2018-05-14 07:00:00.000,100.0
260035,0056015040,JURADO,0027,2018-05-14 08:00:00.000,96.0
260036,0056015040,JURADO,0027,2018-05-14 09:00:00.000,92.0
260037,0056015040,JURADO,0027,2018-05-14 10:00:00.000,77.0
260038,0056015040,JURADO,0027,2018-05-14 11:00:00.000,73.0
260039,0056015040,JURADO,0027,2018-05-14 12:00:00.000,70.0
260040,0056015040,JURADO,0027,2018-05-14 13:00:00.000,82.0
260041,0056015040,JURADO,0027,2018-05-14 14:00:00.000,86.0
260042,0056015040,JURADO,0027,2018-05-14 15:00:00.000,75.0
260043,0056015040,JURADO,0027,2018-05-14 16:00:00.000,79.0
260044,0056015040,JURADO,0027,2018-05-14 17:00:00.000,77.0
260045,0056015040,JURADO,0027,2018-05-14 18:00:00.000,79.0
260046,0056015040,JURADO,0027,2018-05-14 19:00:00.000,89.0
260047,0056015040,JURADO,0027,2018-05-14 20:00:00.000,91.0
260048,0056015040,JURADO,0027,2018-05-14 21:00:00.000,89.0
260049,0056015040,JURADO,0027,2018-05-14 22:00:00.000,89.0
260050,0056015040,JURADO,0027,2018-05-14 23:00:00.000,90.0
260051,0056015040,JURADO,0027,2018-05-15 00:00:00.000,96.0
260052,0056015040,JURADO,0027,2018-05-15 01:00:00.000,97.0
260053,0056015040,JURADO,0027,2018-05-15 02:00:00.000,98.0
260054,0056015040,JURADO,0027,2018-05-15 03:00:00.000,98.0
260055,0056015040,JURADO,0027,2018-05-15 04:00:00.000,98.0
260056,0056015040,JURADO,0027,2018-05-15 05:00:00.000,98.0
260057,0056015040,JURADO,0027,2018-05-15 06:00:00.000,98.0
260058,0056015040,JURADO,0027,2018-05-15 07:00:00.000,87.0
260059,0056015040,JURADO,0027,2018-05-15 08:00:00.000,79.0
260060,0056015040,JURADO,0027,2018-05-15 09:00:00.000,75.0
260061,0056015040,JURADO,0027,2018-05-15 10:00:00.000,70.0
260062,0056015040,JURADO,0027,2018-05-15 11:00:00.000,66.0
260063,0056015040,JURADO,0027,2018-05-15 12:00:00.000,65.0
260064,0056015040,JURADO,0027,2018-05-15 13:00:00.000,66.0
260065,0056015040,JURADO,0027,2018-05-15 14:00:00.000,63.0
260066,0056015040,JURADO,0027,2018-05-15 15:00:00.000,61.0
260067,0056015040,JURADO,0027,2018-05-15 16:00:00.000,78.0
260068,0056015040,JURADO,0027,2018-05-15 17:00:00.000,78.0
260069,0056015040,JURADO,0027,2018-05-15 18:00:00.000,80.0
260070,0056015040,JURADO,0027,2018-05-15 19:00:00.000,80.0
260071,0056015040,JURADO,0027,2018-05-15 20:00:00.000,81.0
260072,0056015040,JURADO,0027,2018-05-15 21:00:00.000,83.0
260073,0056015040,JURADO,0027,2018-05-15 22:00:00.000,93.0
260074,0056015040,JURADO,0027,2018-05-15 23:00:00.000,95.0
260075,0056015040,JURADO,0027,2018-05-16 00:00:00.000,96.0
260076,0056015040,JURADO,0027,2018-05-16 01:00:00.000,96.0
260077,0056015040,JURADO,0027,2018-05-16 02:00:00.000,96.0
260078,0056015040,JURADO,0027,2018-05-16 03:00:00.000,96.0
260079,0056015040,JURADO,0027,2018-05-16 04:00:00.000,96.0
260080,0056015040,JURADO,0027,2018-05-16 05:00:00.000,97.0
260081,0056015040,JURADO,0027,2018-05-16 06:00:00.000,96.0
260082,0056015040,JURADO,0027,2018-05-16 07:00:00.000,90.0
260083,0056015040,JURADO,0027,2018-05-16 08:00:00.000,98.0
260084,0056015040,JURADO,0027,2018-05-16 09:00:00.000,99.0
260085,0056015040,JURADO,0027,2018-05-16 10:00:00.000,99.0
260086,0056015040,JURADO,0027,2018-05-16 11:00:00.000,99.0
260087,0056015040,JURADO,0027,2018-05-16 12:00:00.000,99.0
260088,0056015040,JURADO,0027,2018-05-16 13:00:00.000,98.0
260089,0056015040,JURADO,0027,2018-05-16 14:00:00.000,97.0
260090,0056015040,JURADO,0027,2018-05-16 15:00:00.000,96.0
260091,0056015040,JURADO,0027,2018-05-16 16:00:00.000,98.0
260092,0056015040,JURADO,0027,2018-05-16 17:00:00.000,99.0
260093,0056015040,JURADO,0027,2018-05-16 18:00:00.000,99.0
260094,0056015040,JURADO,0027,2018-05-16 19:00:00.000,99.0
260095,0056015040,JURADO,0027,2018-05-16 20:00:00.000,99.0
260096,0056015040,JURADO,0027,2018-05-16 21:00:00.000,99.0
260097,0056015040,JURADO,0027,2018-05-16 22:00:00.000,99.0
260098,0056015040,JURADO,0027,2018-05-16 23:00:00.000,99.0
260099,0056015040,JURADO,0027,2018-05-17 00:00:00.000,99.0
260100,0056015040,JURADO,0027,2018-05-17 01:00:00.000,99.0
260101,0056015040,JURADO,0027,2018-05-17 02:00:00.000,99.0
260102,0056015040,JURADO,0027,2018-05-17 03:00:00.000,99.0
260103,0056015040,JURADO,0027,2018-05-17 04:00:00.000,99.0
260104,0056015040,JURADO,0027,2018-05-17 05:00:00.000,99.0
260105,0056015040,JURADO,0027,2018-05-17 06:00:00.000,99.0
260106,0056015040,JURADO,0027,2018-05-17 07:00:00.000,94.0
260107,0056015040,JURADO,0027,2018-05-17 08:00:00.000,85.0
260108,0056015040,JURADO,0027,2018-05-17 09:00:00.000,78.0
260109,0056015040,JURADO,0027,2018-05-17 10:00:00.000,69.0
260110,0056015040,JURADO,0027,2018-05-17 11:00:00.000,65.0
260111,0056015040,JURADO,0027,2018-05-17 12:00:00.000,73.0
260112,0056015040,JURADO,0027,2018-05-17 13:00:00.000,69.0
260113,0056015040,JURADO,0027,2018-05-17 14:00:00.000,70.0
260114,0056015040,JURADO,0027,2018-05-17 15:00:00.000,70.0
260115,0056015040,JURADO,0027,2018-05-17 16:00:00.000,78.0
260116,0056015040,JURADO,0027,2018-05-17 17:00:00.000,76.0
260117,0056015040,JURADO,0027,2018-05-17 18:00:00.000,81.0
260118,0056015040,JURADO,0027,2018-05-17 19:00:00.000,86.0
260119,0056015040,JURADO,0027,2018-05-17 20:00:00.000,93.0
260120,0056015040,JURADO,0027,2018-05-17 21:00:00.000,95.0
260121,0056015040,JURADO,0027,2018-05-17 22:00:00.000,97.0
260122,0056015040,JURADO,0027,2018-05-17 23:00:00.000,97.0
260123,0056015040,JURADO,0027,2018-05-18 00:00:00.000,97.0
260124,0056015040,JURADO,0027,2018-05-18 01:00:00.000,98.0
260125,0056015040,JURADO,0027,2018-05-18 02:00:00.000,97.0
260126,0056015040,JURADO,0027,2018-05-18 03:00:00.000,98.0
260127,0056015040,JURADO,0027,2018-05-18 04:00:00.000,97.0
260128,0056015040,JURADO,0027,2018-05-18 05:00:00.000,98.0
260129,0056015040,JURADO,0027,2018-05-18 06:00:00.000,97.0
260130,0056015040,JURADO,0027,2018-05-18 07:00:00.000,96.0
260131,0056015040,JURADO,0027,2018-05-18 08:00:00.000,97.0
260132,0056015040,JURADO,0027,2018-05-18 09:00:00.000,97.0
260133,0056015040,JURADO,0027,2018-05-18 10:00:00.000,97.0
260134,0056015040,JURADO,0027,2018-05-18 11:00:00.000,97.0
260135,0056015040,JURADO,0027,2018-05-18 12:00:00.000,96.0
260136,0056015040,JURADO,0027,2018-05-18 13:00:00.000,95.0
260137,0056015040,JURADO,0027,2018-05-18 14:00:00.000,96.0
260138,0056015040,JURADO,0027,2018-05-18 15:00:00.000,94.0
260139,0056015040,JURADO,0027,2018-05-18 16:00:00.000,87.0
260140,0056015040,JURADO,0027,2018-05-18 17:00:00.000,97.0
260141,0056015040,JURADO,0027,2018-05-18 18:00:00.000,97.0
260142,0056015040,JURADO,0027,2018-05-18 19:00:00.000,98.0
260143,0056015040,JURADO,0027,2018-05-18 20:00:00.000,98.0
260144,0056015040,JURADO,0027,2018-05-18 21:00:00.000,98.0
260145,0056015040,JURADO,0027,2018-05-18 22:00:00.000,98.0
260146,0056015040,JURADO,0027,2018-05-18 23:00:00.000,99.0
260147,0056015040,JURADO,0027,2018-05-19 00:00:00.000,99.0
260148,0056015040,JURADO,0027,2018-05-19 01:00:00.000,99.0
260149,0056015040,JURADO,0027,2018-05-19 02:00:00.000,99.0
260150,0056015040,JURADO,0027,2018-05-19 03:00:00.000,99.0
260151,0056015040,JURADO,0027,2018-05-19 04:00:00.000,99.0
260152,0056015040,JURADO,0027,2018-05-19 05:00:00.000,99.0
260153,0056015040,JURADO,0027,2018-05-19 06:00:00.000,99.0
260154,0056015040,JURADO,0027,2018-05-19 07:00:00.000,97.0
260155,0056015040,JURADO,0027,2018-05-19 08:00:00.000,96.0
260156,0056015040,JURADO,0027,2018-05-19 09:00:00.000,93.0
260157,0056015040,JURADO,0027,2018-05-19 10:00:00.000,71.0
260158,0056015040,JURADO,0027,2018-05-19 11:00:00.000,72.0
260159,0056015040,JURADO,0027,2018-05-19 12:00:00.000,74.0
260160,0056015040,JURADO,0027,2018-05-19 13:00:00.000,66.0
260161,0056015040,JURADO,0027,2018-05-19 14:00:00.000,64.0
260162,0056015040,JURADO,0027,2018-05-19 15:00:00.000,64.0
260163,0056015040,JURADO,0027,2018-05-19 16:00:00.000,77.0
260164,0056015040,JURADO,0027,2018-05-19 17:00:00.000,80.0
260165,0056015040,JURADO,0027,2018-05-19 18:00:00.000,85.0
260166,0056015040,JURADO,0027,2018-05-19 19:00:00.000,86.0
260167,0056015040,JURADO,0027,2018-05-19 20:00:00.000,89.0
260168,0056015040,JURADO,0027,2018-05-19 21:00:00.000,94.0
260169,0056015040,JURADO,0027,2018-05-19 22:00:00.000,95.0
260170,0056015040,JURADO,0027,2018-05-19 23:00:00.000,96.0
260171,0056015040,JURADO,0027,2018-05-20 00:00:00.000,95.0
260172,0056015040,JURADO,0027,2018-05-20 01:00:00.000,95.0
260173,0056015040,JURADO,0027,2018-05-20 02:00:00.000,95.0
260174,0056015040,JURADO,0027,2018-05-20 03:00:00.000,96.0
260175,0056015040,JURADO,0027,2018-05-20 04:00:00.000,97.0
260176,0056015040,JURADO,0027,2018-05-20 05:00:00.000,97.0
260177,0056015040,JURADO,0027,2018-05-20 06:00:00.000,97.0
260178,0056015040,JURADO,0027,2018-05-20 07:00:00.000,79.0
260179,0056015040,JURADO,0027,2018-05-20 08:00:00.000,76.0
260180,0056015040,JURADO,0027,2018-05-20 09:00:00.000,80.0
260181,0056015040,JURADO,0027,2018-05-20 10:00:00.000,66.0
260182,0056015040,JURADO,0027,2018-05-20 11:00:00.000,62.0
260183,0056015040,JURADO,0027,2018-05-20 12:00:00.000,68.0
260184,0056015040,JURADO,0027,2018-05-20 13:00:00.000,84.0
260185,0056015040,JURADO,0027,2018-05-20 14:00:00.000,73.0
260186,0056015040,JURADO,0027,2018-05-20 15:00:00.000,75.0
260187,0056015040,JURADO,0027,2018-05-20 16:00:00.000,85.0
260188,0056015040,JURADO,0027,2018-05-20 17:00:00.000,85.0
260189,0056015040,JURADO,0027,2018-05-20 18:00:00.000,86.0
260190,0056015040,JURADO,0027,2018-05-20 19:00:00.000,98.0
260191,0056015040,JURADO,0027,2018-05-20 20:00:00.000,98.0
260192,0056015040,JURADO,0027,2018-05-20 21:00:00.000,99.0
260193,0056015040,JURADO,0027,2018-05-20 22:00:00.000,99.0
260194,0056015040,JURADO,0027,2018-05-20 23:00:00.000,99.0
260195,0056015040,JURADO,0027,2018-05-21 00:00:00.000,99.0
260196,0056015040,JURADO,0027,2018-05-21 01:00:00.000,99.0
260197,0056015040,JURADO,0027,2018-05-21 02:00:00.000,99.0
260198,0056015040,JURADO,0027,2018-05-21 03:00:00.000,99.0
260199,0056015040,JURADO,0027,2018-05-21 04:00:00.000,99.0
260200,0056015040,JURADO,0027,2018-05-21 05:00:00.000,99.0
260201,0056015040,JURADO,0027,2018-05-21 06:00:00.000,99.0
260202,0056015040,JURADO,0027,2018-05-21 07:00:00.000,99.0
260203,0056015040,JURADO,0027,2018-05-21 08:00:00.000,99.0
260204,0056015040,JURADO,0027,2018-05-21 09:00:00.000,99.0
260205,0056015040,JURADO,0027,2018-05-21 10:00:00.000,97.0
260206,0056015040,JURADO,0027,2018-05-21 11:00:00.000,97.0
260207,0056015040,JURADO,0027,2018-05-21 12:00:00.000,97.0
260208,0056015040,JURADO,0027,2018-05-21 13:00:00.000,97.0
260209,0056015040,JURADO,0027,2018-05-21 14:00:00.000,92.0
260210,0056015040,JURADO,0027,2018-05-21 15:00:00.000,84.0
260211,0056015040,JURADO,0027,2018-05-21 16:00:00.000,83.0
260212,0056015040,JURADO,0027,2018-05-21 17:00:00.000,83.0
260213,0056015040,JURADO,0027,2018-05-21 18:00:00.000,92.0
260214,0056015040,JURADO,0027,2018-05-21 19:00:00.000,95.0
260215,0056015040,JURADO,0027,2018-05-21 20:00:00.000,97.0
260216,0056015040,JURADO,0027,2018-05-21 21:00:00.000,98.0
260217,0056015040,JURADO,0027,2018-05-21 22:00:00.000,98.0
260218,0056015040,JURADO,0027,2018-05-21 23:00:00.000,98.0
260219,0056015040,JURADO,0027,2018-05-22 00:00:00.000,98.0
260220,0056015040,JURADO,0027,2018-05-22 01:00:00.000,98.0
260221,0056015040,JURADO,0027,2018-05-22 02:00:00.000,97.0
260222,0056015040,JURADO,0027,2018-05-22 03:00:00.000,97.0
260223,0056015040,JURADO,0027,2018-05-22 04:00:00.000,97.0
260224,0056015040,JURADO,0027,2018-05-22 05:00:00.000,98.0
260225,0056015040,JURADO,0027,2018-05-22 06:00:00.000,98.0
260226,0056015040,JURADO,0027,2018-05-22 07:00:00.000,85.0
260227,0056015040,JURADO,0027,2018-05-22 08:00:00.000,83.0
260228,0056015040,JURADO,0027,2018-05-22 09:00:00.000,72.0
260229,0056015040,JURADO,0027,2018-05-22 10:00:00.000,75.0
260230,0056015040,JURADO,0027,2018-05-22 11:00:00.000,66.0
260231,0056015040,JURADO,0027,2018-05-22 12:00:00.000,69.0
260232,0056015040,JURADO,0027,2018-05-22 13:00:00.000,68.0
260233,0056015040,JURADO,0027,2018-05-22 14:00:00.000,64.0
260234,0056015040,JURADO,0027,2018-05-22 15:00:00.000,63.0
260235,0056015040,JURADO,0027,2018-05-22 16:00:00.000,74.0
260236,0056015040,JURADO,0027,2018-05-22 17:00:00.000,78.0
260237,0056015040,JURADO,0027,2018-05-22 18:00:00.000,81.0
260238,0056015040,JURADO,0027,2018-05-22 19:00:00.000,82.0
260239,0056015040,JURADO,0027,2018-05-22 20:00:00.000,87.0
260240,0056015040,JURADO,0027,2018-05-22 21:00:00.000,88.0
260241,0056015040,JURADO,0027,2018-05-22 22:00:00.000,89.0
260242,0056015040,JURADO,0027,2018-05-22 23:00:00.000,91.0
260243,0056015040,JURADO,0027,2018-05-23 00:00:00.000,91.0
260244,0056015040,JURADO,0027,2018-05-23 01:00:00.000,90.0
260245,0056015040,JURADO,0027,2018-05-23 02:00:00.000,91.0
260246,0056015040,JURADO,0027,2018-05-23 03:00:00.000,93.0
260247,0056015040,JURADO,0027,2018-05-23 04:00:00.000,92.0
260248,0056015040,JURADO,0027,2018-05-23 05:00:00.000,94.0
260249,0056015040,JURADO,0027,2018-05-23 06:00:00.000,95.0
260250,0056015040,JURADO,0027,2018-05-23 07:00:00.000,90.0
260251,0056015040,JURADO,0027,2018-05-23 08:00:00.000,83.0
260252,0056015040,JURADO,0027,2018-05-23 09:00:00.000,67.0
260253,0056015040,JURADO,0027,2018-05-23 10:00:00.000,57.0
260254,0056015040,JURADO,0027,2018-05-23 11:00:00.000,68.0
260255,0056015040,JURADO,0027,2018-05-23 12:00:00.000,65.0
260256,0056015040,JURADO,0027,2018-05-23 13:00:00.000,71.0
260257,0056015040,JURADO,0027,2018-05-23 14:00:00.000,68.0
260258,0056015040,JURADO,0027,2018-05-23 15:00:00.000,75.0
260259,0056015040,JURADO,0027,2018-05-23 16:00:00.000,77.0
260260,0056015040,JURADO,0027,2018-05-23 17:00:00.000,93.0
260261,0056015040,JURADO,0027,2018-05-23 18:00:00.000,95.0
260262,0056015040,JURADO,0027,2018-05-23 19:00:00.000,95.0
260263,0056015040,JURADO,0027,2018-05-23 20:00:00.000,87.0
260264,0056015040,JURADO,0027,2018-05-23 21:00:00.000,98.0
260265,0056015040,JURADO,0027,2018-05-23 22:00:00.000,98.0
260266,0056015040,JURADO,0027,2018-05-23 23:00:00.000,99.0
260267,0056015040,JURADO,0027,2018-05-24 00:00:00.000,99.0
260268,0056015040,JURADO,0027,2018-05-24 01:00:00.000,99.0
260269,0056015040,JURADO,0027,2018-05-24 02:00:00.000,99.0
260270,0056015040,JURADO,0027,2018-05-24 03:00:00.000,99.0
260271,0056015040,JURADO,0027,2018-05-24 04:00:00.000,99.0
260272,0056015040,JURADO,0027,2018-05-24 05:00:00.000,99.0
260273,0056015040,JURADO,0027,2018-05-24 06:00:00.000,99.0
260274,0056015040,JURADO,0027,2018-05-24 07:00:00.000,99.0
260275,0056015040,JURADO,0027,2018-05-24 08:00:00.000,99.0
260276,0056015040,JURADO,0027,2018-05-24 09:00:00.000,97.0
260277,0056015040,JURADO,0027,2018-05-24 10:00:00.000,95.0
260278,0056015040,JURADO,0027,2018-05-24 11:00:00.000,82.0
260279,0056015040,JURADO,0027,2018-05-24 12:00:00.000,72.0
260280,0056015040,JURADO,0027,2018-05-24 13:00:00.000,74.0
260281,0056015040,JURADO,0027,2018-05-24 14:00:00.000,70.0
260282,0056015040,JURADO,0027,2018-05-24 15:00:00.000,74.0
260283,0056015040,JURADO,0027,2018-05-24 16:00:00.000,79.0
260284,0056015040,JURADO,0027,2018-05-24 17:00:00.000,76.0
260285,0056015040,JURADO,0027,2018-05-24 18:00:00.000,82.0
260286,0056015040,JURADO,0027,2018-05-24 19:00:00.000,84.0
260287,0056015040,JURADO,0027,2018-05-24 20:00:00.000,84.0
260288,0056015040,JURADO,0027,2018-05-24 21:00:00.000,89.0
260289,0056015040,JURADO,0027,2018-05-24 22:00:00.000,96.0
260290,0056015040,JURADO,0027,2018-05-24 23:00:00.000,98.0
260291,0056015040,JURADO,0027,2018-05-25 00:00:00.000,98.0
260292,0056015040,JURADO,0027,2018-05-25 01:00:00.000,99.0
260293,0056015040,JURADO,0027,2018-05-25 02:00:00.000,99.0
260294,0056015040,JURADO,0027,2018-05-25 03:00:00.000,99.0
260295,0056015040,JURADO,0027,2018-05-25 04:00:00.000,99.0
260296,0056015040,JURADO,0027,2018-05-25 05:00:00.000,99.0
260297,0056015040,JURADO,0027,2018-05-25 06:00:00.000,99.0
260298,0056015040,JURADO,0027,2018-05-25 07:00:00.000,98.0
260299,0056015040,JURADO,0027,2018-05-25 08:00:00.000,93.0
260300,0056015040,JURADO,0027,2018-05-25 09:00:00.000,90.0
260301,0056015040,JURADO,0027,2018-05-25 10:00:00.000,75.0
260302,0056015040,JURADO,0027,2018-05-25 11:00:00.000,79.0
260303,0056015040,JURADO,0027,2018-05-25 12:00:00.000,75.0
260304,0056015040,JURADO,0027,2018-05-25 13:00:00.000,73.0
260305,0056015040,JURADO,0027,2018-05-25 14:00:00.000,71.0
260306,0056015040,JURADO,0027,2018-05-25 15:00:00.000,76.0
260307,0056015040,JURADO,0027,2018-05-25 16:00:00.000,79.0
260308,0056015040,JURADO,0027,2018-05-25 17:00:00.000,87.0
260309,0056015040,JURADO,0027,2018-05-25 18:00:00.000,89.0
260310,0056015040,JURADO,0027,2018-05-25 19:00:00.000,90.0
260311,0056015040,JURADO,0027,2018-05-25 20:00:00.000,93.0
260312,0056015040,JURADO,0027,2018-05-25 21:00:00.000,95.0
260313,0056015040,JURADO,0027,2018-05-25 22:00:00.000,95.0
260314,0056015040,JURADO,0027,2018-05-25 23:00:00.000,95.0
260315,0056015040,JURADO,0027,2018-05-26 00:00:00.000,95.0
260316,0056015040,JURADO,0027,2018-05-26 01:00:00.000,96.0
260317,0056015040,JURADO,0027,2018-05-26 02:00:00.000,96.0
260318,0056015040,JURADO,0027,2018-05-26 03:00:00.000,96.0
260319,0056015040,JURADO,0027,2018-05-26 04:00:00.000,98.0
260320,0056015040,JURADO,0027,2018-05-26 05:00:00.000,99.0
260321,0056015040,JURADO,0027,2018-05-26 06:00:00.000,99.0
260322,0056015040,JURADO,0027,2018-05-26 07:00:00.000,99.0
260323,0056015040,JURADO,0027,2018-05-26 08:00:00.000,99.0
260324,0056015040,JURADO,0027,2018-05-26 09:00:00.000,99.0
260325,0056015040,JURADO,0027,2018-05-26 10:00:00.000,97.0
260326,0056015040,JURADO,0027,2018-05-26 11:00:00.000,94.0
260327,0056015040,JURADO,0027,2018-05-26 12:00:00.000,97.0
260328,0056015040,JURADO,0027,2018-05-26 13:00:00.000,97.0
260329,0056015040,JURADO,0027,2018-05-26 14:00:00.000,98.0
260330,0056015040,JURADO,0027,2018-05-26 15:00:00.000,98.0
260331,0056015040,JURADO,0027,2018-05-26 16:00:00.000,97.0
260332,0056015040,JURADO,0027,2018-05-26 17:00:00.000,98.0
260333,0056015040,JURADO,0027,2018-05-26 18:00:00.000,99.0
260334,0056015040,JURADO,0027,2018-05-26 19:00:00.000,99.0
260335,0056015040,JURADO,0027,2018-05-26 20:00:00.000,99.0
260336,0056015040,JURADO,0027,2018-05-26 21:00:00.000,99.0
260337,0056015040,JURADO,0027,2018-05-26 22:00:00.000,99.0
260338,0056015040,JURADO,0027,2018-05-26 23:00:00.000,99.0
260339,0056015040,JURADO,0027,2018-05-27 00:00:00.000,99.0
260340,0056015040,JURADO,0027,2018-05-27 01:00:00.000,99.0
260341,0056015040,JURADO,0027,2018-05-27 02:00:00.000,99.0
260342,0056015040,JURADO,0027,2018-05-27 03:00:00.000,99.0
260343,0056015040,JURADO,0027,2018-05-27 04:00:00.000,98.0
260344,0056015040,JURADO,0027,2018-05-27 05:00:00.000,97.0
260345,0056015040,JURADO,0027,2018-05-27 06:00:00.000,97.0
260346,0056015040,JURADO,0027,2018-05-27 07:00:00.000,91.0
260347,0056015040,JURADO,0027,2018-05-27 08:00:00.000,86.0
260348,0056015040,JURADO,0027,2018-05-27 09:00:00.000,92.0
260349,0056015040,JURADO,0027,2018-05-27 10:00:00.000,86.0
260350,0056015040,JURADO,0027,2018-05-27 11:00:00.000,80.0
260351,0056015040,JURADO,0027,2018-05-27 12:00:00.000,79.0
260352,0056015040,JURADO,0027,2018-05-27 13:00:00.000,80.0
260353,0056015040,JURADO,0027,2018-05-27 14:00:00.000,83.0
260354,0056015040,JURADO,0027,2018-05-27 15:00:00.000,77.0
260355,0056015040,JURADO,0027,2018-05-27 16:00:00.000,83.0
260356,0056015040,JURADO,0027,2018-05-27 17:00:00.000,84.0
260357,0056015040,JURADO,0027,2018-05-27 18:00:00.000,86.0
260358,0056015040,JURADO,0027,2018-05-27 19:00:00.000,94.0
260359,0056015040,JURADO,0027,2018-05-27 20:00:00.000,97.0
260360,0056015040,JURADO,0027,2018-05-27 21:00:00.000,97.0
260361,0056015040,JURADO,0027,2018-05-27 22:00:00.000,97.0
260362,0056015040,JURADO,0027,2018-05-27 23:00:00.000,98.0
260363,0056015040,JURADO,0027,2018-05-28 00:00:00.000,98.0
260364,0056015040,JURADO,0027,2018-05-28 01:00:00.000,97.0
260365,0056015040,JURADO,0027,2018-05-28 02:00:00.000,97.0
260366,0056015040,JURADO,0027,2018-05-28 03:00:00.000,97.0
260367,0056015040,JURADO,0027,2018-05-28 04:00:00.000,97.0
260368,0056015040,JURADO,0027,2018-05-28 05:00:00.000,97.0
260369,0056015040,JURADO,0027,2018-05-28 06:00:00.000,97.0
260370,0056015040,JURADO,0027,2018-05-28 07:00:00.000,98.0
260371,0056015040,JURADO,0027,2018-05-28 08:00:00.000,97.0
260372,0056015040,JURADO,0027,2018-05-28 09:00:00.000,96.0
260373,0056015040,JURADO,0027,2018-05-28 10:00:00.000,81.0
260374,0056015040,JURADO,0027,2018-05-28 11:00:00.000,79.0
260375,0056015040,JURADO,0027,2018-05-28 12:00:00.000,78.0
260376,0056015040,JURADO,0027,2018-05-28 13:00:00.000,70.0
260377,0056015040,JURADO,0027,2018-05-28 14:00:00.000,81.0
260378,0056015040,JURADO,0027,2018-05-28 15:00:00.000,63.0
260379,0056015040,JURADO,0027,2018-05-28 16:00:00.000,78.0
260380,0056015040,JURADO,0027,2018-05-28 17:00:00.000,81.0
260381,0056015040,JURADO,0027,2018-05-28 18:00:00.000,84.0
260382,0056015040,JURADO,0027,2018-05-28 19:00:00.000,89.0
260383,0056015040,JURADO,0027,2018-05-28 20:00:00.000,95.0
260384,0056015040,JURADO,0027,2018-05-28 21:00:00.000,96.0
260385,0056015040,JURADO,0027,2018-05-28 22:00:00.000,96.0
260386,0056015040,JURADO,0027,2018-05-28 23:00:00.000,96.0
260387,0056015040,JURADO,0027,2018-05-29 00:00:00.000,96.0
260388,0056015040,JURADO,0027,2018-05-29 01:00:00.000,97.0
260389,0056015040,JURADO,0027,2018-05-29 02:00:00.000,96.0
260390,0056015040,JURADO,0027,2018-05-29 03:00:00.000,98.0
260391,0056015040,JURADO,0027,2018-05-29 04:00:00.000,98.0
260392,0056015040,JURADO,0027,2018-05-29 05:00:00.000,98.0
260393,0056015040,JURADO,0027,2018-05-29 06:00:00.000,98.0
260394,0056015040,JURADO,0027,2018-05-29 07:00:00.000,98.0
260395,0056015040,JURADO,0027,2018-05-29 08:00:00.000,98.0
260396,0056015040,JURADO,0027,2018-05-29 09:00:00.000,97.0
260397,0056015040,JURADO,0027,2018-05-29 10:00:00.000,97.0
260398,0056015040,JURADO,0027,2018-05-29 11:00:00.000,93.0
260399,0056015040,JURADO,0027,2018-05-29 12:00:00.000,77.0
260400,0056015040,JURADO,0027,2018-05-29 13:00:00.000,76.0
260401,0056015040,JURADO,0027,2018-05-29 14:00:00.000,75.0
260402,0056015040,JURADO,0027,2018-05-29 15:00:00.000,80.0
260403,0056015040,JURADO,0027,2018-05-29 16:00:00.000,96.0
260404,0056015040,JURADO,0027,2018-05-29 17:00:00.000,99.0
260405,0056015040,JURADO,0027,2018-05-29 18:00:00.000,99.0
260406,0056015040,JURADO,0027,2018-05-29 19:00:00.000,99.0
260407,0056015040,JURADO,0027,2018-05-29 20:00:00.000,99.0
260408,0056015040,JURADO,0027,2018-05-29 21:00:00.000,99.0
260409,0056015040,JURADO,0027,2018-05-29 22:00:00.000,99.0
260410,0056015040,JURADO,0027,2018-05-29 23:00:00.000,99.0
260411,0056015040,JURADO,0027,2018-05-30 00:00:00.000,99.0
260412,0056015040,JURADO,0027,2018-05-30 01:00:00.000,99.0
260413,0056015040,JURADO,0027,2018-05-30 02:00:00.000,99.0
260414,0056015040,JURADO,0027,2018-05-30 03:00:00.000,99.0
260415,0056015040,JURADO,0027,2018-05-30 04:00:00.000,99.0
260416,0056015040,JURADO,0027,2018-05-30 05:00:00.000,99.0
260417,0056015040,JURADO,0027,2018-05-30 06:00:00.000,99.0
260418,0056015040,JURADO,0027,2018-05-30 07:00:00.000,98.0
260419,0056015040,JURADO,0027,2018-05-30 08:00:00.000,95.0
260420,0056015040,JURADO,0027,2018-05-30 09:00:00.000,92.0
260421,0056015040,JURADO,0027,2018-05-30 10:00:00.000,76.0
260422,0056015040,JURADO,0027,2018-05-30 11:00:00.000,78.0
260423,0056015040,JURADO,0027,2018-05-30 12:00:00.000,72.0
260424,0056015040,JURADO,0027,2018-05-30 13:00:00.000,76.0
260425,0056015040,JURADO,0027,2018-05-30 14:00:00.000,63.0
260426,0056015040,JURADO,0027,2018-05-30 15:00:00.000,78.0
260427,0056015040,JURADO,0027,2018-05-30 16:00:00.000,81.0
260428,0056015040,JURADO,0027,2018-05-30 17:00:00.000,83.0
260429,0056015040,JURADO,0027,2018-05-30 18:00:00.000,86.0
260430,0056015040,JURADO,0027,2018-05-30 19:00:00.000,93.0
260431,0056015040,JURADO,0027,2018-05-30 20:00:00.000,96.0
260432,0056015040,JURADO,0027,2018-05-30 21:00:00.000,96.0
260433,0056015040,JURADO,0027,2018-05-30 22:00:00.000,97.0
260434,0056015040,JURADO,0027,2018-05-30 23:00:00.000,97.0
260435,0056015040,JURADO,0027,2018-05-31 00:00:00.000,96.0
260436,0056015040,JURADO,0027,2018-05-31 01:00:00.000,96.0
260437,0056015040,JURADO,0027,2018-05-31 02:00:00.000,97.0
260438,0056015040,JURADO,0027,2018-05-31 03:00:00.000,96.0
260439,0056015040,JURADO,0027,2018-05-31 04:00:00.000,96.0
260440,0056015040,JURADO,0027,2018-05-31 05:00:00.000,97.0
260441,0056015040,JURADO,0027,2018-05-31 06:00:00.000,97.0
260442,0056015040,JURADO,0027,2018-05-31 07:00:00.000,92.0
260443,0056015040,JURADO,0027,2018-05-31 08:00:00.000,81.0
260444,0056015040,JURADO,0027,2018-05-31 09:00:00.000,75.0
260445,0056015040,JURADO,0027,2018-05-31 10:00:00.000,60.0
260446,0056015040,JURADO,0027,2018-05-31 11:00:00.000,68.0
260447,0056015040,JURADO,0027,2018-05-31 12:00:00.000,68.0
260448,0056015040,JURADO,0027,2018-05-31 13:00:00.000,73.0
260449,0056015040,JURADO,0027,2018-05-31 14:00:00.000,63.0
260450,0056015040,JURADO,0027,2018-05-31 15:00:00.000,61.0
260451,0056015040,JURADO,0027,2018-05-31 16:00:00.000,80.0
260452,0056015040,JURADO,0027,2018-05-31 17:00:00.000,82.0
260453,0056015040,JURADO,0027,2018-05-31 18:00:00.000,85.0
260454,0056015040,JURADO,0027,2018-05-31 19:00:00.000,89.0
260455,0056015040,JURADO,0027,2018-05-31 20:00:00.000,87.0
260456,0056015040,JURADO,0027,2018-05-31 21:00:00.000,92.0
260457,0056015040,JURADO,0027,2018-05-31 22:00:00.000,93.0
260458,0056015040,JURADO,0027,2018-05-31 23:00:00.000,95.0
260459,0056015040,JURADO,0027,2018-06-01 00:00:00.000,96.0
260460,0056015040,JURADO,0027,2018-06-01 01:00:00.000,95.0
260461,0056015040,JURADO,0027,2018-06-01 02:00:00.000,96.0
260462,0056015040,JURADO,0027,2018-06-01 03:00:00.000,98.0
260463,0056015040,JURADO,0027,2018-06-01 04:00:00.000,99.0
260464,0056015040,JURADO,0027,2018-06-01 05:00:00.000,99.0
260465,0056015040,JURADO,0027,2018-06-01 06:00:00.000,99.0
260466,0056015040,JURADO,0027,2018-06-01 07:00:00.000,99.0
260467,0056015040,JURADO,0027,2018-06-01 08:00:00.000,99.0
260468,0056015040,JURADO,0027,2018-06-01 09:00:00.000,99.0
260469,0056015040,JURADO,0027,2018-06-01 10:00:00.000,99.0
260470,0056015040,JURADO,0027,2018-06-01 11:00:00.000,99.0
260471,0056015040,JURADO,0027,2018-06-01 12:00:00.000,99.0
260472,0056015040,JURADO,0027,2018-06-01 14:00:00.000,99.0
260473,0056015040,JURADO,0027,2018-06-01 15:00:00.000,98.0
260474,0056015040,JURADO,0027,2018-06-01 16:00:00.000,98.0
260475,0056015040,JURADO,0027,2018-06-01 17:00:00.000,98.0
260476,0056015040,JURADO,0027,2018-06-01 18:00:00.000,99.0
260477,0056015040,JURADO,0027,2018-06-01 19:00:00.000,99.0
260478,0056015040,JURADO,0027,2018-06-01 20:00:00.000,98.0
260479,0056015040,JURADO,0027,2018-06-01 21:00:00.000,98.0
260480,0056015040,JURADO,0027,2018-06-01 22:00:00.000,96.0
260481,0056015040,JURADO,0027,2018-06-01 23:00:00.000,96.0
260482,0056015040,JURADO,0027,2018-06-02 00:00:00.000,95.0
260483,0056015040,JURADO,0027,2018-06-02 01:00:00.000,95.0
260484,0056015040,JURADO,0027,2018-06-02 02:00:00.000,95.0
260485,0056015040,JURADO,0027,2018-06-02 03:00:00.000,95.0
260486,0056015040,JURADO,0027,2018-06-02 04:00:00.000,97.0
260487,0056015040,JURADO,0027,2018-06-02 05:00:00.000,97.0
260488,0056015040,JURADO,0027,2018-06-02 06:00:00.000,97.0
260489,0056015040,JURADO,0027,2018-06-02 07:00:00.000,92.0
260490,0056015040,JURADO,0027,2018-06-02 08:00:00.000,82.0
260491,0056015040,JURADO,0027,2018-06-02 09:00:00.000,74.0
260492,0056015040,JURADO,0027,2018-06-02 10:00:00.000,72.0
260493,0056015040,JURADO,0027,2018-06-02 11:00:00.000,68.0
260494,0056015040,JURADO,0027,2018-06-02 12:00:00.000,69.0
260495,0056015040,JURADO,0027,2018-06-02 13:00:00.000,69.0
260496,0056015040,JURADO,0027,2018-06-02 14:00:00.000,67.0
260497,0056015040,JURADO,0027,2018-06-02 15:00:00.000,64.0
260498,0056015040,JURADO,0027,2018-06-02 16:00:00.000,76.0
260499,0056015040,JURADO,0027,2018-06-02 17:00:00.000,79.0
260500,0056015040,JURADO,0027,2018-06-02 18:00:00.000,85.0
260501,0056015040,JURADO,0027,2018-06-02 19:00:00.000,83.0
260502,0056015040,JURADO,0027,2018-06-02 20:00:00.000,94.0
260503,0056015040,JURADO,0027,2018-06-02 21:00:00.000,96.0
260504,0056015040,JURADO,0027,2018-06-02 22:00:00.000,97.0
260505,0056015040,JURADO,0027,2018-06-02 23:00:00.000,97.0
260506,0056015040,JURADO,0027,2018-06-03 00:00:00.000,98.0
260507,0056015040,JURADO,0027,2018-06-03 01:00:00.000,97.0
260508,0056015040,JURADO,0027,2018-06-03 02:00:00.000,98.0
260509,0056015040,JURADO,0027,2018-06-03 03:00:00.000,97.0
260510,0056015040,JURADO,0027,2018-06-03 04:00:00.000,98.0
260511,0056015040,JURADO,0027,2018-06-03 05:00:00.000,98.0
260512,0056015040,JURADO,0027,2018-06-03 06:00:00.000,98.0
260513,0056015040,JURADO,0027,2018-06-03 07:00:00.000,95.0
260514,0056015040,JURADO,0027,2018-06-03 08:00:00.000,93.0
260515,0056015040,JURADO,0027,2018-06-03 09:00:00.000,82.0
260516,0056015040,JURADO,0027,2018-06-03 10:00:00.000,65.0
260517,0056015040,JURADO,0027,2018-06-03 11:00:00.000,62.0
260518,0056015040,JURADO,0027,2018-06-03 12:00:00.000,66.0
260519,0056015040,JURADO,0027,2018-06-03 13:00:00.000,68.0
260520,0056015040,JURADO,0027,2018-06-03 14:00:00.000,61.0
260521,0056015040,JURADO,0027,2018-06-03 15:00:00.000,96.0
260522,0056015040,JURADO,0027,2018-06-03 16:00:00.000,95.0
260523,0056015040,JURADO,0027,2018-06-03 17:00:00.000,88.0
260524,0056015040,JURADO,0027,2018-06-03 18:00:00.000,92.0
260525,0056015040,JURADO,0027,2018-06-03 19:00:00.000,95.0
260526,0056015040,JURADO,0027,2018-06-03 20:00:00.000,96.0
260527,0056015040,JURADO,0027,2018-06-03 21:00:00.000,97.0
260528,0056015040,JURADO,0027,2018-06-03 22:00:00.000,98.0
260529,0056015040,JURADO,0027,2018-06-03 23:00:00.000,98.0
260530,0056015040,JURADO,0027,2018-06-04 00:00:00.000,99.0
260531,0056015040,JURADO,0027,2018-06-04 01:00:00.000,99.0
260532,0056015040,JURADO,0027,2018-06-04 02:00:00.000,99.0
260533,0056015040,JURADO,0027,2018-06-04 03:00:00.000,99.0
260534,0056015040,JURADO,0027,2018-06-04 04:00:00.000,99.0
260535,0056015040,JURADO,0027,2018-06-04 05:00:00.000,99.0
260536,0056015040,JURADO,0027,2018-06-04 06:00:00.000,99.0
260537,0056015040,JURADO,0027,2018-06-04 07:00:00.000,99.0
260538,0056015040,JURADO,0027,2018-06-04 08:00:00.000,96.0
260539,0056015040,JURADO,0027,2018-06-04 09:00:00.000,79.0
260540,0056015040,JURADO,0027,2018-06-04 10:00:00.000,72.0
260541,0056015040,JURADO,0027,2018-06-04 11:00:00.000,70.0
260542,0056015040,JURADO,0027,2018-06-04 12:00:00.000,74.0
260543,0056015040,JURADO,0027,2018-06-04 13:00:00.000,90.0
260544,0056015040,JURADO,0027,2018-06-04 14:00:00.000,97.0
260545,0056015040,JURADO,0027,2018-06-04 15:00:00.000,91.0
260546,0056015040,JURADO,0027,2018-06-04 16:00:00.000,97.0
260547,0056015040,JURADO,0027,2018-06-04 17:00:00.000,97.0
260548,0056015040,JURADO,0027,2018-06-04 18:00:00.000,98.0
260549,0056015040,JURADO,0027,2018-06-04 19:00:00.000,99.0
260550,0056015040,JURADO,0027,2018-06-04 20:00:00.000,98.0
260551,0056015040,JURADO,0027,2018-06-04 21:00:00.000,98.0
260552,0056015040,JURADO,0027,2018-06-04 22:00:00.000,99.0
260553,0056015040,JURADO,0027,2018-06-04 23:00:00.000,99.0
260554,0056015040,JURADO,0027,2018-06-05 00:00:00.000,99.0
260555,0056015040,JURADO,0027,2018-06-05 01:00:00.000,99.0
260556,0056015040,JURADO,0027,2018-06-05 02:00:00.000,99.0
260557,0056015040,JURADO,0027,2018-06-05 03:00:00.000,99.0
260558,0056015040,JURADO,0027,2018-06-05 04:00:00.000,99.0
260559,0056015040,JURADO,0027,2018-06-05 05:00:00.000,99.0
260560,0056015040,JURADO,0027,2018-06-05 06:00:00.000,99.0
260561,0056015040,JURADO,0027,2018-06-05 07:00:00.000,98.0
260562,0056015040,JURADO,0027,2018-06-05 08:00:00.000,95.0
260563,0056015040,JURADO,0027,2018-06-05 09:00:00.000,83.0
260564,0056015040,JURADO,0027,2018-06-05 10:00:00.000,72.0
260565,0056015040,JURADO,0027,2018-06-05 11:00:00.000,70.0
260566,0056015040,JURADO,0027,2018-06-05 12:00:00.000,74.0
260567,0056015040,JURADO,0027,2018-06-05 13:00:00.000,81.0
260568,0056015040,JURADO,0027,2018-06-05 14:00:00.000,90.0
260569,0056015040,JURADO,0027,2018-06-05 15:00:00.000,70.0
260570,0056015040,JURADO,0027,2018-06-05 16:00:00.000,74.0
260571,0056015040,JURADO,0027,2018-06-05 17:00:00.000,83.0
260572,0056015040,JURADO,0027,2018-06-05 18:00:00.000,87.0
260573,0056015040,JURADO,0027,2018-06-05 19:00:00.000,86.0
260574,0056015040,JURADO,0027,2018-06-05 20:00:00.000,98.0
260575,0056015040,JURADO,0027,2018-06-05 21:00:00.000,99.0
260576,0056015040,JURADO,0027,2018-06-05 22:00:00.000,99.0
260577,0056015040,JURADO,0027,2018-06-05 23:00:00.000,99.0
260578,0056015040,JURADO,0027,2018-06-06 00:00:00.000,99.0
260579,0056015040,JURADO,0027,2018-06-06 01:00:00.000,99.0
260580,0056015040,JURADO,0027,2018-06-06 02:00:00.000,99.0
260581,0056015040,JURADO,0027,2018-06-06 03:00:00.000,99.0
260582,0056015040,JURADO,0027,2018-06-06 04:00:00.000,99.0
260583,0056015040,JURADO,0027,2018-06-06 05:00:00.000,99.0
260584,0056015040,JURADO,0027,2018-06-06 06:00:00.000,99.0
260585,0056015040,JURADO,0027,2018-06-06 07:00:00.000,99.0
260586,0056015040,JURADO,0027,2018-06-06 08:00:00.000,99.0
260587,0056015040,JURADO,0027,2018-06-06 09:00:00.000,99.0
260588,0056015040,JURADO,0027,2018-06-06 10:00:00.000,99.0
260589,0056015040,JURADO,0027,2018-06-06 11:00:00.000,99.0
260590,0056015040,JURADO,0027,2018-06-06 12:00:00.000,99.0
260591,0056015040,JURADO,0027,2018-06-06 13:00:00.000,98.0
260592,0056015040,JURADO,0027,2018-06-06 14:00:00.000,98.0
260593,0056015040,JURADO,0027,2018-06-06 15:00:00.000,98.0
260594,0056015040,JURADO,0027,2018-06-06 16:00:00.000,97.0
260595,0056015040,JURADO,0027,2018-06-06 17:00:00.000,98.0
260596,0056015040,JURADO,0027,2018-06-06 18:00:00.000,99.0
260597,0056015040,JURADO,0027,2018-06-06 19:00:00.000,99.0
260598,0056015040,JURADO,0027,2018-06-06 20:00:00.000,99.0
260599,0056015040,JURADO,0027,2018-06-06 21:00:00.000,99.0
260600,0056015040,JURADO,0027,2018-06-06 22:00:00.000,99.0
260601,0056015040,JURADO,0027,2018-06-06 23:00:00.000,99.0
260602,0056015040,JURADO,0027,2018-06-07 00:00:00.000,99.0
260603,0056015040,JURADO,0027,2018-06-07 01:00:00.000,99.0
260604,0056015040,JURADO,0027,2018-06-07 02:00:00.000,99.0
260605,0056015040,JURADO,0027,2018-06-07 03:00:00.000,99.0
260606,0056015040,JURADO,0027,2018-06-07 04:00:00.000,99.0
260607,0056015040,JURADO,0027,2018-06-07 05:00:00.000,99.0
260608,0056015040,JURADO,0027,2018-06-07 06:00:00.000,99.0
260609,0056015040,JURADO,0027,2018-06-07 07:00:00.000,98.0
260610,0056015040,JURADO,0027,2018-06-07 08:00:00.000,98.0
260611,0056015040,JURADO,0027,2018-06-07 09:00:00.000,92.0
260612,0056015040,JURADO,0027,2018-06-07 10:00:00.000,90.0
260613,0056015040,JURADO,0027,2018-06-07 11:00:00.000,75.0
260614,0056015040,JURADO,0027,2018-06-07 12:00:00.000,81.0
260615,0056015040,JURADO,0027,2018-06-07 13:00:00.000,76.0
260616,0056015040,JURADO,0027,2018-06-07 14:00:00.000,68.0
260617,0056015040,JURADO,0027,2018-06-07 15:00:00.000,65.0
260618,0056015040,JURADO,0027,2018-06-07 16:00:00.000,79.0
260619,0056015040,JURADO,0027,2018-06-07 17:00:00.000,97.0
260620,0056015040,JURADO,0027,2018-06-07 18:00:00.000,98.0
260621,0056015040,JURADO,0027,2018-06-07 19:00:00.000,98.0
260622,0056015040,JURADO,0027,2018-06-07 20:00:00.000,98.0
260623,0056015040,JURADO,0027,2018-06-07 21:00:00.000,98.0
260624,0056015040,JURADO,0027,2018-06-07 22:00:00.000,98.0
260625,0056015040,JURADO,0027,2018-06-07 23:00:00.000,96.0
260626,0056015040,JURADO,0027,2018-06-08 00:00:00.000,96.0
260627,0056015040,JURADO,0027,2018-06-08 01:00:00.000,97.0
260628,0056015040,JURADO,0027,2018-06-08 02:00:00.000,97.0
260629,0056015040,JURADO,0027,2018-06-08 03:00:00.000,97.0
260630,0056015040,JURADO,0027,2018-06-08 04:00:00.000,97.0
260631,0056015040,JURADO,0027,2018-06-08 05:00:00.000,97.0
260632,0056015040,JURADO,0027,2018-06-08 06:00:00.000,99.0
260633,0056015040,JURADO,0027,2018-06-08 07:00:00.000,99.0
260634,0056015040,JURADO,0027,2018-06-08 08:00:00.000,99.0
260635,0056015040,JURADO,0027,2018-06-08 09:00:00.000,99.0
260636,0056015040,JURADO,0027,2018-06-08 10:00:00.000,99.0
260637,0056015040,JURADO,0027,2018-06-08 11:00:00.000,96.0
260638,0056015040,JURADO,0027,2018-06-08 12:00:00.000,94.0
260639,0056015040,JURADO,0027,2018-06-08 13:00:00.000,92.0
260640,0056015040,JURADO,0027,2018-06-08 14:00:00.000,76.0
260641,0056015040,JURADO,0027,2018-06-08 15:00:00.000,77.0
260642,0056015040,JURADO,0027,2018-06-08 16:00:00.000,82.0
260643,0056015040,JURADO,0027,2018-06-08 17:00:00.000,84.0
260644,0056015040,JURADO,0027,2018-06-08 18:00:00.000,88.0
260645,0056015040,JURADO,0027,2018-06-08 19:00:00.000,87.0
260646,0056015040,JURADO,0027,2018-06-08 20:00:00.000,98.0
260647,0056015040,JURADO,0027,2018-06-08 21:00:00.000,99.0
260648,0056015040,JURADO,0027,2018-06-08 22:00:00.000,99.0
260649,0056015040,JURADO,0027,2018-06-08 23:00:00.000,99.0
260650,0056015040,JURADO,0027,2018-06-09 00:00:00.000,99.0
260651,0056015040,JURADO,0027,2018-06-09 01:00:00.000,99.0
260652,0056015040,JURADO,0027,2018-06-09 02:00:00.000,99.0
260653,0056015040,JURADO,0027,2018-06-09 03:00:00.000,99.0
260654,0056015040,JURADO,0027,2018-06-09 04:00:00.000,99.0
260655,0056015040,JURADO,0027,2018-06-09 05:00:00.000,99.0
260656,0056015040,JURADO,0027,2018-06-09 06:00:00.000,99.0
260657,0056015040,JURADO,0027,2018-06-09 07:00:00.000,99.0
260658,0056015040,JURADO,0027,2018-06-09 08:00:00.000,99.0
260659,0056015040,JURADO,0027,2018-06-09 09:00:00.000,99.0
260660,0056015040,JURADO,0027,2018-06-09 10:00:00.000,99.0
260661,0056015040,JURADO,0027,2018-06-09 11:00:00.000,99.0
260662,0056015040,JURADO,0027,2018-06-09 12:00:00.000,99.0
260663,0056015040,JURADO,0027,2018-06-09 13:00:00.000,99.0
260664,0056015040,JURADO,0027,2018-06-09 14:00:00.000,98.0
260665,0056015040,JURADO,0027,2018-06-09 15:00:00.000,99.0
260666,0056015040,JURADO,0027,2018-06-09 16:00:00.000,99.0
260667,0056015040,JURADO,0027,2018-06-09 17:00:00.000,98.0
260668,0056015040,JURADO,0027,2018-06-09 18:00:00.000,99.0
260669,0056015040,JURADO,0027,2018-06-09 19:00:00.000,99.0
260670,0056015040,JURADO,0027,2018-06-09 20:00:00.000,99.0
260671,0056015040,JURADO,0027,2018-06-09 21:00:00.000,99.0
260672,0056015040,JURADO,0027,2018-06-09 22:00:00.000,99.0
260673,0056015040,JURADO,0027,2018-06-09 23:00:00.000,99.0
260674,0056015040,JURADO,0027,2018-06-10 00:00:00.000,99.0
260675,0056015040,JURADO,0027,2018-06-10 01:00:00.000,99.0
260676,0056015040,JURADO,0027,2018-06-10 02:00:00.000,99.0
260677,0056015040,JURADO,0027,2018-06-10 03:00:00.000,99.0
260678,0056015040,JURADO,0027,2018-06-10 04:00:00.000,99.0
260679,0056015040,JURADO,0027,2018-06-10 05:00:00.000,99.0
260680,0056015040,JURADO,0027,2018-06-10 06:00:00.000,99.0
260681,0056015040,JURADO,0027,2018-06-10 07:00:00.000,99.0
260682,0056015040,JURADO,0027,2018-06-10 08:00:00.000,98.0
260683,0056015040,JURADO,0027,2018-06-10 09:00:00.000,97.0
260684,0056015040,JURADO,0027,2018-06-10 10:00:00.000,97.0
260685,0056015040,JURADO,0027,2018-06-10 11:00:00.000,97.0
260686,0056015040,JURADO,0027,2018-06-10 12:00:00.000,95.0
260687,0056015040,JURADO,0027,2018-06-10 13:00:00.000,97.0
260688,0056015040,JURADO,0027,2018-06-10 14:00:00.000,98.0
260689,0056015040,JURADO,0027,2018-06-10 15:00:00.000,99.0
260690,0056015040,JURADO,0027,2018-06-10 16:00:00.000,97.0
260691,0056015040,JURADO,0027,2018-06-10 17:00:00.000,98.0
260692,0056015040,JURADO,0027,2018-06-10 18:00:00.000,98.0
260693,0056015040,JURADO,0027,2018-06-10 19:00:00.000,99.0
260694,0056015040,JURADO,0027,2018-06-10 20:00:00.000,99.0
260695,0056015040,JURADO,0027,2018-06-10 21:00:00.000,99.0
260696,0056015040,JURADO,0027,2018-06-10 22:00:00.000,99.0
260697,0056015040,JURADO,0027,2018-06-10 23:00:00.000,99.0
260698,0056015040,JURADO,0027,2018-06-11 00:00:00.000,99.0
260699,0056015040,JURADO,0027,2018-06-11 01:00:00.000,99.0
260700,0056015040,JURADO,0027,2018-06-11 02:00:00.000,99.0
260701,0056015040,JURADO,0027,2018-06-11 03:00:00.000,99.0
260702,0056015040,JURADO,0027,2018-06-11 04:00:00.000,99.0
260703,0056015040,JURADO,0027,2018-06-11 05:00:00.000,99.0
260704,0056015040,JURADO,0027,2018-06-11 06:00:00.000,99.0
260705,0056015040,JURADO,0027,2018-06-11 07:00:00.000,98.0
260706,0056015040,JURADO,0027,2018-06-11 08:00:00.000,88.0
260707,0056015040,JURADO,0027,2018-06-11 09:00:00.000,70.0
260708,0056015040,JURADO,0027,2018-06-11 10:00:00.000,73.0
260709,0056015040,JURADO,0027,2018-06-11 11:00:00.000,67.0
260710,0056015040,JURADO,0027,2018-06-11 12:00:00.000,75.0
260711,0056015040,JURADO,0027,2018-06-11 13:00:00.000,75.0
260712,0056015040,JURADO,0027,2018-06-11 14:00:00.000,72.0
260713,0056015040,JURADO,0027,2018-06-11 15:00:00.000,70.0
260714,0056015040,JURADO,0027,2018-06-11 16:00:00.000,72.0
260715,0056015040,JURADO,0027,2018-06-11 17:00:00.000,86.0
260716,0056015040,JURADO,0027,2018-06-11 18:00:00.000,90.0
260717,0056015040,JURADO,0027,2018-06-11 19:00:00.000,98.0
260718,0056015040,JURADO,0027,2018-06-11 20:00:00.000,99.0
260719,0056015040,JURADO,0027,2018-06-11 21:00:00.000,98.0
260720,0056015040,JURADO,0027,2018-06-11 22:00:00.000,98.0
260721,0056015040,JURADO,0027,2018-06-11 23:00:00.000,98.0
260722,0056015040,JURADO,0027,2018-06-12 00:00:00.000,98.0
260723,0056015040,JURADO,0027,2018-06-12 01:00:00.000,98.0
260724,0056015040,JURADO,0027,2018-06-12 02:00:00.000,98.0
260725,0056015040,JURADO,0027,2018-06-12 03:00:00.000,98.0
260726,0056015040,JURADO,0027,2018-06-12 04:00:00.000,98.0
260727,0056015040,JURADO,0027,2018-06-12 05:00:00.000,98.0
260728,0056015040,JURADO,0027,2018-06-12 06:00:00.000,98.0
260729,0056015040,JURADO,0027,2018-06-12 07:00:00.000,97.0
260730,0056015040,JURADO,0027,2018-06-12 08:00:00.000,96.0
260731,0056015040,JURADO,0027,2018-06-12 09:00:00.000,92.0
260732,0056015040,JURADO,0027,2018-06-12 10:00:00.000,76.0
260733,0056015040,JURADO,0027,2018-06-12 11:00:00.000,72.0
260734,0056015040,JURADO,0027,2018-06-12 12:00:00.000,74.0
260735,0056015040,JURADO,0027,2018-06-12 13:00:00.000,73.0
260736,0056015040,JURADO,0027,2018-06-12 14:00:00.000,81.0
260737,0056015040,JURADO,0027,2018-06-12 15:00:00.000,68.0
260738,0056015040,JURADO,0027,2018-06-12 16:00:00.000,82.0
260739,0056015040,JURADO,0027,2018-06-12 17:00:00.000,81.0
260740,0056015040,JURADO,0027,2018-06-12 18:00:00.000,87.0
260741,0056015040,JURADO,0027,2018-06-12 19:00:00.000,88.0
260742,0056015040,JURADO,0027,2018-06-12 20:00:00.000,88.0
260743,0056015040,JURADO,0027,2018-06-12 21:00:00.000,91.0
260744,0056015040,JURADO,0027,2018-06-12 22:00:00.000,93.0
260745,0056015040,JURADO,0027,2018-06-12 23:00:00.000,95.0
260746,0056015040,JURADO,0027,2018-06-13 00:00:00.000,95.0
260747,0056015040,JURADO,0027,2018-06-13 01:00:00.000,96.0
260748,0056015040,JURADO,0027,2018-06-13 02:00:00.000,96.0
260749,0056015040,JURADO,0027,2018-06-13 03:00:00.000,96.0
260750,0056015040,JURADO,0027,2018-06-13 04:00:00.000,96.0
260751,0056015040,JURADO,0027,2018-06-13 05:00:00.000,97.0
260752,0056015040,JURADO,0027,2018-06-13 06:00:00.000,97.0
260753,0056015040,JURADO,0027,2018-06-13 07:00:00.000,95.0
260754,0056015040,JURADO,0027,2018-06-13 08:00:00.000,88.0
260755,0056015040,JURADO,0027,2018-06-13 09:00:00.000,74.0
260756,0056015040,JURADO,0027,2018-06-13 10:00:00.000,65.0
260757,0056015040,JURADO,0027,2018-06-13 11:00:00.000,72.0
260758,0056015040,JURADO,0027,2018-06-13 12:00:00.000,69.0
260759,0056015040,JURADO,0027,2018-06-13 13:00:00.000,72.0
260760,0056015040,JURADO,0027,2018-06-13 14:00:00.000,68.0
260761,0056015040,JURADO,0027,2018-06-13 15:00:00.000,76.0
260762,0056015040,JURADO,0027,2018-06-13 16:00:00.000,74.0
260763,0056015040,JURADO,0027,2018-06-13 17:00:00.000,82.0
260764,0056015040,JURADO,0027,2018-06-13 18:00:00.000,86.0
260765,0056015040,JURADO,0027,2018-06-13 19:00:00.000,88.0
260766,0056015040,JURADO,0027,2018-06-13 20:00:00.000,95.0
260767,0056015040,JURADO,0027,2018-06-13 21:00:00.000,96.0
260768,0056015040,JURADO,0027,2018-06-13 22:00:00.000,98.0
260769,0056015040,JURADO,0027,2018-06-13 23:00:00.000,98.0
260770,0056015040,JURADO,0027,2018-06-14 00:00:00.000,98.0
260771,0056015040,JURADO,0027,2018-06-14 01:00:00.000,98.0
260772,0056015040,JURADO,0027,2018-06-14 02:00:00.000,98.0
260773,0056015040,JURADO,0027,2018-06-14 03:00:00.000,99.0
260774,0056015040,JURADO,0027,2018-06-14 04:00:00.000,99.0
260775,0056015040,JURADO,0027,2018-06-14 05:00:00.000,99.0
260776,0056015040,JURADO,0027,2018-06-14 06:00:00.000,99.0
260777,0056015040,JURADO,0027,2018-06-14 07:00:00.000,98.0
260778,0056015040,JURADO,0027,2018-06-14 08:00:00.000,95.0
260779,0056015040,JURADO,0027,2018-06-14 09:00:00.000,93.0
260780,0056015040,JURADO,0027,2018-06-14 10:00:00.000,72.0
260781,0056015040,JURADO,0027,2018-06-14 11:00:00.000,73.0
260782,0056015040,JURADO,0027,2018-06-14 12:00:00.000,80.0
260783,0056015040,JURADO,0027,2018-06-14 13:00:00.000,90.0
260784,0056015040,JURADO,0027,2018-06-14 14:00:00.000,92.0
260785,0056015040,JURADO,0027,2018-06-14 15:00:00.000,83.0
260786,0056015040,JURADO,0027,2018-06-14 16:00:00.000,84.0
260787,0056015040,JURADO,0027,2018-06-14 17:00:00.000,87.0
260788,0056015040,JURADO,0027,2018-06-14 18:00:00.000,91.0
260789,0056015040,JURADO,0027,2018-06-14 19:00:00.000,92.0
260790,0056015040,JURADO,0027,2018-06-14 20:00:00.000,96.0
260791,0056015040,JURADO,0027,2018-06-14 21:00:00.000,97.0
260792,0056015040,JURADO,0027,2018-06-14 22:00:00.000,97.0
260793,0056015040,JURADO,0027,2018-06-14 23:00:00.000,97.0
260794,0056015040,JURADO,0027,2018-06-15 00:00:00.000,97.0
260795,0056015040,JURADO,0027,2018-06-15 01:00:00.000,98.0
260796,0056015040,JURADO,0027,2018-06-15 02:00:00.000,99.0
260797,0056015040,JURADO,0027,2018-06-15 03:00:00.000,99.0
260798,0056015040,JURADO,0027,2018-06-15 04:00:00.000,99.0
260799,0056015040,JURADO,0027,2018-06-15 05:00:00.000,99.0
260800,0056015040,JURADO,0027,2018-06-15 06:00:00.000,99.0
260801,0056015040,JURADO,0027,2018-06-15 07:00:00.000,99.0
260802,0056015040,JURADO,0027,2018-06-15 08:00:00.000,99.0
260803,0056015040,JURADO,0027,2018-06-15 09:00:00.000,99.0
260804,0056015040,JURADO,0027,2018-06-15 10:00:00.000,98.0
260805,0056015040,JURADO,0027,2018-06-15 11:00:00.000,90.0
260806,0056015040,JURADO,0027,2018-06-15 12:00:00.000,90.0
260807,0056015040,JURADO,0027,2018-06-15 13:00:00.000,72.0
260808,0056015040,JURADO,0027,2018-06-15 14:00:00.000,60.0
260809,0056015040,JURADO,0027,2018-06-15 15:00:00.000,68.0
260810,0056015040,JURADO,0027,2018-06-15 16:00:00.000,79.0
260811,0056015040,JURADO,0027,2018-06-15 17:00:00.000,82.0
260812,0056015040,JURADO,0027,2018-06-15 18:00:00.000,87.0
260813,0056015040,JURADO,0027,2018-06-15 19:00:00.000,90.0
260814,0056015040,JURADO,0027,2018-06-15 20:00:00.000,89.0
260815,0056015040,JURADO,0027,2018-06-15 21:00:00.000,96.0
260816,0056015040,JURADO,0027,2018-06-15 22:00:00.000,97.0
260817,0056015040,JURADO,0027,2018-06-15 23:00:00.000,97.0
260818,0056015040,JURADO,0027,2018-06-16 00:00:00.000,97.0
260819,0056015040,JURADO,0027,2018-06-16 01:00:00.000,98.0
260820,0056015040,JURADO,0027,2018-06-16 02:00:00.000,98.0
260821,0056015040,JURADO,0027,2018-06-16 03:00:00.000,98.0
260822,0056015040,JURADO,0027,2018-06-16 04:00:00.000,98.0
260823,0056015040,JURADO,0027,2018-06-16 05:00:00.000,98.0
260824,0056015040,JURADO,0027,2018-06-16 06:00:00.000,98.0
260825,0056015040,JURADO,0027,2018-06-16 07:00:00.000,95.0
260826,0056015040,JURADO,0027,2018-06-16 08:00:00.000,88.0
260827,0056015040,JURADO,0027,2018-06-16 09:00:00.000,85.0
260828,0056015040,JURADO,0027,2018-06-16 10:00:00.000,70.0
260829,0056015040,JURADO,0027,2018-06-16 11:00:00.000,68.0
260830,0056015040,JURADO,0027,2018-06-16 12:00:00.000,81.0
260831,0056015040,JURADO,0027,2018-06-16 13:00:00.000,96.0
260832,0056015040,JURADO,0027,2018-06-16 14:00:00.000,96.0
260833,0056015040,JURADO,0027,2018-06-16 15:00:00.000,94.0
260834,0056015040,JURADO,0027,2018-06-16 16:00:00.000,96.0
260835,0056015040,JURADO,0027,2018-06-16 17:00:00.000,85.0
260836,0056015040,JURADO,0027,2018-06-16 18:00:00.000,89.0
260837,0056015040,JURADO,0027,2018-06-16 19:00:00.000,86.0
260838,0056015040,JURADO,0027,2018-06-16 20:00:00.000,84.0
260839,0056015040,JURADO,0027,2018-06-16 21:00:00.000,85.0
260840,0056015040,JURADO,0027,2018-06-16 22:00:00.000,96.0
260841,0056015040,JURADO,0027,2018-06-16 23:00:00.000,96.0
260842,0056015040,JURADO,0027,2018-06-17 00:00:00.000,96.0
260843,0056015040,JURADO,0027,2018-06-17 01:00:00.000,98.0
260844,0056015040,JURADO,0027,2018-06-17 02:00:00.000,98.0
260845,0056015040,JURADO,0027,2018-06-17 03:00:00.000,99.0
260846,0056015040,JURADO,0027,2018-06-17 04:00:00.000,99.0
260847,0056015040,JURADO,0027,2018-06-17 05:00:00.000,99.0
260848,0056015040,JURADO,0027,2018-06-17 06:00:00.000,99.0
260849,0056015040,JURADO,0027,2018-06-17 07:00:00.000,98.0
260850,0056015040,JURADO,0027,2018-06-17 08:00:00.000,98.0
260851,0056015040,JURADO,0027,2018-06-17 09:00:00.000,97.0
260852,0056015040,JURADO,0027,2018-06-17 10:00:00.000,93.0
260853,0056015040,JURADO,0027,2018-06-17 11:00:00.000,87.0
260854,0056015040,JURADO,0027,2018-06-17 12:00:00.000,73.0
260855,0056015040,JURADO,0027,2018-06-17 13:00:00.000,76.0
260856,0056015040,JURADO,0027,2018-06-17 14:00:00.000,75.0
260857,0056015040,JURADO,0027,2018-06-17 15:00:00.000,85.0
260858,0056015040,JURADO,0027,2018-06-17 16:00:00.000,82.0
260859,0056015040,JURADO,0027,2018-06-17 17:00:00.000,83.0
260860,0056015040,JURADO,0027,2018-06-17 18:00:00.000,88.0
260861,0056015040,JURADO,0027,2018-06-17 19:00:00.000,89.0
260862,0056015040,JURADO,0027,2018-06-17 20:00:00.000,94.0
260863,0056015040,JURADO,0027,2018-06-17 21:00:00.000,88.0
260864,0056015040,JURADO,0027,2018-06-17 22:00:00.000,87.0
260865,0056015040,JURADO,0027,2018-06-17 23:00:00.000,94.0
260866,0056015040,JURADO,0027,2018-06-18 00:00:00.000,95.0
260867,0056015040,JURADO,0027,2018-06-18 01:00:00.000,94.0
260868,0056015040,JURADO,0027,2018-06-18 02:00:00.000,94.0
260869,0056015040,JURADO,0027,2018-06-18 03:00:00.000,99.0
260870,0056015040,JURADO,0027,2018-06-18 04:00:00.000,99.0
260871,0056015040,JURADO,0027,2018-06-18 05:00:00.000,99.0
260872,0056015040,JURADO,0027,2018-06-18 06:00:00.000,99.0
260873,0056015040,JURADO,0027,2018-06-18 07:00:00.000,99.0
260874,0056015040,JURADO,0027,2018-06-18 08:00:00.000,99.0
260875,0056015040,JURADO,0027,2018-06-18 09:00:00.000,98.0
260876,0056015040,JURADO,0027,2018-06-18 10:00:00.000,97.0
260877,0056015040,JURADO,0027,2018-06-18 11:00:00.000,95.0
260878,0056015040,JURADO,0027,2018-06-18 12:00:00.000,73.0
260879,0056015040,JURADO,0027,2018-06-18 13:00:00.000,72.0
260880,0056015040,JURADO,0027,2018-06-18 14:00:00.000,69.0
260881,0056015040,JURADO,0027,2018-06-18 15:00:00.000,70.0
260882,0056015040,JURADO,0027,2018-06-18 16:00:00.000,80.0
260883,0056015040,JURADO,0027,2018-06-18 17:00:00.000,83.0
260884,0056015040,JURADO,0027,2018-06-18 18:00:00.000,85.0
260885,0056015040,JURADO,0027,2018-06-18 19:00:00.000,92.0
260886,0056015040,JURADO,0027,2018-06-18 20:00:00.000,93.0
260887,0056015040,JURADO,0027,2018-06-18 21:00:00.000,94.0
260888,0056015040,JURADO,0027,2018-06-18 22:00:00.000,95.0
260889,0056015040,JURADO,0027,2018-06-18 23:00:00.000,96.0
260890,0056015040,JURADO,0027,2018-06-19 00:00:00.000,96.0
260891,0056015040,JURADO,0027,2018-06-19 01:00:00.000,96.0
260892,0056015040,JURADO,0027,2018-06-19 02:00:00.000,97.0
260893,0056015040,JURADO,0027,2018-06-19 03:00:00.000,97.0
260894,0056015040,JURADO,0027,2018-06-19 04:00:00.000,98.0
260895,0056015040,JURADO,0027,2018-06-19 05:00:00.000,92.0
260896,0056015040,JURADO,0027,2018-06-19 06:00:00.000,96.0
260897,0056015040,JURADO,0027,2018-06-19 07:00:00.000,98.0
260898,0056015040,JURADO,0027,2018-06-19 08:00:00.000,96.0
260899,0056015040,JURADO,0027,2018-06-19 09:00:00.000,92.0
260900,0056015040,JURADO,0027,2018-06-19 10:00:00.000,64.0
260901,0056015040,JURADO,0027,2018-06-19 11:00:00.000,66.0
260902,0056015040,JURADO,0027,2018-06-19 12:00:00.000,74.0
260903,0056015040,JURADO,0027,2018-06-19 13:00:00.000,70.0
260904,0056015040,JURADO,0027,2018-06-19 14:00:00.000,69.0
260905,0056015040,JURADO,0027,2018-06-19 15:00:00.000,59.0
260906,0056015040,JURADO,0027,2018-06-19 16:00:00.000,74.0
260907,0056015040,JURADO,0027,2018-06-19 17:00:00.000,77.0
260908,0056015040,JURADO,0027,2018-06-19 18:00:00.000,82.0
260909,0056015040,JURADO,0027,2018-06-19 19:00:00.000,84.0
260910,0056015040,JURADO,0027,2018-06-19 20:00:00.000,90.0
260911,0056015040,JURADO,0027,2018-06-19 21:00:00.000,94.0
260912,0056015040,JURADO,0027,2018-06-19 22:00:00.000,94.0
260913,0056015040,JURADO,0027,2018-06-19 23:00:00.000,96.0
260914,0056015040,JURADO,0027,2018-06-20 00:00:00.000,98.0
260915,0056015040,JURADO,0027,2018-06-20 01:00:00.000,98.0
260916,0056015040,JURADO,0027,2018-06-20 02:00:00.000,98.0
260917,0056015040,JURADO,0027,2018-06-20 03:00:00.000,98.0
260918,0056015040,JURADO,0027,2018-06-20 04:00:00.000,98.0
260919,0056015040,JURADO,0027,2018-06-20 05:00:00.000,99.0
260920,0056015040,JURADO,0027,2018-06-20 06:00:00.000,99.0
260921,0056015040,JURADO,0027,2018-06-20 07:00:00.000,92.0
260922,0056015040,JURADO,0027,2018-06-20 08:00:00.000,94.0
260923,0056015040,JURADO,0027,2018-06-20 09:00:00.000,69.0
260924,0056015040,JURADO,0027,2018-06-20 10:00:00.000,71.0
260925,0056015040,JURADO,0027,2018-06-20 11:00:00.000,69.0
260926,0056015040,JURADO,0027,2018-06-20 12:00:00.000,73.0
260927,0056015040,JURADO,0027,2018-06-20 13:00:00.000,70.0
260928,0056015040,JURADO,0027,2018-06-20 14:00:00.000,70.0
260929,0056015040,JURADO,0027,2018-06-20 15:00:00.000,57.0
260930,0056015040,JURADO,0027,2018-06-20 16:00:00.000,70.0
260931,0056015040,JURADO,0027,2018-06-20 17:00:00.000,79.0
260932,0056015040,JURADO,0027,2018-06-20 18:00:00.000,84.0
260933,0056015040,JURADO,0027,2018-06-20 19:00:00.000,85.0
260934,0056015040,JURADO,0027,2018-06-20 20:00:00.000,81.0
260935,0056015040,JURADO,0027,2018-06-20 21:00:00.000,80.0
260936,0056015040,JURADO,0027,2018-06-20 22:00:00.000,89.0
260937,0056015040,JURADO,0027,2018-06-20 23:00:00.000,94.0
260938,0056015040,JURADO,0027,2018-06-21 00:00:00.000,87.0
260939,0056015040,JURADO,0027,2018-06-21 01:00:00.000,95.0
260940,0056015040,JURADO,0027,2018-06-21 02:00:00.000,96.0
260941,0056015040,JURADO,0027,2018-06-21 03:00:00.000,96.0
260942,0056015040,JURADO,0027,2018-06-21 04:00:00.000,97.0
260943,0056015040,JURADO,0027,2018-06-21 05:00:00.000,98.0
260944,0056015040,JURADO,0027,2018-06-21 06:00:00.000,98.0
260945,0056015040,JURADO,0027,2018-06-21 07:00:00.000,98.0
260946,0056015040,JURADO,0027,2018-06-21 08:00:00.000,97.0
260947,0056015040,JURADO,0027,2018-06-21 09:00:00.000,93.0
260948,0056015040,JURADO,0027,2018-06-21 10:00:00.000,62.0
260949,0056015040,JURADO,0027,2018-06-21 11:00:00.000,69.0
260950,0056015040,JURADO,0027,2018-06-21 12:00:00.000,66.0
260951,0056015040,JURADO,0027,2018-06-21 13:00:00.000,70.0
260952,0056015040,JURADO,0027,2018-06-21 14:00:00.000,74.0
260953,0056015040,JURADO,0027,2018-06-21 15:00:00.000,71.0
260954,0056015040,JURADO,0027,2018-06-21 16:00:00.000,80.0
260955,0056015040,JURADO,0027,2018-06-21 17:00:00.000,80.0
260956,0056015040,JURADO,0027,2018-06-21 18:00:00.000,81.0
260957,0056015040,JURADO,0027,2018-06-21 19:00:00.000,91.0
260958,0056015040,JURADO,0027,2018-06-21 20:00:00.000,95.0
260959,0056015040,JURADO,0027,2018-06-21 21:00:00.000,96.0
260960,0056015040,JURADO,0027,2018-06-21 22:00:00.000,97.0
260961,0056015040,JURADO,0027,2018-06-21 23:00:00.000,97.0
260962,0056015040,JURADO,0027,2018-06-22 00:00:00.000,96.0
260963,0056015040,JURADO,0027,2018-06-22 01:00:00.000,95.0
260964,0056015040,JURADO,0027,2018-06-22 02:00:00.000,95.0
260965,0056015040,JURADO,0027,2018-06-22 03:00:00.000,96.0
260966,0056015040,JURADO,0027,2018-06-22 04:00:00.000,95.0
260967,0056015040,JURADO,0027,2018-06-22 05:00:00.000,95.0
260968,0056015040,JURADO,0027,2018-06-22 06:00:00.000,97.0
260969,0056015040,JURADO,0027,2018-06-22 07:00:00.000,88.0
260970,0056015040,JURADO,0027,2018-06-22 08:00:00.000,83.0
260971,0056015040,JURADO,0027,2018-06-22 09:00:00.000,68.0
260972,0056015040,JURADO,0027,2018-06-22 10:00:00.000,81.0
260973,0056015040,JURADO,0027,2018-06-22 11:00:00.000,77.0
260974,0056015040,JURADO,0027,2018-06-22 12:00:00.000,80.0
260975,0056015040,JURADO,0027,2018-06-22 13:00:00.000,70.0
260976,0056015040,JURADO,0027,2018-06-22 14:00:00.000,91.0
260977,0056015040,JURADO,0027,2018-06-22 15:00:00.000,81.0
260978,0056015040,JURADO,0027,2018-06-22 16:00:00.000,93.0
260979,0056015040,JURADO,0027,2018-06-22 17:00:00.000,98.0
260980,0056015040,JURADO,0027,2018-06-22 18:00:00.000,98.0
260981,0056015040,JURADO,0027,2018-06-22 19:00:00.000,98.0
260982,0056015040,JURADO,0027,2018-06-22 20:00:00.000,99.0
260983,0056015040,JURADO,0027,2018-06-22 21:00:00.000,99.0
260984,0056015040,JURADO,0027,2018-06-22 22:00:00.000,99.0
260985,0056015040,JURADO,0027,2018-06-22 23:00:00.000,99.0
260986,0056015040,JURADO,0027,2018-06-23 00:00:00.000,99.0
260987,0056015040,JURADO,0027,2018-06-23 01:00:00.000,99.0
260988,0056015040,JURADO,0027,2018-06-23 02:00:00.000,99.0
260989,0056015040,JURADO,0027,2018-06-23 03:00:00.000,99.0
260990,0056015040,JURADO,0027,2018-06-23 04:00:00.000,99.0
260991,0056015040,JURADO,0027,2018-06-23 05:00:00.000,99.0
260992,0056015040,JURADO,0027,2018-06-23 06:00:00.000,99.0
260993,0056015040,JURADO,0027,2018-06-23 07:00:00.000,98.0
260994,0056015040,JURADO,0027,2018-06-23 08:00:00.000,94.0
260995,0056015040,JURADO,0027,2018-06-23 09:00:00.000,92.0
260996,0056015040,JURADO,0027,2018-06-23 10:00:00.000,93.0
260997,0056015040,JURADO,0027,2018-06-23 11:00:00.000,97.0
260998,0056015040,JURADO,0027,2018-06-23 12:00:00.000,96.0
260999,0056015040,JURADO,0027,2018-06-23 13:00:00.000,96.0
261000,0056015040,JURADO,0027,2018-06-23 14:00:00.000,88.0
261001,0056015040,JURADO,0027,2018-06-23 15:00:00.000,82.0
261002,0056015040,JURADO,0027,2018-06-23 16:00:00.000,91.0
261003,0056015040,JURADO,0027,2018-06-23 17:00:00.000,85.0
261004,0056015040,JURADO,0027,2018-06-23 18:00:00.000,86.0
261005,0056015040,JURADO,0027,2018-06-23 19:00:00.000,98.0
261006,0056015040,JURADO,0027,2018-06-23 20:00:00.000,98.0
261007,0056015040,JURADO,0027,2018-06-23 21:00:00.000,98.0
261008,0056015040,JURADO,0027,2018-06-23 22:00:00.000,99.0
261009,0056015040,JURADO,0027,2018-06-23 23:00:00.000,98.0
261010,0056015040,JURADO,0027,2018-06-24 00:00:00.000,98.0
261011,0056015040,JURADO,0027,2018-06-24 01:00:00.000,99.0
261012,0056015040,JURADO,0027,2018-06-24 02:00:00.000,99.0
261013,0056015040,JURADO,0027,2018-06-24 03:00:00.000,99.0
261014,0056015040,JURADO,0027,2018-06-24 04:00:00.000,99.0
261015,0056015040,JURADO,0027,2018-06-24 05:00:00.000,99.0
261016,0056015040,JURADO,0027,2018-06-24 06:00:00.000,99.0
261017,0056015040,JURADO,0027,2018-06-24 07:00:00.000,98.0
261018,0056015040,JURADO,0027,2018-06-24 08:00:00.000,95.0
261019,0056015040,JURADO,0027,2018-06-24 09:00:00.000,94.0
261020,0056015040,JURADO,0027,2018-06-24 10:00:00.000,69.0
261021,0056015040,JURADO,0027,2018-06-24 11:00:00.000,65.0
261022,0056015040,JURADO,0027,2018-06-24 12:00:00.000,72.0
261023,0056015040,JURADO,0027,2018-06-24 13:00:00.000,69.0
261024,0056015040,JURADO,0027,2018-06-24 14:00:00.000,77.0
261025,0056015040,JURADO,0027,2018-06-24 15:00:00.000,90.0
261026,0056015040,JURADO,0027,2018-06-24 16:00:00.000,98.0
261027,0056015040,JURADO,0027,2018-06-24 17:00:00.000,98.0
261028,0056015040,JURADO,0027,2018-06-24 18:00:00.000,98.0
261029,0056015040,JURADO,0027,2018-06-24 19:00:00.000,99.0
261030,0056015040,JURADO,0027,2018-06-24 20:00:00.000,99.0
261031,0056015040,JURADO,0027,2018-06-24 21:00:00.000,99.0
261032,0056015040,JURADO,0027,2018-06-24 22:00:00.000,99.0
261033,0056015040,JURADO,0027,2018-06-24 23:00:00.000,99.0
261034,0056015040,JURADO,0027,2018-06-25 00:00:00.000,99.0
261035,0056015040,JURADO,0027,2018-06-25 01:00:00.000,99.0
261036,0056015040,JURADO,0027,2018-06-25 02:00:00.000,99.0
261037,0056015040,JURADO,0027,2018-06-25 03:00:00.000,99.0
261038,0056015040,JURADO,0027,2018-06-25 04:00:00.000,99.0
261039,0056015040,JURADO,0027,2018-06-25 05:00:00.000,99.0
261040,0056015040,JURADO,0027,2018-06-25 06:00:00.000,99.0
261041,0056015040,JURADO,0027,2018-06-25 07:00:00.000,98.0
261042,0056015040,JURADO,0027,2018-06-25 08:00:00.000,96.0
261043,0056015040,JURADO,0027,2018-06-25 09:00:00.000,93.0
261044,0056015040,JURADO,0027,2018-06-25 10:00:00.000,77.0
261045,0056015040,JURADO,0027,2018-06-25 11:00:00.000,73.0
261046,0056015040,JURADO,0027,2018-06-25 12:00:00.000,71.0
261047,0056015040,JURADO,0027,2018-06-25 13:00:00.000,76.0
261048,0056015040,JURADO,0027,2018-06-25 14:00:00.000,61.0
261049,0056015040,JURADO,0027,2018-06-25 15:00:00.000,77.0
261050,0056015040,JURADO,0027,2018-06-25 16:00:00.000,78.0
261051,0056015040,JURADO,0027,2018-06-25 17:00:00.000,80.0
261052,0056015040,JURADO,0027,2018-06-25 18:00:00.000,85.0
261053,0056015040,JURADO,0027,2018-06-25 19:00:00.000,90.0
261054,0056015040,JURADO,0027,2018-06-25 20:00:00.000,89.0
261055,0056015040,JURADO,0027,2018-06-25 21:00:00.000,89.0
261056,0056015040,JURADO,0027,2018-06-25 22:00:00.000,95.0
261057,0056015040,JURADO,0027,2018-06-25 23:00:00.000,96.0
261058,0056015040,JURADO,0027,2018-06-26 00:00:00.000,96.0
261059,0056015040,JURADO,0027,2018-06-26 01:00:00.000,96.0
261060,0056015040,JURADO,0027,2018-06-26 02:00:00.000,96.0
261061,0056015040,JURADO,0027,2018-06-26 03:00:00.000,97.0
261062,0056015040,JURADO,0027,2018-06-26 04:00:00.000,98.0
261063,0056015040,JURADO,0027,2018-06-26 05:00:00.000,98.0
261064,0056015040,JURADO,0027,2018-06-26 06:00:00.000,99.0
261065,0056015040,JURADO,0027,2018-06-26 07:00:00.000,98.0
261066,0056015040,JURADO,0027,2018-06-26 08:00:00.000,98.0
261067,0056015040,JURADO,0027,2018-06-26 09:00:00.000,96.0
261068,0056015040,JURADO,0027,2018-06-26 10:00:00.000,75.0
261069,0056015040,JURADO,0027,2018-06-26 11:00:00.000,74.0
261070,0056015040,JURADO,0027,2018-06-26 12:00:00.000,96.0
261071,0056015040,JURADO,0027,2018-06-26 13:00:00.000,92.0
261072,0056015040,JURADO,0027,2018-06-26 14:00:00.000,75.0
261073,0056015040,JURADO,0027,2018-06-26 15:00:00.000,92.0
261074,0056015040,JURADO,0027,2018-06-26 16:00:00.000,91.0
261075,0056015040,JURADO,0027,2018-06-26 17:00:00.000,81.0
261076,0056015040,JURADO,0027,2018-06-26 18:00:00.000,86.0
261077,0056015040,JURADO,0027,2018-06-26 19:00:00.000,87.0
261078,0056015040,JURADO,0027,2018-06-26 20:00:00.000,87.0
261079,0056015040,JURADO,0027,2018-06-26 21:00:00.000,93.0
261080,0056015040,JURADO,0027,2018-06-26 22:00:00.000,97.0
261081,0056015040,JURADO,0027,2018-06-26 23:00:00.000,97.0
261082,0056015040,JURADO,0027,2018-06-27 00:00:00.000,98.0
261083,0056015040,JURADO,0027,2018-06-27 01:00:00.000,98.0
261084,0056015040,JURADO,0027,2018-06-27 02:00:00.000,98.0
261085,0056015040,JURADO,0027,2018-06-27 03:00:00.000,98.0
261086,0056015040,JURADO,0027,2018-06-27 04:00:00.000,98.0
261087,0056015040,JURADO,0027,2018-06-27 05:00:00.000,98.0
261088,0056015040,JURADO,0027,2018-06-27 06:00:00.000,98.0
261089,0056015040,JURADO,0027,2018-06-27 07:00:00.000,98.0
261090,0056015040,JURADO,0027,2018-06-27 08:00:00.000,95.0
261091,0056015040,JURADO,0027,2018-06-27 09:00:00.000,96.0
261092,0056015040,JURADO,0027,2018-06-27 10:00:00.000,97.0
261093,0056015040,JURADO,0027,2018-06-27 11:00:00.000,97.0
261094,0056015040,JURADO,0027,2018-06-27 12:00:00.000,97.0
261095,0056015040,JURADO,0027,2018-06-27 13:00:00.000,94.0
261096,0056015040,JURADO,0027,2018-06-27 14:00:00.000,94.0
261097,0056015040,JURADO,0027,2018-06-27 15:00:00.000,92.0
261098,0056015040,JURADO,0027,2018-06-27 16:00:00.000,96.0
261099,0056015040,JURADO,0027,2018-06-27 17:00:00.000,97.0
261100,0056015040,JURADO,0027,2018-06-27 18:00:00.000,98.0
261101,0056015040,JURADO,0027,2018-06-27 19:00:00.000,93.0
261102,0056015040,JURADO,0027,2018-06-27 20:00:00.000,96.0
261103,0056015040,JURADO,0027,2018-06-27 21:00:00.000,96.0
261104,0056015040,JURADO,0027,2018-06-27 22:00:00.000,96.0
261105,0056015040,JURADO,0027,2018-06-27 23:00:00.000,96.0
261106,0056015040,JURADO,0027,2018-06-28 00:00:00.000,97.0
261107,0056015040,JURADO,0027,2018-06-28 01:00:00.000,97.0
261108,0056015040,JURADO,0027,2018-06-28 02:00:00.000,97.0
261109,0056015040,JURADO,0027,2018-06-28 03:00:00.000,98.0
261110,0056015040,JURADO,0027,2018-06-28 04:00:00.000,98.0
261111,0056015040,JURADO,0027,2018-06-28 05:00:00.000,99.0
261112,0056015040,JURADO,0027,2018-06-28 06:00:00.000,99.0
261113,0056015040,JURADO,0027,2018-06-28 07:00:00.000,98.0
261114,0056015040,JURADO,0027,2018-06-28 08:00:00.000,95.0
261115,0056015040,JURADO,0027,2018-06-28 09:00:00.000,93.0
261116,0056015040,JURADO,0027,2018-06-28 10:00:00.000,72.0
261117,0056015040,JURADO,0027,2018-06-28 11:00:00.000,80.0
261118,0056015040,JURADO,0027,2018-06-28 12:00:00.000,94.0
261119,0056015040,JURADO,0027,2018-06-28 13:00:00.000,89.0
261120,0056015040,JURADO,0027,2018-06-28 14:00:00.000,76.0
261121,0056015040,JURADO,0027,2018-06-28 15:00:00.000,75.0
261122,0056015040,JURADO,0027,2018-06-28 16:00:00.000,78.0
261123,0056015040,JURADO,0027,2018-06-28 17:00:00.000,79.0
261124,0056015040,JURADO,0027,2018-06-28 18:00:00.000,96.0
261125,0056015040,JURADO,0027,2018-06-28 19:00:00.000,96.0
261126,0056015040,JURADO,0027,2018-06-28 20:00:00.000,97.0
261127,0056015040,JURADO,0027,2018-06-28 21:00:00.000,98.0
261128,0056015040,JURADO,0027,2018-06-28 22:00:00.000,98.0
261129,0056015040,JURADO,0027,2018-06-28 23:00:00.000,99.0
261130,0056015040,JURADO,0027,2018-06-29 00:00:00.000,99.0
261131,0056015040,JURADO,0027,2018-06-29 01:00:00.000,99.0
261132,0056015040,JURADO,0027,2018-06-29 02:00:00.000,99.0
261133,0056015040,JURADO,0027,2018-06-29 03:00:00.000,99.0
261134,0056015040,JURADO,0027,2018-06-29 04:00:00.000,99.0
261135,0056015040,JURADO,0027,2018-06-29 05:00:00.000,99.0
261136,0056015040,JURADO,0027,2018-06-29 06:00:00.000,99.0
261137,0056015040,JURADO,0027,2018-06-29 07:00:00.000,98.0
261138,0056015040,JURADO,0027,2018-06-29 08:00:00.000,97.0
261139,0056015040,JURADO,0027,2018-06-29 09:00:00.000,94.0
261140,0056015040,JURADO,0027,2018-06-29 10:00:00.000,69.0
261141,0056015040,JURADO,0027,2018-06-29 11:00:00.000,73.0
261142,0056015040,JURADO,0027,2018-06-29 12:00:00.000,70.0
261143,0056015040,JURADO,0027,2018-06-29 13:00:00.000,71.0
261144,0056015040,JURADO,0027,2018-06-29 14:00:00.000,65.0
261145,0056015040,JURADO,0027,2018-06-29 15:00:00.000,68.0
261146,0056015040,JURADO,0027,2018-06-29 16:00:00.000,72.0
261147,0056015040,JURADO,0027,2018-06-29 17:00:00.000,80.0
261148,0056015040,JURADO,0027,2018-06-29 18:00:00.000,81.0
261149,0056015040,JURADO,0027,2018-06-29 19:00:00.000,83.0
261150,0056015040,JURADO,0027,2018-06-29 20:00:00.000,91.0
261151,0056015040,JURADO,0027,2018-06-29 21:00:00.000,84.0
261152,0056015040,JURADO,0027,2018-06-29 22:00:00.000,94.0
261153,0056015040,JURADO,0027,2018-06-29 23:00:00.000,94.0
261154,0056015040,JURADO,0027,2018-06-30 00:00:00.000,97.0
261155,0056015040,JURADO,0027,2018-06-30 01:00:00.000,98.0
261156,0056015040,JURADO,0027,2018-06-30 02:00:00.000,98.0
261157,0056015040,JURADO,0027,2018-06-30 03:00:00.000,99.0
261158,0056015040,JURADO,0027,2018-06-30 04:00:00.000,99.0
261159,0056015040,JURADO,0027,2018-06-30 05:00:00.000,99.0
261160,0056015040,JURADO,0027,2018-06-30 06:00:00.000,99.0
261161,0056015040,JURADO,0027,2018-06-30 07:00:00.000,98.0
261162,0056015040,JURADO,0027,2018-06-30 08:00:00.000,96.0
261163,0056015040,JURADO,0027,2018-06-30 09:00:00.000,94.0
261164,0056015040,JURADO,0027,2018-06-30 10:00:00.000,81.0
261165,0056015040,JURADO,0027,2018-06-30 11:00:00.000,73.0
261166,0056015040,JURADO,0027,2018-06-30 12:00:00.000,76.0
261167,0056015040,JURADO,0027,2018-06-30 13:00:00.000,68.0
261168,0056015040,JURADO,0027,2018-06-30 14:00:00.000,73.0
261169,0056015040,JURADO,0027,2018-06-30 15:00:00.000,65.0
261170,0056015040,JURADO,0027,2018-06-30 16:00:00.000,77.0
261171,0056015040,JURADO,0027,2018-06-30 17:00:00.000,86.0
261172,0056015040,JURADO,0027,2018-06-30 18:00:00.000,87.0
261173,0056015040,JURADO,0027,2018-06-30 19:00:00.000,85.0
261174,0056015040,JURADO,0027,2018-06-30 20:00:00.000,88.0
261175,0056015040,JURADO,0027,2018-06-30 21:00:00.000,93.0
261176,0056015040,JURADO,0027,2018-06-30 22:00:00.000,96.0
261177,0056015040,JURADO,0027,2018-07-01 00:00:00.000,97.0
261178,0056015040,JURADO,0027,2018-07-01 01:00:00.000,97.0
261179,0056015040,JURADO,0027,2018-07-01 02:00:00.000,98.0
261180,0056015040,JURADO,0027,2018-07-01 03:00:00.000,98.0
261181,0056015040,JURADO,0027,2018-07-01 04:00:00.000,97.0
2792675,0056015040,JURADO,0027,2018-07-01 05:00:00.000,97.0
2792676,0056015040,JURADO,0027,2018-07-01 06:00:00.000,97.0
2792677,0056015040,JURADO,0027,2018-07-01 07:00:00.000,96.0
2792678,0056015040,JURADO,0027,2018-07-01 08:00:00.000,92.0
2792679,0056015040,JURADO,0027,2018-07-01 09:00:00.000,80.0
2792680,0056015040,JURADO,0027,2018-07-01 10:00:00.000,64.0
2792681,0056015040,JURADO,0027,2018-07-01 11:00:00.000,80.0
2792682,0056015040,JURADO,0027,2018-07-01 12:00:00.000,79.0
2792683,0056015040,JURADO,0027,2018-07-01 13:00:00.000,78.0
2792684,0056015040,JURADO,0027,2018-07-01 14:00:00.000,95.0
2792685,0056015040,JURADO,0027,2018-07-01 15:00:00.000,92.0
2792686,0056015040,JURADO,0027,2018-07-01 16:00:00.000,98.0
2792687,0056015040,JURADO,0027,2018-07-01 17:00:00.000,98.0
2792688,0056015040,JURADO,0027,2018-07-01 18:00:00.000,97.0
2792689,0056015040,JURADO,0027,2018-07-01 19:00:00.000,98.0
2792690,0056015040,JURADO,0027,2018-07-01 20:00:00.000,98.0
2792691,0056015040,JURADO,0027,2018-07-01 21:00:00.000,98.0
2792692,0056015040,JURADO,0027,2018-07-01 22:00:00.000,98.0
2792693,0056015040,JURADO,0027,2018-07-01 23:00:00.000,98.0
2792694,0056015040,JURADO,0027,2018-07-02 00:00:00.000,98.0
2792695,0056015040,JURADO,0027,2018-07-02 01:00:00.000,98.0
2792696,0056015040,JURADO,0027,2018-07-02 02:00:00.000,98.0
2792697,0056015040,JURADO,0027,2018-07-02 03:00:00.000,98.0
2792698,0056015040,JURADO,0027,2018-07-02 04:00:00.000,98.0
2792699,0056015040,JURADO,0027,2018-07-02 05:00:00.000,98.0
2792700,0056015040,JURADO,0027,2018-07-02 06:00:00.000,98.0
2792701,0056015040,JURADO,0027,2018-07-02 07:00:00.000,98.0
2792702,0056015040,JURADO,0027,2018-07-02 08:00:00.000,97.0
2792703,0056015040,JURADO,0027,2018-07-02 09:00:00.000,94.0
2792704,0056015040,JURADO,0027,2018-07-02 10:00:00.000,69.0
2792705,0056015040,JURADO,0027,2018-07-02 11:00:00.000,94.0
2792706,0056015040,JURADO,0027,2018-07-02 12:00:00.000,93.0
2792707,0056015040,JURADO,0027,2018-07-02 13:00:00.000,83.0
2792708,0056015040,JURADO,0027,2018-07-02 14:00:00.000,73.0
2792709,0056015040,JURADO,0027,2018-07-02 15:00:00.000,62.0
2792710,0056015040,JURADO,0027,2018-07-02 16:00:00.000,78.0
2792711,0056015040,JURADO,0027,2018-07-02 17:00:00.000,81.0
2792712,0056015040,JURADO,0027,2018-07-02 18:00:00.000,84.0
2792713,0056015040,JURADO,0027,2018-07-02 19:00:00.000,90.0
2792714,0056015040,JURADO,0027,2018-07-02 20:00:00.000,90.0
2792715,0056015040,JURADO,0027,2018-07-02 21:00:00.000,95.0
2792716,0056015040,JURADO,0027,2018-07-02 22:00:00.000,96.0
2792717,0056015040,JURADO,0027,2018-07-02 23:00:00.000,97.0
2792718,0056015040,JURADO,0027,2018-07-03 00:00:00.000,96.0
2792719,0056015040,JURADO,0027,2018-07-03 01:00:00.000,96.0
2792720,0056015040,JURADO,0027,2018-07-03 02:00:00.000,95.0
2792721,0056015040,JURADO,0027,2018-07-03 03:00:00.000,94.0
2792722,0056015040,JURADO,0027,2018-07-03 04:00:00.000,94.0
2792723,0056015040,JURADO,0027,2018-07-03 05:00:00.000,94.0
2792724,0056015040,JURADO,0027,2018-07-03 06:00:00.000,95.0
2792725,0056015040,JURADO,0027,2018-07-03 07:00:00.000,89.0
2792726,0056015040,JURADO,0027,2018-07-03 08:00:00.000,79.0
2792727,0056015040,JURADO,0027,2018-07-03 09:00:00.000,71.0
2792728,0056015040,JURADO,0027,2018-07-03 10:00:00.000,75.0
2792729,0056015040,JURADO,0027,2018-07-03 11:00:00.000,69.0
2792730,0056015040,JURADO,0027,2018-07-03 12:00:00.000,69.0
2792731,0056015040,JURADO,0027,2018-07-03 13:00:00.000,70.0
2792732,0056015040,JURADO,0027,2018-07-03 14:00:00.000,62.0
2792733,0056015040,JURADO,0027,2018-07-03 15:00:00.000,70.0
2792734,0056015040,JURADO,0027,2018-07-03 16:00:00.000,69.0
2792735,0056015040,JURADO,0027,2018-07-03 17:00:00.000,76.0
2792736,0056015040,JURADO,0027,2018-07-03 18:00:00.000,81.0
2792737,0056015040,JURADO,0027,2018-07-03 19:00:00.000,83.0
2792738,0056015040,JURADO,0027,2018-07-03 20:00:00.000,83.0
2792739,0056015040,JURADO,0027,2018-07-03 21:00:00.000,91.0
2792740,0056015040,JURADO,0027,2018-07-03 22:00:00.000,93.0
2792741,0056015040,JURADO,0027,2018-07-03 23:00:00.000,95.0
2792742,0056015040,JURADO,0027,2018-07-04 00:00:00.000,95.0
2792743,0056015040,JURADO,0027,2018-07-04 01:00:00.000,95.0
2792744,0056015040,JURADO,0027,2018-07-04 02:00:00.000,96.0
2792745,0056015040,JURADO,0027,2018-07-04 03:00:00.000,96.0
2792746,0056015040,JURADO,0027,2018-07-04 04:00:00.000,97.0
2792747,0056015040,JURADO,0027,2018-07-04 05:00:00.000,97.0
2792748,0056015040,JURADO,0027,2018-07-04 06:00:00.000,96.0
2792749,0056015040,JURADO,0027,2018-07-04 07:00:00.000,94.0
2792750,0056015040,JURADO,0027,2018-07-04 08:00:00.000,84.0
2792751,0056015040,JURADO,0027,2018-07-04 09:00:00.000,68.0
2792752,0056015040,JURADO,0027,2018-07-04 10:00:00.000,62.0
2792753,0056015040,JURADO,0027,2018-07-04 11:00:00.000,70.0
2792754,0056015040,JURADO,0027,2018-07-04 12:00:00.000,65.0
2792755,0056015040,JURADO,0027,2018-07-04 13:00:00.000,71.0
2792756,0056015040,JURADO,0027,2018-07-04 14:00:00.000,60.0
2792757,0056015040,JURADO,0027,2018-07-04 15:00:00.000,60.0
2792758,0056015040,JURADO,0027,2018-07-04 16:00:00.000,75.0
2792759,0056015040,JURADO,0027,2018-07-04 17:00:00.000,81.0
2792760,0056015040,JURADO,0027,2018-07-04 18:00:00.000,82.0
2792761,0056015040,JURADO,0027,2018-07-04 19:00:00.000,85.0
2792762,0056015040,JURADO,0027,2018-07-04 20:00:00.000,84.0
2792763,0056015040,JURADO,0027,2018-07-04 21:00:00.000,91.0
2792764,0056015040,JURADO,0027,2018-07-04 22:00:00.000,93.0
2792765,0056015040,JURADO,0027,2018-07-04 23:00:00.000,94.0
2792766,0056015040,JURADO,0027,2018-07-05 00:00:00.000,95.0
2792767,0056015040,JURADO,0027,2018-07-05 01:00:00.000,95.0
2792768,0056015040,JURADO,0027,2018-07-05 02:00:00.000,97.0
2792769,0056015040,JURADO,0027,2018-07-05 03:00:00.000,97.0
2792770,0056015040,JURADO,0027,2018-07-05 04:00:00.000,97.0
2792771,0056015040,JURADO,0027,2018-07-05 05:00:00.000,97.0
2792772,0056015040,JURADO,0027,2018-07-05 06:00:00.000,97.0
2792773,0056015040,JURADO,0027,2018-07-05 07:00:00.000,96.0
2792774,0056015040,JURADO,0027,2018-07-05 08:00:00.000,93.0
2792775,0056015040,JURADO,0027,2018-07-05 09:00:00.000,88.0
2792776,0056015040,JURADO,0027,2018-07-05 10:00:00.000,83.0
2792777,0056015040,JURADO,0027,2018-07-05 11:00:00.000,67.0
2792778,0056015040,JURADO,0027,2018-07-05 12:00:00.000,68.0
2792779,0056015040,JURADO,0027,2018-07-05 13:00:00.000,69.0
2792780,0056015040,JURADO,0027,2018-07-05 14:00:00.000,75.0
2792781,0056015040,JURADO,0027,2018-07-05 15:00:00.000,78.0
2792782,0056015040,JURADO,0027,2018-07-05 16:00:00.000,82.0
2792783,0056015040,JURADO,0027,2018-07-05 17:00:00.000,84.0
2792784,0056015040,JURADO,0027,2018-07-05 18:00:00.000,86.0
2792785,0056015040,JURADO,0027,2018-07-05 19:00:00.000,98.0
2792786,0056015040,JURADO,0027,2018-07-05 20:00:00.000,98.0
2792787,0056015040,JURADO,0027,2018-07-05 21:00:00.000,98.0
2792788,0056015040,JURADO,0027,2018-07-05 22:00:00.000,98.0
2792789,0056015040,JURADO,0027,2018-07-05 23:00:00.000,98.0
2792790,0056015040,JURADO,0027,2018-07-06 00:00:00.000,98.0
2792791,0056015040,JURADO,0027,2018-07-06 01:00:00.000,98.0
2792792,0056015040,JURADO,0027,2018-07-06 02:00:00.000,98.0
2792793,0056015040,JURADO,0027,2018-07-06 03:00:00.000,98.0
2792794,0056015040,JURADO,0027,2018-07-06 04:00:00.000,99.0
2792795,0056015040,JURADO,0027,2018-07-06 05:00:00.000,99.0
2792796,0056015040,JURADO,0027,2018-07-06 06:00:00.000,99.0
2792797,0056015040,JURADO,0027,2018-07-06 07:00:00.000,98.0
2792798,0056015040,JURADO,0027,2018-07-06 08:00:00.000,95.0
2792799,0056015040,JURADO,0027,2018-07-06 09:00:00.000,92.0
2792800,0056015040,JURADO,0027,2018-07-06 10:00:00.000,74.0
2792801,0056015040,JURADO,0027,2018-07-06 11:00:00.000,70.0
2792802,0056015040,JURADO,0027,2018-07-06 12:00:00.000,73.0
2792803,0056015040,JURADO,0027,2018-07-06 13:00:00.000,82.0
2792804,0056015040,JURADO,0027,2018-07-06 14:00:00.000,81.0
2792805,0056015040,JURADO,0027,2018-07-06 15:00:00.000,81.0
2792806,0056015040,JURADO,0027,2018-07-06 16:00:00.000,80.0
2792807,0056015040,JURADO,0027,2018-07-06 17:00:00.000,82.0
2792808,0056015040,JURADO,0027,2018-07-06 18:00:00.000,85.0
2792809,0056015040,JURADO,0027,2018-07-06 19:00:00.000,92.0
2792810,0056015040,JURADO,0027,2018-07-06 20:00:00.000,94.0
2792811,0056015040,JURADO,0027,2018-07-06 21:00:00.000,96.0
2792812,0056015040,JURADO,0027,2018-07-06 22:00:00.000,97.0
2792813,0056015040,JURADO,0027,2018-07-06 23:00:00.000,98.0
2792814,0056015040,JURADO,0027,2018-07-07 00:00:00.000,98.0
2792815,0056015040,JURADO,0027,2018-07-07 01:00:00.000,98.0
2792816,0056015040,JURADO,0027,2018-07-07 02:00:00.000,98.0
2792817,0056015040,JURADO,0027,2018-07-07 03:00:00.000,98.0
2792818,0056015040,JURADO,0027,2018-07-07 04:00:00.000,98.0
2792819,0056015040,JURADO,0027,2018-07-07 05:00:00.000,98.0
2792820,0056015040,JURADO,0027,2018-07-07 06:00:00.000,98.0
2792821,0056015040,JURADO,0027,2018-07-07 07:00:00.000,95.0
2792822,0056015040,JURADO,0027,2018-07-07 08:00:00.000,95.0
2792823,0056015040,JURADO,0027,2018-07-07 09:00:00.000,84.0
2792824,0056015040,JURADO,0027,2018-07-07 10:00:00.000,63.0
2792825,0056015040,JURADO,0027,2018-07-07 11:00:00.000,73.0
2792826,0056015040,JURADO,0027,2018-07-07 12:00:00.000,67.0
2792827,0056015040,JURADO,0027,2018-07-07 13:00:00.000,67.0
2792828,0056015040,JURADO,0027,2018-07-07 14:00:00.000,66.0
2792829,0056015040,JURADO,0027,2018-07-07 15:00:00.000,56.0
2792830,0056015040,JURADO,0027,2018-07-07 16:00:00.000,71.0
2792831,0056015040,JURADO,0027,2018-07-07 17:00:00.000,73.0
2792832,0056015040,JURADO,0027,2018-07-07 18:00:00.000,78.0
2792833,0056015040,JURADO,0027,2018-07-07 19:00:00.000,87.0
2792834,0056015040,JURADO,0027,2018-07-07 20:00:00.000,93.0
2792835,0056015040,JURADO,0027,2018-07-07 21:00:00.000,95.0
2792836,0056015040,JURADO,0027,2018-07-07 22:00:00.000,95.0
2792837,0056015040,JURADO,0027,2018-07-07 23:00:00.000,95.0
2792838,0056015040,JURADO,0027,2018-07-08 00:00:00.000,95.0
2792839,0056015040,JURADO,0027,2018-07-08 01:00:00.000,98.0
2792840,0056015040,JURADO,0027,2018-07-08 02:00:00.000,98.0
2792841,0056015040,JURADO,0027,2018-07-08 03:00:00.000,98.0
2792842,0056015040,JURADO,0027,2018-07-08 04:00:00.000,98.0
2792843,0056015040,JURADO,0027,2018-07-08 05:00:00.000,98.0
2792844,0056015040,JURADO,0027,2018-07-08 06:00:00.000,98.0
2792845,0056015040,JURADO,0027,2018-07-08 07:00:00.000,97.0
2792846,0056015040,JURADO,0027,2018-07-08 08:00:00.000,94.0
2792847,0056015040,JURADO,0027,2018-07-08 09:00:00.000,79.0
2792848,0056015040,JURADO,0027,2018-07-08 10:00:00.000,71.0
2792849,0056015040,JURADO,0027,2018-07-08 11:00:00.000,65.0
2792850,0056015040,JURADO,0027,2018-07-08 12:00:00.000,71.0
2792851,0056015040,JURADO,0027,2018-07-08 13:00:00.000,72.0
2792852,0056015040,JURADO,0027,2018-07-08 14:00:00.000,74.0
2792853,0056015040,JURADO,0027,2018-07-08 15:00:00.000,69.0
2792854,0056015040,JURADO,0027,2018-07-08 16:00:00.000,75.0
2792855,0056015040,JURADO,0027,2018-07-08 17:00:00.000,75.0
2792856,0056015040,JURADO,0027,2018-07-08 18:00:00.000,81.0
2792857,0056015040,JURADO,0027,2018-07-08 19:00:00.000,83.0
2792858,0056015040,JURADO,0027,2018-07-08 20:00:00.000,84.0
2792859,0056015040,JURADO,0027,2018-07-08 21:00:00.000,92.0
2792860,0056015040,JURADO,0027,2018-07-08 22:00:00.000,92.0
2792861,0056015040,JURADO,0027,2018-07-08 23:00:00.000,93.0
2792862,0056015040,JURADO,0027,2018-07-09 00:00:00.000,94.0
2792863,0056015040,JURADO,0027,2018-07-09 01:00:00.000,97.0
2792864,0056015040,JURADO,0027,2018-07-09 02:00:00.000,98.0
2792865,0056015040,JURADO,0027,2018-07-09 03:00:00.000,98.0
2792866,0056015040,JURADO,0027,2018-07-09 04:00:00.000,98.0
2792867,0056015040,JURADO,0027,2018-07-09 05:00:00.000,98.0
2792868,0056015040,JURADO,0027,2018-07-09 06:00:00.000,98.0
2792869,0056015040,JURADO,0027,2018-07-09 07:00:00.000,98.0
2792870,0056015040,JURADO,0027,2018-07-09 08:00:00.000,97.0
2792871,0056015040,JURADO,0027,2018-07-09 09:00:00.000,97.0
2792872,0056015040,JURADO,0027,2018-07-09 10:00:00.000,95.0
2792873,0056015040,JURADO,0027,2018-07-09 11:00:00.000,86.0
2792874,0056015040,JURADO,0027,2018-07-09 12:00:00.000,78.0
2792875,0056015040,JURADO,0027,2018-07-09 13:00:00.000,80.0
2792876,0056015040,JURADO,0027,2018-07-09 14:00:00.000,78.0
2792877,0056015040,JURADO,0027,2018-07-09 15:00:00.000,82.0
2792878,0056015040,JURADO,0027,2018-07-09 16:00:00.000,82.0
2792879,0056015040,JURADO,0027,2018-07-09 17:00:00.000,80.0
2792880,0056015040,JURADO,0027,2018-07-09 18:00:00.000,87.0
2792881,0056015040,JURADO,0027,2018-07-09 19:00:00.000,88.0
2792882,0056015040,JURADO,0027,2018-07-09 20:00:00.000,92.0
2792883,0056015040,JURADO,0027,2018-07-09 21:00:00.000,93.0
2792884,0056015040,JURADO,0027,2018-07-09 22:00:00.000,94.0
2792885,0056015040,JURADO,0027,2018-07-09 23:00:00.000,94.0
2792886,0056015040,JURADO,0027,2018-07-10 00:00:00.000,95.0
2792887,0056015040,JURADO,0027,2018-07-10 01:00:00.000,96.0
2792888,0056015040,JURADO,0027,2018-07-10 02:00:00.000,97.0
2792889,0056015040,JURADO,0027,2018-07-10 03:00:00.000,97.0
2792890,0056015040,JURADO,0027,2018-07-10 04:00:00.000,97.0
2792891,0056015040,JURADO,0027,2018-07-10 05:00:00.000,97.0
2792892,0056015040,JURADO,0027,2018-07-10 06:00:00.000,97.0
2792893,0056015040,JURADO,0027,2018-07-10 07:00:00.000,97.0
2792894,0056015040,JURADO,0027,2018-07-10 08:00:00.000,88.0
2792895,0056015040,JURADO,0027,2018-07-10 09:00:00.000,98.0
2792896,0056015040,JURADO,0027,2018-07-10 10:00:00.000,97.0
2792897,0056015040,JURADO,0027,2018-07-10 11:00:00.000,97.0
2792898,0056015040,JURADO,0027,2018-07-10 12:00:00.000,90.0
2792899,0056015040,JURADO,0027,2018-07-10 13:00:00.000,73.0
2792900,0056015040,JURADO,0027,2018-07-10 14:00:00.000,63.0
2792901,0056015040,JURADO,0027,2018-07-10 15:00:00.000,73.0
2792902,0056015040,JURADO,0027,2018-07-10 16:00:00.000,82.0
2792903,0056015040,JURADO,0027,2018-07-10 17:00:00.000,85.0
2792904,0056015040,JURADO,0027,2018-07-10 18:00:00.000,86.0
2792905,0056015040,JURADO,0027,2018-07-10 19:00:00.000,89.0
2792906,0056015040,JURADO,0027,2018-07-10 20:00:00.000,93.0
2792907,0056015040,JURADO,0027,2018-07-10 21:00:00.000,98.0
2792908,0056015040,JURADO,0027,2018-07-10 22:00:00.000,98.0
2792909,0056015040,JURADO,0027,2018-07-10 23:00:00.000,98.0
2792910,0056015040,JURADO,0027,2018-07-11 00:00:00.000,98.0
2792911,0056015040,JURADO,0027,2018-07-11 01:00:00.000,98.0
2792912,0056015040,JURADO,0027,2018-07-11 02:00:00.000,98.0
2792913,0056015040,JURADO,0027,2018-07-11 03:00:00.000,98.0
2792914,0056015040,JURADO,0027,2018-07-11 04:00:00.000,98.0
2792915,0056015040,JURADO,0027,2018-07-11 05:00:00.000,98.0
2792916,0056015040,JURADO,0027,2018-07-11 06:00:00.000,98.0
2792917,0056015040,JURADO,0027,2018-07-11 07:00:00.000,98.0
2792918,0056015040,JURADO,0027,2018-07-11 08:00:00.000,94.0
2792919,0056015040,JURADO,0027,2018-07-11 09:00:00.000,85.0
2792920,0056015040,JURADO,0027,2018-07-11 10:00:00.000,57.0
2792921,0056015040,JURADO,0027,2018-07-11 11:00:00.000,61.0
2792922,0056015040,JURADO,0027,2018-07-11 12:00:00.000,69.0
2792923,0056015040,JURADO,0027,2018-07-11 13:00:00.000,73.0
2792924,0056015040,JURADO,0027,2018-07-11 14:00:00.000,64.0
2792925,0056015040,JURADO,0027,2018-07-11 15:00:00.000,61.0
2792926,0056015040,JURADO,0027,2018-07-11 16:00:00.000,79.0
2792927,0056015040,JURADO,0027,2018-07-11 17:00:00.000,80.0
2792928,0056015040,JURADO,0027,2018-07-11 18:00:00.000,80.0
2792929,0056015040,JURADO,0027,2018-07-11 19:00:00.000,82.0
2792930,0056015040,JURADO,0027,2018-07-11 20:00:00.000,84.0
2792931,0056015040,JURADO,0027,2018-07-11 21:00:00.000,94.0
2792932,0056015040,JURADO,0027,2018-07-11 22:00:00.000,95.0
2792933,0056015040,JURADO,0027,2018-07-11 23:00:00.000,95.0
2792934,0056015040,JURADO,0027,2018-07-12 00:00:00.000,96.0
2792935,0056015040,JURADO,0027,2018-07-12 01:00:00.000,96.0
2792936,0056015040,JURADO,0027,2018-07-12 02:00:00.000,95.0
2792937,0056015040,JURADO,0027,2018-07-12 03:00:00.000,94.0
2792938,0056015040,JURADO,0027,2018-07-12 04:00:00.000,94.0
2792939,0056015040,JURADO,0027,2018-07-12 05:00:00.000,93.0
2792940,0056015040,JURADO,0027,2018-07-12 06:00:00.000,93.0
2792941,0056015040,JURADO,0027,2018-07-12 07:00:00.000,91.0
2792942,0056015040,JURADO,0027,2018-07-12 08:00:00.000,87.0
2792943,0056015040,JURADO,0027,2018-07-12 09:00:00.000,75.0
2792944,0056015040,JURADO,0027,2018-07-12 10:00:00.000,54.0
2792945,0056015040,JURADO,0027,2018-07-12 11:00:00.000,65.0
2792946,0056015040,JURADO,0027,2018-07-12 12:00:00.000,76.0
2792947,0056015040,JURADO,0027,2018-07-12 13:00:00.000,69.0
2792948,0056015040,JURADO,0027,2018-07-12 14:00:00.000,61.0
2792949,0056015040,JURADO,0027,2018-07-12 15:00:00.000,75.0
2792950,0056015040,JURADO,0027,2018-07-12 16:00:00.000,75.0
2792951,0056015040,JURADO,0027,2018-07-12 17:00:00.000,77.0
2792952,0056015040,JURADO,0027,2018-07-12 18:00:00.000,81.0
2792953,0056015040,JURADO,0027,2018-07-12 19:00:00.000,81.0
2792954,0056015040,JURADO,0027,2018-07-12 20:00:00.000,83.0
2792955,0056015040,JURADO,0027,2018-07-12 21:00:00.000,87.0
2792956,0056015040,JURADO,0027,2018-07-12 22:00:00.000,92.0
2792957,0056015040,JURADO,0027,2018-07-12 23:00:00.000,92.0
2792958,0056015040,JURADO,0027,2018-07-13 00:00:00.000,92.0
2792959,0056015040,JURADO,0027,2018-07-13 01:00:00.000,96.0
2792960,0056015040,JURADO,0027,2018-07-13 02:00:00.000,94.0
2792961,0056015040,JURADO,0027,2018-07-13 03:00:00.000,96.0
2792962,0056015040,JURADO,0027,2018-07-13 04:00:00.000,98.0
2792963,0056015040,JURADO,0027,2018-07-13 05:00:00.000,98.0
2792964,0056015040,JURADO,0027,2018-07-13 06:00:00.000,98.0
2792965,0056015040,JURADO,0027,2018-07-13 07:00:00.000,98.0
2792966,0056015040,JURADO,0027,2018-07-13 08:00:00.000,97.0
2792967,0056015040,JURADO,0027,2018-07-13 09:00:00.000,95.0
2792968,0056015040,JURADO,0027,2018-07-13 10:00:00.000,76.0
2792969,0056015040,JURADO,0027,2018-07-13 11:00:00.000,67.0
2792970,0056015040,JURADO,0027,2018-07-13 12:00:00.000,64.0
2792971,0056015040,JURADO,0027,2018-07-13 14:00:00.000,76.0
2792972,0056015040,JURADO,0027,2018-07-13 15:00:00.000,81.0
2792973,0056015040,JURADO,0027,2018-07-13 16:00:00.000,85.0
2792974,0056015040,JURADO,0027,2018-07-13 17:00:00.000,85.0
2792975,0056015040,JURADO,0027,2018-07-13 18:00:00.000,84.0
2792976,0056015040,JURADO,0027,2018-07-13 19:00:00.000,87.0
2792977,0056015040,JURADO,0027,2018-07-13 20:00:00.000,90.0
2792978,0056015040,JURADO,0027,2018-07-13 21:00:00.000,91.0
2792979,0056015040,JURADO,0027,2018-07-13 22:00:00.000,98.0
2792980,0056015040,JURADO,0027,2018-07-13 23:00:00.000,98.0
2792981,0056015040,JURADO,0027,2018-07-14 00:00:00.000,98.0
2792982,0056015040,JURADO,0027,2018-07-14 01:00:00.000,98.0
2792983,0056015040,JURADO,0027,2018-07-14 02:00:00.000,98.0
2792984,0056015040,JURADO,0027,2018-07-14 03:00:00.000,98.0
2792985,0056015040,JURADO,0027,2018-07-14 04:00:00.000,98.0
2792986,0056015040,JURADO,0027,2018-07-14 05:00:00.000,98.0
2792987,0056015040,JURADO,0027,2018-07-14 06:00:00.000,99.0
2792988,0056015040,JURADO,0027,2018-07-14 07:00:00.000,99.0
2792989,0056015040,JURADO,0027,2018-07-14 08:00:00.000,98.0
2792990,0056015040,JURADO,0027,2018-07-14 09:00:00.000,98.0
2792991,0056015040,JURADO,0027,2018-07-14 10:00:00.000,93.0
2792992,0056015040,JURADO,0027,2018-07-14 11:00:00.000,78.0
2792993,0056015040,JURADO,0027,2018-07-14 12:00:00.000,70.0
2792994,0056015040,JURADO,0027,2018-07-14 13:00:00.000,78.0
2792995,0056015040,JURADO,0027,2018-07-14 14:00:00.000,70.0
2792996,0056015040,JURADO,0027,2018-07-14 15:00:00.000,76.0
2792997,0056015040,JURADO,0027,2018-07-14 16:00:00.000,72.0
2792998,0056015040,JURADO,0027,2018-07-14 17:00:00.000,80.0
2792999,0056015040,JURADO,0027,2018-07-14 18:00:00.000,83.0
2793000,0056015040,JURADO,0027,2018-07-14 19:00:00.000,87.0
2793001,0056015040,JURADO,0027,2018-07-14 20:00:00.000,86.0
2793002,0056015040,JURADO,0027,2018-07-14 21:00:00.000,93.0
2793003,0056015040,JURADO,0027,2018-07-14 22:00:00.000,95.0
2793004,0056015040,JURADO,0027,2018-07-14 23:00:00.000,96.0
2793005,0056015040,JURADO,0027,2018-07-15 00:00:00.000,96.0
2793006,0056015040,JURADO,0027,2018-07-15 01:00:00.000,96.0
2793007,0056015040,JURADO,0027,2018-07-15 02:00:00.000,95.0
2793008,0056015040,JURADO,0027,2018-07-15 03:00:00.000,96.0
2793009,0056015040,JURADO,0027,2018-07-15 04:00:00.000,98.0
2793010,0056015040,JURADO,0027,2018-07-15 05:00:00.000,98.0
2793011,0056015040,JURADO,0027,2018-07-15 06:00:00.000,98.0
2793012,0056015040,JURADO,0027,2018-07-15 07:00:00.000,98.0
2793013,0056015040,JURADO,0027,2018-07-15 08:00:00.000,97.0
2793014,0056015040,JURADO,0027,2018-07-15 09:00:00.000,95.0
2793015,0056015040,JURADO,0027,2018-07-15 10:00:00.000,83.0
2793016,0056015040,JURADO,0027,2018-07-15 11:00:00.000,84.0
2793017,0056015040,JURADO,0027,2018-07-15 12:00:00.000,79.0
2793018,0056015040,JURADO,0027,2018-07-15 13:00:00.000,83.0
2793019,0056015040,JURADO,0027,2018-07-15 14:00:00.000,80.0
2793020,0056015040,JURADO,0027,2018-07-15 15:00:00.000,84.0
2793021,0056015040,JURADO,0027,2018-07-15 16:00:00.000,85.0
2793022,0056015040,JURADO,0027,2018-07-15 17:00:00.000,88.0
2793023,0056015040,JURADO,0027,2018-07-15 18:00:00.000,87.0
2793024,0056015040,JURADO,0027,2018-07-15 19:00:00.000,93.0
2793025,0056015040,JURADO,0027,2018-07-15 20:00:00.000,95.0
2793026,0056015040,JURADO,0027,2018-07-15 21:00:00.000,95.0
2793027,0056015040,JURADO,0027,2018-07-15 22:00:00.000,95.0
2793028,0056015040,JURADO,0027,2018-07-15 23:00:00.000,95.0
2793029,0056015040,JURADO,0027,2018-07-16 00:00:00.000,95.0
2793030,0056015040,JURADO,0027,2018-07-16 01:00:00.000,96.0
2793031,0056015040,JURADO,0027,2018-07-16 02:00:00.000,96.0
2793032,0056015040,JURADO,0027,2018-07-16 03:00:00.000,98.0
2793033,0056015040,JURADO,0027,2018-07-16 04:00:00.000,98.0
2793034,0056015040,JURADO,0027,2018-07-16 05:00:00.000,98.0
2793035,0056015040,JURADO,0027,2018-07-16 06:00:00.000,98.0
2793036,0056015040,JURADO,0027,2018-07-16 07:00:00.000,98.0
2793037,0056015040,JURADO,0027,2018-07-16 08:00:00.000,98.0
2793038,0056015040,JURADO,0027,2018-07-16 09:00:00.000,98.0
2793039,0056015040,JURADO,0027,2018-07-16 10:00:00.000,96.0
2793040,0056015040,JURADO,0027,2018-07-16 11:00:00.000,97.0
2793041,0056015040,JURADO,0027,2018-07-16 12:00:00.000,97.0
2793042,0056015040,JURADO,0027,2018-07-16 13:00:00.000,95.0
2793043,0056015040,JURADO,0027,2018-07-16 14:00:00.000,70.0
2793044,0056015040,JURADO,0027,2018-07-16 15:00:00.000,79.0
2793045,0056015040,JURADO,0027,2018-07-16 16:00:00.000,80.0
2793046,0056015040,JURADO,0027,2018-07-16 17:00:00.000,80.0
2793047,0056015040,JURADO,0027,2018-07-16 18:00:00.000,82.0
2793048,0056015040,JURADO,0027,2018-07-16 19:00:00.000,92.0
2793049,0056015040,JURADO,0027,2018-07-16 20:00:00.000,95.0
2793050,0056015040,JURADO,0027,2018-07-17 04:00:00.000,97.0
2793051,0056015040,JURADO,0027,2018-07-17 05:00:00.000,97.0
2793052,0056015040,JURADO,0027,2018-07-17 06:00:00.000,96.0
2793053,0056015040,JURADO,0027,2018-07-17 07:00:00.000,94.0
2793054,0056015040,JURADO,0027,2018-07-17 08:00:00.000,83.0
2793055,0056015040,JURADO,0027,2018-07-17 09:00:00.000,87.0
2793056,0056015040,JURADO,0027,2018-07-17 10:00:00.000,61.0
2793057,0056015040,JURADO,0027,2018-07-17 11:00:00.000,69.0
2793058,0056015040,JURADO,0027,2018-07-17 12:00:00.000,74.0
2793059,0056015040,JURADO,0027,2018-07-17 13:00:00.000,69.0
2793060,0056015040,JURADO,0027,2018-07-17 14:00:00.000,76.0
2793061,0056015040,JURADO,0027,2018-07-17 15:00:00.000,68.0
2793062,0056015040,JURADO,0027,2018-07-17 16:00:00.000,77.0
2793063,0056015040,JURADO,0027,2018-07-17 17:00:00.000,77.0
2793064,0056015040,JURADO,0027,2018-07-17 18:00:00.000,84.0
2793065,0056015040,JURADO,0027,2018-07-17 19:00:00.000,85.0
2793066,0056015040,JURADO,0027,2018-07-17 20:00:00.000,84.0
2793067,0056015040,JURADO,0027,2018-07-17 21:00:00.000,85.0
2793068,0056015040,JURADO,0027,2018-07-17 22:00:00.000,88.0
2793069,0056015040,JURADO,0027,2018-07-17 23:00:00.000,93.0
2793070,0056015040,JURADO,0027,2018-07-18 00:00:00.000,95.0
2793071,0056015040,JURADO,0027,2018-07-18 01:00:00.000,95.0
2793072,0056015040,JURADO,0027,2018-07-18 02:00:00.000,97.0
2793073,0056015040,JURADO,0027,2018-07-18 03:00:00.000,98.0
2793074,0056015040,JURADO,0027,2018-07-18 04:00:00.000,98.0
2793075,0056015040,JURADO,0027,2018-07-18 05:00:00.000,98.0
2793076,0056015040,JURADO,0027,2018-07-18 06:00:00.000,98.0
2793077,0056015040,JURADO,0027,2018-07-18 07:00:00.000,97.0
2793078,0056015040,JURADO,0027,2018-07-18 08:00:00.000,91.0
2793079,0056015040,JURADO,0027,2018-07-18 09:00:00.000,76.0
2793080,0056015040,JURADO,0027,2018-07-18 10:00:00.000,76.0
2793081,0056015040,JURADO,0027,2018-07-18 11:00:00.000,67.0
2793082,0056015040,JURADO,0027,2018-07-18 12:00:00.000,74.0
2793083,0056015040,JURADO,0027,2018-07-18 13:00:00.000,76.0
2793084,0056015040,JURADO,0027,2018-07-18 14:00:00.000,77.0
2793085,0056015040,JURADO,0027,2018-07-18 15:00:00.000,77.0
2793086,0056015040,JURADO,0027,2018-07-18 16:00:00.000,83.0
2793087,0056015040,JURADO,0027,2018-07-18 17:00:00.000,82.0
2793088,0056015040,JURADO,0027,2018-07-18 18:00:00.000,86.0
2793089,0056015040,JURADO,0027,2018-07-18 19:00:00.000,88.0
2793090,0056015040,JURADO,0027,2018-07-18 20:00:00.000,90.0
2793091,0056015040,JURADO,0027,2018-07-18 21:00:00.000,95.0
2793092,0056015040,JURADO,0027,2018-07-18 22:00:00.000,96.0
2793093,0056015040,JURADO,0027,2018-07-18 23:00:00.000,96.0
2793094,0056015040,JURADO,0027,2018-07-19 00:00:00.000,96.0
2793095,0056015040,JURADO,0027,2018-07-19 01:00:00.000,97.0
2793096,0056015040,JURADO,0027,2018-07-19 02:00:00.000,97.0
2793097,0056015040,JURADO,0027,2018-07-19 03:00:00.000,96.0
2793098,0056015040,JURADO,0027,2018-07-19 04:00:00.000,96.0
2793099,0056015040,JURADO,0027,2018-07-19 05:00:00.000,96.0
2793100,0056015040,JURADO,0027,2018-07-19 06:00:00.000,96.0
2793101,0056015040,JURADO,0027,2018-07-19 07:00:00.000,94.0
2793102,0056015040,JURADO,0027,2018-07-19 08:00:00.000,84.0
2793103,0056015040,JURADO,0027,2018-07-19 09:00:00.000,82.0
2793104,0056015040,JURADO,0027,2018-07-19 10:00:00.000,83.0
2793105,0056015040,JURADO,0027,2018-07-19 11:00:00.000,76.0
2793106,0056015040,JURADO,0027,2018-07-19 12:00:00.000,72.0
2793107,0056015040,JURADO,0027,2018-07-19 13:00:00.000,77.0
2793108,0056015040,JURADO,0027,2018-07-19 14:00:00.000,77.0
2793109,0056015040,JURADO,0027,2018-07-19 15:00:00.000,74.0
2793110,0056015040,JURADO,0027,2018-07-19 16:00:00.000,77.0
2793111,0056015040,JURADO,0027,2018-07-19 17:00:00.000,77.0
2793112,0056015040,JURADO,0027,2018-07-19 18:00:00.000,82.0
2793113,0056015040,JURADO,0027,2018-07-19 19:00:00.000,84.0
2793114,0056015040,JURADO,0027,2018-07-19 20:00:00.000,87.0
2793115,0056015040,JURADO,0027,2018-07-19 21:00:00.000,93.0
2793116,0056015040,JURADO,0027,2018-07-19 22:00:00.000,94.0
2793117,0056015040,JURADO,0027,2018-07-19 23:00:00.000,94.0
2793118,0056015040,JURADO,0027,2018-07-20 00:00:00.000,94.0
2793119,0056015040,JURADO,0027,2018-07-20 01:00:00.000,98.0
2793120,0056015040,JURADO,0027,2018-07-20 02:00:00.000,98.0
2793121,0056015040,JURADO,0027,2018-07-20 03:00:00.000,98.0
2793122,0056015040,JURADO,0027,2018-07-20 04:00:00.000,98.0
2793123,0056015040,JURADO,0027,2018-07-20 05:00:00.000,98.0
2793124,0056015040,JURADO,0027,2018-07-20 06:00:00.000,98.0
2793125,0056015040,JURADO,0027,2018-07-20 07:00:00.000,98.0
2793126,0056015040,JURADO,0027,2018-07-20 08:00:00.000,98.0
2793127,0056015040,JURADO,0027,2018-07-20 09:00:00.000,98.0
2793128,0056015040,JURADO,0027,2018-07-20 10:00:00.000,98.0
2793129,0056015040,JURADO,0027,2018-07-21 23:00:00.000,91.0
2793130,0056015040,JURADO,0027,2018-07-22 00:00:00.000,91.0
2793131,0056015040,JURADO,0027,2018-07-22 01:00:00.000,94.0
2793132,0056015040,JURADO,0027,2018-07-22 02:00:00.000,96.0
2793133,0056015040,JURADO,0027,2018-07-22 03:00:00.000,97.0
2793134,0056015040,JURADO,0027,2018-07-22 04:00:00.000,98.0
2793135,0056015040,JURADO,0027,2018-07-22 05:00:00.000,98.0
2793136,0056015040,JURADO,0027,2018-07-22 06:00:00.000,98.0
2793137,0056015040,JURADO,0027,2018-07-22 07:00:00.000,98.0
2793138,0056015040,JURADO,0027,2018-07-22 08:00:00.000,98.0
2793139,0056015040,JURADO,0027,2018-07-22 09:00:00.000,98.0
2793140,0056015040,JURADO,0027,2018-07-22 10:00:00.000,95.0
2793141,0056015040,JURADO,0027,2018-07-22 11:00:00.000,85.0
2793142,0056015040,JURADO,0027,2018-07-22 12:00:00.000,98.0
2793143,0056015040,JURADO,0027,2018-07-22 13:00:00.000,98.0
2793144,0056015040,JURADO,0027,2018-07-22 14:00:00.000,98.0
2793145,0056015040,JURADO,0027,2018-07-22 15:00:00.000,97.0
2793146,0056015040,JURADO,0027,2018-07-22 16:00:00.000,96.0
2793147,0056015040,JURADO,0027,2018-07-22 17:00:00.000,85.0
2793148,0056015040,JURADO,0027,2018-07-22 18:00:00.000,87.0
2793149,0056015040,JURADO,0027,2018-07-22 19:00:00.000,86.0
2793150,0056015040,JURADO,0027,2018-07-22 20:00:00.000,97.0
2793151,0056015040,JURADO,0027,2018-07-22 21:00:00.000,97.0
2793152,0056015040,JURADO,0027,2018-07-22 22:00:00.000,84.0
2793153,0056015040,JURADO,0027,2018-07-22 23:00:00.000,95.0
2793154,0056015040,JURADO,0027,2018-07-23 00:00:00.000,96.0
2793155,0056015040,JURADO,0027,2018-07-23 01:00:00.000,98.0
2793156,0056015040,JURADO,0027,2018-07-23 02:00:00.000,98.0
2793157,0056015040,JURADO,0027,2018-07-23 03:00:00.000,98.0
2793158,0056015040,JURADO,0027,2018-07-23 04:00:00.000,98.0
2793159,0056015040,JURADO,0027,2018-07-23 05:00:00.000,98.0
2793160,0056015040,JURADO,0027,2018-07-23 06:00:00.000,98.0
2793161,0056015040,JURADO,0027,2018-07-23 07:00:00.000,98.0
2793162,0056015040,JURADO,0027,2018-07-23 08:00:00.000,95.0
2793163,0056015040,JURADO,0027,2018-07-23 09:00:00.000,98.0
2793164,0056015040,JURADO,0027,2018-07-23 10:00:00.000,94.0
2793165,0056015040,JURADO,0027,2018-07-23 11:00:00.000,98.0
2793166,0056015040,JURADO,0027,2018-07-23 12:00:00.000,96.0
2793167,0056015040,JURADO,0027,2018-07-23 13:00:00.000,95.0
2793168,0056015040,JURADO,0027,2018-07-23 14:00:00.000,91.0
2793169,0056015040,JURADO,0027,2018-07-23 15:00:00.000,66.0
2793170,0056015040,JURADO,0027,2018-07-23 16:00:00.000,82.0
2793171,0056015040,JURADO,0027,2018-07-23 17:00:00.000,82.0
2793172,0056015040,JURADO,0027,2018-07-23 18:00:00.000,83.0
2793173,0056015040,JURADO,0027,2018-07-23 19:00:00.000,91.0
2793174,0056015040,JURADO,0027,2018-07-23 20:00:00.000,94.0
2793175,0056015040,JURADO,0027,2018-07-23 21:00:00.000,98.0
2793176,0056015040,JURADO,0027,2018-07-23 22:00:00.000,98.0
2793177,0056015040,JURADO,0027,2018-07-23 23:00:00.000,98.0
2793178,0056015040,JURADO,0027,2018-07-24 00:00:00.000,98.0
2793179,0056015040,JURADO,0027,2018-07-24 01:00:00.000,98.0
2793180,0056015040,JURADO,0027,2018-07-24 02:00:00.000,98.0
2793181,0056015040,JURADO,0027,2018-07-24 03:00:00.000,98.0
2793182,0056015040,JURADO,0027,2018-07-24 04:00:00.000,98.0
2793183,0056015040,JURADO,0027,2018-07-24 05:00:00.000,98.0
2793184,0056015040,JURADO,0027,2018-07-24 06:00:00.000,98.0
2793185,0056015040,JURADO,0027,2018-07-24 07:00:00.000,97.0
2793186,0056015040,JURADO,0027,2018-07-24 08:00:00.000,96.0
2793187,0056015040,JURADO,0027,2018-07-24 09:00:00.000,92.0
2793188,0056015040,JURADO,0027,2018-07-24 10:00:00.000,76.0
2793189,0056015040,JURADO,0027,2018-07-24 11:00:00.000,70.0
2793190,0056015040,JURADO,0027,2018-07-24 12:00:00.000,75.0
2793191,0056015040,JURADO,0027,2018-07-24 13:00:00.000,74.0
2793192,0056015040,JURADO,0027,2018-07-24 14:00:00.000,73.0
2793193,0056015040,JURADO,0027,2018-07-24 15:00:00.000,80.0
2793194,0056015040,JURADO,0027,2018-07-24 16:00:00.000,96.0
2793195,0056015040,JURADO,0027,2018-07-24 17:00:00.000,97.0
2793196,0056015040,JURADO,0027,2018-07-24 18:00:00.000,98.0
2793197,0056015040,JURADO,0027,2018-07-24 19:00:00.000,98.0
2793198,0056015040,JURADO,0027,2018-07-24 20:00:00.000,98.0
2793199,0056015040,JURADO,0027,2018-07-24 21:00:00.000,98.0
2793200,0056015040,JURADO,0027,2018-07-24 22:00:00.000,98.0
2793201,0056015040,JURADO,0027,2018-07-24 23:00:00.000,99.0
2793202,0056015040,JURADO,0027,2018-07-25 00:00:00.000,99.0
2793203,0056015040,JURADO,0027,2018-07-25 01:00:00.000,99.0
2793204,0056015040,JURADO,0027,2018-07-25 02:00:00.000,99.0
2793205,0056015040,JURADO,0027,2018-07-25 03:00:00.000,99.0
2793206,0056015040,JURADO,0027,2018-07-25 04:00:00.000,99.0
2793207,0056015040,JURADO,0027,2018-07-25 05:00:00.000,99.0
2793208,0056015040,JURADO,0027,2018-07-25 06:00:00.000,99.0
2793209,0056015040,JURADO,0027,2018-07-25 07:00:00.000,98.0
2793210,0056015040,JURADO,0027,2018-07-25 08:00:00.000,94.0
2793211,0056015040,JURADO,0027,2018-07-25 09:00:00.000,92.0
2793212,0056015040,JURADO,0027,2018-07-25 10:00:00.000,77.0
2793213,0056015040,JURADO,0027,2018-07-25 11:00:00.000,95.0
2793214,0056015040,JURADO,0027,2018-07-25 12:00:00.000,94.0
2793215,0056015040,JURADO,0027,2018-07-25 13:00:00.000,82.0
2793216,0056015040,JURADO,0027,2018-07-25 14:00:00.000,81.0
2793217,0056015040,JURADO,0027,2018-07-25 15:00:00.000,79.0
2793218,0056015040,JURADO,0027,2018-07-25 16:00:00.000,86.0
2793219,0056015040,JURADO,0027,2018-07-25 17:00:00.000,89.0
2793220,0056015040,JURADO,0027,2018-07-25 18:00:00.000,98.0
2793221,0056015040,JURADO,0027,2018-07-25 19:00:00.000,98.0
2793222,0056015040,JURADO,0027,2018-07-25 20:00:00.000,98.0
2793223,0056015040,JURADO,0027,2018-07-25 21:00:00.000,98.0
2793224,0056015040,JURADO,0027,2018-07-25 22:00:00.000,98.0
2793225,0056015040,JURADO,0027,2018-07-25 23:00:00.000,98.0
2793226,0056015040,JURADO,0027,2018-07-26 00:00:00.000,98.0
2793227,0056015040,JURADO,0027,2018-07-26 01:00:00.000,98.0
2793228,0056015040,JURADO,0027,2018-07-26 02:00:00.000,98.0
2793229,0056015040,JURADO,0027,2018-07-26 03:00:00.000,98.0
2793230,0056015040,JURADO,0027,2018-07-26 04:00:00.000,98.0
2793231,0056015040,JURADO,0027,2018-07-26 05:00:00.000,98.0
2793232,0056015040,JURADO,0027,2018-07-26 06:00:00.000,98.0
2793233,0056015040,JURADO,0027,2018-07-26 07:00:00.000,97.0
2793234,0056015040,JURADO,0027,2018-07-26 08:00:00.000,96.0
2793235,0056015040,JURADO,0027,2018-07-26 09:00:00.000,98.0
2793236,0056015040,JURADO,0027,2018-07-26 10:00:00.000,97.0
2793237,0056015040,JURADO,0027,2018-07-26 11:00:00.000,97.0
2793238,0056015040,JURADO,0027,2018-07-26 12:00:00.000,97.0
2793239,0056015040,JURADO,0027,2018-07-26 13:00:00.000,97.0
2793240,0056015040,JURADO,0027,2018-07-26 14:00:00.000,97.0
2793241,0056015040,JURADO,0027,2018-07-26 15:00:00.000,96.0
2793242,0056015040,JURADO,0027,2018-07-26 16:00:00.000,97.0
2793243,0056015040,JURADO,0027,2018-07-26 17:00:00.000,89.0
2793244,0056015040,JURADO,0027,2018-07-26 18:00:00.000,96.0
2793245,0056015040,JURADO,0027,2018-07-26 19:00:00.000,98.0
2793246,0056015040,JURADO,0027,2018-07-26 20:00:00.000,97.0
2793247,0056015040,JURADO,0027,2018-07-26 21:00:00.000,98.0
2793248,0056015040,JURADO,0027,2018-07-26 22:00:00.000,98.0
2793249,0056015040,JURADO,0027,2018-07-26 23:00:00.000,98.0
2793250,0056015040,JURADO,0027,2018-07-27 00:00:00.000,98.0
2793251,0056015040,JURADO,0027,2018-07-27 01:00:00.000,98.0
2793252,0056015040,JURADO,0027,2018-07-27 02:00:00.000,97.0
2793253,0056015040,JURADO,0027,2018-07-27 03:00:00.000,97.0
2793254,0056015040,JURADO,0027,2018-07-27 04:00:00.000,96.0
2793255,0056015040,JURADO,0027,2018-07-27 05:00:00.000,96.0
2793256,0056015040,JURADO,0027,2018-07-27 06:00:00.000,94.0
2793257,0056015040,JURADO,0027,2018-07-27 07:00:00.000,98.0
2793258,0056015040,JURADO,0027,2018-07-27 08:00:00.000,98.0
2793259,0056015040,JURADO,0027,2018-07-27 09:00:00.000,97.0
2793260,0056015040,JURADO,0027,2018-07-27 10:00:00.000,97.0
2793261,0056015040,JURADO,0027,2018-07-27 11:00:00.000,94.0
2793262,0056015040,JURADO,0027,2018-07-27 12:00:00.000,73.0
2793263,0056015040,JURADO,0027,2018-07-27 13:00:00.000,88.0
2793264,0056015040,JURADO,0027,2018-07-27 14:00:00.000,78.0
2793265,0056015040,JURADO,0027,2018-07-27 15:00:00.000,64.0
2793266,0056015040,JURADO,0027,2018-07-27 16:00:00.000,67.0
2793267,0056015040,JURADO,0027,2018-07-27 17:00:00.000,79.0
2793268,0056015040,JURADO,0027,2018-07-27 18:00:00.000,85.0
2793269,0056015040,JURADO,0027,2018-07-27 19:00:00.000,93.0
2793270,0056015040,JURADO,0027,2018-07-27 20:00:00.000,95.0
2793271,0056015040,JURADO,0027,2018-07-27 21:00:00.000,96.0
2793272,0056015040,JURADO,0027,2018-07-27 22:00:00.000,96.0
2793273,0056015040,JURADO,0027,2018-07-27 23:00:00.000,96.0
2793274,0056015040,JURADO,0027,2018-07-28 00:00:00.000,95.0
2793275,0056015040,JURADO,0027,2018-07-28 01:00:00.000,96.0
2793276,0056015040,JURADO,0027,2018-07-28 02:00:00.000,96.0
2793277,0056015040,JURADO,0027,2018-07-28 03:00:00.000,96.0
2793278,0056015040,JURADO,0027,2018-07-28 04:00:00.000,96.0
2793279,0056015040,JURADO,0027,2018-07-28 05:00:00.000,97.0
2793280,0056015040,JURADO,0027,2018-07-28 06:00:00.000,96.0
2793281,0056015040,JURADO,0027,2018-07-28 07:00:00.000,91.0
2793282,0056015040,JURADO,0027,2018-07-28 08:00:00.000,89.0
2793283,0056015040,JURADO,0027,2018-07-28 09:00:00.000,80.0
2793284,0056015040,JURADO,0027,2018-07-28 10:00:00.000,76.0
2793285,0056015040,JURADO,0027,2018-07-28 11:00:00.000,69.0
2793286,0056015040,JURADO,0027,2018-07-28 12:00:00.000,73.0
2793287,0056015040,JURADO,0027,2018-07-28 13:00:00.000,71.0
2793288,0056015040,JURADO,0027,2018-07-28 14:00:00.000,70.0
2793289,0056015040,JURADO,0027,2018-07-28 15:00:00.000,73.0
2793290,0056015040,JURADO,0027,2018-07-28 16:00:00.000,77.0
2793291,0056015040,JURADO,0027,2018-07-28 17:00:00.000,83.0
2793292,0056015040,JURADO,0027,2018-07-28 18:00:00.000,89.0
2793293,0056015040,JURADO,0027,2018-07-28 19:00:00.000,88.0
2793294,0056015040,JURADO,0027,2018-07-28 20:00:00.000,84.0
2793295,0056015040,JURADO,0027,2018-07-28 21:00:00.000,92.0
2793296,0056015040,JURADO,0027,2018-07-28 22:00:00.000,93.0
2793297,0056015040,JURADO,0027,2018-07-28 23:00:00.000,95.0
2793298,0056015040,JURADO,0027,2018-07-29 00:00:00.000,96.0
2793299,0056015040,JURADO,0027,2018-07-29 01:00:00.000,96.0
2793300,0056015040,JURADO,0027,2018-07-29 02:00:00.000,97.0
2793301,0056015040,JURADO,0027,2018-07-29 03:00:00.000,98.0
2793302,0056015040,JURADO,0027,2018-07-29 04:00:00.000,98.0
2793303,0056015040,JURADO,0027,2018-07-29 05:00:00.000,98.0
2793304,0056015040,JURADO,0027,2018-07-29 06:00:00.000,98.0
2793305,0056015040,JURADO,0027,2018-07-29 07:00:00.000,98.0
2793306,0056015040,JURADO,0027,2018-07-29 08:00:00.000,95.0
2793307,0056015040,JURADO,0027,2018-07-29 09:00:00.000,77.0
2793308,0056015040,JURADO,0027,2018-07-29 10:00:00.000,74.0
2793309,0056015040,JURADO,0027,2018-07-29 11:00:00.000,67.0
2793310,0056015040,JURADO,0027,2018-07-29 12:00:00.000,72.0
2793311,0056015040,JURADO,0027,2018-07-29 13:00:00.000,72.0
2793312,0056015040,JURADO,0027,2018-07-29 14:00:00.000,85.0
2793313,0056015040,JURADO,0027,2018-07-29 15:00:00.000,91.0
2793314,0056015040,JURADO,0027,2018-07-29 16:00:00.000,85.0
2793315,0056015040,JURADO,0027,2018-07-29 17:00:00.000,89.0
2793316,0056015040,JURADO,0027,2018-07-29 18:00:00.000,98.0
2793317,0056015040,JURADO,0027,2018-07-29 19:00:00.000,98.0
2793318,0056015040,JURADO,0027,2018-07-29 20:00:00.000,98.0
2793319,0056015040,JURADO,0027,2018-07-29 21:00:00.000,98.0
2793320,0056015040,JURADO,0027,2018-07-29 22:00:00.000,98.0
2793321,0056015040,JURADO,0027,2018-07-29 23:00:00.000,98.0
2793322,0056015040,JURADO,0027,2018-07-30 00:00:00.000,98.0
2793323,0056015040,JURADO,0027,2018-07-30 01:00:00.000,98.0
2793324,0056015040,JURADO,0027,2018-07-30 02:00:00.000,98.0
2793325,0056015040,JURADO,0027,2018-07-30 03:00:00.000,99.0
2793326,0056015040,JURADO,0027,2018-07-30 04:00:00.000,98.0
2793327,0056015040,JURADO,0027,2018-07-30 05:00:00.000,99.0
2793328,0056015040,JURADO,0027,2018-07-30 06:00:00.000,99.0
2793329,0056015040,JURADO,0027,2018-07-30 07:00:00.000,98.0
2793330,0056015040,JURADO,0027,2018-07-30 08:00:00.000,97.0
2793331,0056015040,JURADO,0027,2018-07-30 09:00:00.000,97.0
2793332,0056015040,JURADO,0027,2018-07-30 10:00:00.000,95.0
2793333,0056015040,JURADO,0027,2018-07-30 11:00:00.000,93.0
2793334,0056015040,JURADO,0027,2018-07-30 12:00:00.000,92.0
2793335,0056015040,JURADO,0027,2018-07-30 13:00:00.000,95.0
2793336,0056015040,JURADO,0027,2018-07-30 14:00:00.000,76.0
2793337,0056015040,JURADO,0027,2018-07-30 15:00:00.000,71.0
2793338,0056015040,JURADO,0027,2018-07-30 16:00:00.000,81.0
2793339,0056015040,JURADO,0027,2018-07-30 17:00:00.000,83.0
2793340,0056015040,JURADO,0027,2018-07-30 18:00:00.000,97.0
2793341,0056015040,JURADO,0027,2018-07-30 19:00:00.000,98.0
2793342,0056015040,JURADO,0027,2018-07-30 20:00:00.000,98.0
2793343,0056015040,JURADO,0027,2018-07-30 21:00:00.000,98.0
2793344,0056015040,JURADO,0027,2018-07-30 22:00:00.000,98.0
2793345,0056015040,JURADO,0027,2018-07-30 23:00:00.000,98.0
2793346,0056015040,JURADO,0027,2018-07-31 00:00:00.000,98.0
2793347,0056015040,JURADO,0027,2018-07-31 01:00:00.000,98.0
2793348,0056015040,JURADO,0027,2018-07-31 02:00:00.000,98.0
2793349,0056015040,JURADO,0027,2018-07-31 03:00:00.000,99.0
2793350,0056015040,JURADO,0027,2018-07-31 04:00:00.000,98.0
2793351,0056015040,JURADO,0027,2018-07-31 05:00:00.000,99.0
2793352,0056015040,JURADO,0027,2018-07-31 06:00:00.000,99.0
2793353,0056015040,JURADO,0027,2018-07-31 07:00:00.000,98.0
2793354,0056015040,JURADO,0027,2018-07-31 08:00:00.000,98.0
2793355,0056015040,JURADO,0027,2018-07-31 09:00:00.000,94.0
2793356,0056015040,JURADO,0027,2018-07-31 10:00:00.000,67.0
2793357,0056015040,JURADO,0027,2018-07-31 11:00:00.000,62.0
2793358,0056015040,JURADO,0027,2018-07-31 12:00:00.000,66.0
2793359,0056015040,JURADO,0027,2018-07-31 13:00:00.000,67.0
2793360,0056015040,JURADO,0027,2018-07-31 14:00:00.000,63.0
2793361,0056015040,JURADO,0027,2018-07-31 15:00:00.000,69.0
2793362,0056015040,JURADO,0027,2018-07-31 16:00:00.000,66.0
2793363,0056015040,JURADO,0027,2018-07-31 17:00:00.000,72.0
2793364,0056015040,JURADO,0027,2018-07-31 18:00:00.000,78.0
2793365,0056015040,JURADO,0027,2018-07-31 19:00:00.000,84.0
2793366,0056015040,JURADO,0027,2018-07-31 20:00:00.000,84.0
2793367,0056015040,JURADO,0027,2018-07-31 21:00:00.000,85.0
2793368,0056015040,JURADO,0027,2018-07-31 22:00:00.000,91.0
2793369,0056015040,JURADO,0027,2018-07-31 23:00:00.000,91.0
2793370,0056015040,JURADO,0027,2018-08-01 00:00:00.000,92.0
2793371,0056015040,JURADO,0027,2018-08-01 01:00:00.000,96.0
2793372,0056015040,JURADO,0027,2018-08-01 02:00:00.000,97.0
2793373,0056015040,JURADO,0027,2018-08-01 03:00:00.000,98.0
2793374,0056015040,JURADO,0027,2018-08-01 04:00:00.000,98.0
2793375,0056015040,JURADO,0027,2018-08-01 05:00:00.000,98.0
2793376,0056015040,JURADO,0027,2018-08-01 06:00:00.000,98.0
2793377,0056015040,JURADO,0027,2018-08-01 07:00:00.000,98.0
2793378,0056015040,JURADO,0027,2018-08-01 08:00:00.000,98.0
2793379,0056015040,JURADO,0027,2018-08-01 09:00:00.000,97.0
2793380,0056015040,JURADO,0027,2018-08-01 10:00:00.000,91.0
2793381,0056015040,JURADO,0027,2018-08-01 11:00:00.000,93.0
2793382,0056015040,JURADO,0027,2018-08-01 12:00:00.000,70.0
2793383,0056015040,JURADO,0027,2018-08-01 13:00:00.000,67.0
2793384,0056015040,JURADO,0027,2018-08-01 14:00:00.000,65.0
2793385,0056015040,JURADO,0027,2018-08-01 15:00:00.000,64.0
2793386,0056015040,JURADO,0027,2018-08-01 16:00:00.000,75.0
2793387,0056015040,JURADO,0027,2018-08-01 17:00:00.000,74.0
2793388,0056015040,JURADO,0027,2018-08-01 18:00:00.000,74.0
2793389,0056015040,JURADO,0027,2018-08-01 19:00:00.000,79.0
2793390,0056015040,JURADO,0027,2018-08-01 20:00:00.000,87.0
2793391,0056015040,JURADO,0027,2018-08-01 21:00:00.000,95.0
2793392,0056015040,JURADO,0027,2018-08-01 22:00:00.000,97.0
2793393,0056015040,JURADO,0027,2018-08-01 23:00:00.000,98.0
2793394,0056015040,JURADO,0027,2018-08-02 00:00:00.000,98.0
2793395,0056015040,JURADO,0027,2018-08-02 01:00:00.000,98.0
2793396,0056015040,JURADO,0027,2018-08-02 02:00:00.000,98.0
2793397,0056015040,JURADO,0027,2018-08-02 03:00:00.000,98.0
2793398,0056015040,JURADO,0027,2018-08-02 04:00:00.000,98.0
2793399,0056015040,JURADO,0027,2018-08-02 05:00:00.000,98.0
2793400,0056015040,JURADO,0027,2018-08-02 06:00:00.000,98.0
2793401,0056015040,JURADO,0027,2018-08-02 07:00:00.000,98.0
2793402,0056015040,JURADO,0027,2018-08-02 08:00:00.000,94.0
2793403,0056015040,JURADO,0027,2018-08-02 09:00:00.000,79.0
2793404,0056015040,JURADO,0027,2018-08-02 10:00:00.000,77.0
2793405,0056015040,JURADO,0027,2018-08-02 11:00:00.000,67.0
2793406,0056015040,JURADO,0027,2018-08-02 12:00:00.000,65.0
2793407,0056015040,JURADO,0027,2018-08-02 13:00:00.000,65.0
2793408,0056015040,JURADO,0027,2018-08-02 14:00:00.000,61.0
2793409,0056015040,JURADO,0027,2018-08-02 15:00:00.000,57.0
2793410,0056015040,JURADO,0027,2018-08-02 16:00:00.000,66.0
2793411,0056015040,JURADO,0027,2018-08-02 17:00:00.000,74.0
2793412,0056015040,JURADO,0027,2018-08-02 18:00:00.000,77.0
2793413,0056015040,JURADO,0027,2018-08-02 19:00:00.000,81.0
2793414,0056015040,JURADO,0027,2018-08-02 20:00:00.000,82.0
2793415,0056015040,JURADO,0027,2018-08-02 21:00:00.000,88.0
2793416,0056015040,JURADO,0027,2018-08-02 22:00:00.000,85.0
2793417,0056015040,JURADO,0027,2018-08-02 23:00:00.000,87.0
2793418,0056015040,JURADO,0027,2018-08-03 00:00:00.000,93.0
2793419,0056015040,JURADO,0027,2018-08-03 01:00:00.000,94.0
2793420,0056015040,JURADO,0027,2018-08-03 02:00:00.000,94.0
2793421,0056015040,JURADO,0027,2018-08-03 03:00:00.000,98.0
2793422,0056015040,JURADO,0027,2018-08-03 04:00:00.000,98.0
2793423,0056015040,JURADO,0027,2018-08-03 05:00:00.000,98.0
2793424,0056015040,JURADO,0027,2018-08-03 06:00:00.000,98.0
2793425,0056015040,JURADO,0027,2018-08-03 07:00:00.000,98.0
2793426,0056015040,JURADO,0027,2018-08-03 08:00:00.000,95.0
2793427,0056015040,JURADO,0027,2018-08-03 09:00:00.000,94.0
2793428,0056015040,JURADO,0027,2018-08-03 10:00:00.000,89.0
2793429,0056015040,JURADO,0027,2018-08-03 11:00:00.000,76.0
2793430,0056015040,JURADO,0027,2018-08-03 12:00:00.000,73.0
2793431,0056015040,JURADO,0027,2018-08-03 13:00:00.000,70.0
2793432,0056015040,JURADO,0027,2018-08-03 14:00:00.000,67.0
2793433,0056015040,JURADO,0027,2018-08-03 15:00:00.000,65.0
2793434,0056015040,JURADO,0027,2018-08-03 16:00:00.000,78.0
2793435,0056015040,JURADO,0027,2018-08-03 17:00:00.000,81.0
2793436,0056015040,JURADO,0027,2018-08-03 18:00:00.000,93.0
2793437,0056015040,JURADO,0027,2018-08-03 19:00:00.000,94.0
2793438,0056015040,JURADO,0027,2018-08-03 20:00:00.000,98.0
2793439,0056015040,JURADO,0027,2018-08-03 21:00:00.000,98.0
2793440,0056015040,JURADO,0027,2018-08-03 22:00:00.000,98.0
2793441,0056015040,JURADO,0027,2018-08-03 23:00:00.000,98.0
2793442,0056015040,JURADO,0027,2018-08-04 00:00:00.000,98.0
2793443,0056015040,JURADO,0027,2018-08-04 01:00:00.000,98.0
2793444,0056015040,JURADO,0027,2018-08-04 02:00:00.000,98.0
2793445,0056015040,JURADO,0027,2018-08-04 03:00:00.000,98.0
2793446,0056015040,JURADO,0027,2018-08-04 04:00:00.000,98.0
2793447,0056015040,JURADO,0027,2018-08-04 05:00:00.000,98.0
2793448,0056015040,JURADO,0027,2018-08-04 06:00:00.000,98.0
2793449,0056015040,JURADO,0027,2018-08-04 07:00:00.000,98.0
2793450,0056015040,JURADO,0027,2018-08-04 08:00:00.000,97.0
2793451,0056015040,JURADO,0027,2018-08-04 09:00:00.000,95.0
2793452,0056015040,JURADO,0027,2018-08-04 10:00:00.000,87.0
2793453,0056015040,JURADO,0027,2018-08-04 11:00:00.000,73.0
2793454,0056015040,JURADO,0027,2018-08-04 12:00:00.000,88.0
2793455,0056015040,JURADO,0027,2018-08-04 13:00:00.000,92.0
2793456,0056015040,JURADO,0027,2018-08-04 14:00:00.000,73.0
2793457,0056015040,JURADO,0027,2018-08-04 15:00:00.000,69.0
2793458,0056015040,JURADO,0027,2018-08-04 16:00:00.000,78.0
2793459,0056015040,JURADO,0027,2018-08-04 17:00:00.000,76.0
2793460,0056015040,JURADO,0027,2018-08-04 18:00:00.000,82.0
2793461,0056015040,JURADO,0027,2018-08-04 19:00:00.000,95.0
2793462,0056015040,JURADO,0027,2018-08-04 20:00:00.000,96.0
2793463,0056015040,JURADO,0027,2018-08-04 21:00:00.000,97.0
2793464,0056015040,JURADO,0027,2018-08-04 22:00:00.000,97.0
2793465,0056015040,JURADO,0027,2018-08-04 23:00:00.000,95.0
2793466,0056015040,JURADO,0027,2018-08-05 00:00:00.000,96.0
2793467,0056015040,JURADO,0027,2018-08-05 01:00:00.000,96.0
2793468,0056015040,JURADO,0027,2018-08-05 02:00:00.000,96.0
2793469,0056015040,JURADO,0027,2018-08-05 03:00:00.000,97.0
2793470,0056015040,JURADO,0027,2018-08-05 04:00:00.000,97.0
2793471,0056015040,JURADO,0027,2018-08-05 05:00:00.000,97.0
2793472,0056015040,JURADO,0027,2018-08-05 06:00:00.000,97.0
2793473,0056015040,JURADO,0027,2018-08-05 07:00:00.000,96.0
2793474,0056015040,JURADO,0027,2018-08-05 08:00:00.000,96.0
2793475,0056015040,JURADO,0027,2018-08-05 09:00:00.000,90.0
2793476,0056015040,JURADO,0027,2018-08-05 10:00:00.000,74.0
2793477,0056015040,JURADO,0027,2018-08-05 11:00:00.000,73.0
2793478,0056015040,JURADO,0027,2018-08-05 12:00:00.000,70.0
2793479,0056015040,JURADO,0027,2018-08-05 13:00:00.000,70.0
2793480,0056015040,JURADO,0027,2018-08-05 14:00:00.000,67.0
2793481,0056015040,JURADO,0027,2018-08-05 15:00:00.000,78.0
2793482,0056015040,JURADO,0027,2018-08-05 16:00:00.000,78.0
2793483,0056015040,JURADO,0027,2018-08-05 17:00:00.000,82.0
2793484,0056015040,JURADO,0027,2018-08-05 18:00:00.000,85.0
2793485,0056015040,JURADO,0027,2018-08-05 19:00:00.000,86.0
2793486,0056015040,JURADO,0027,2018-08-05 20:00:00.000,95.0
2793487,0056015040,JURADO,0027,2018-08-05 21:00:00.000,98.0
2793488,0056015040,JURADO,0027,2018-08-05 22:00:00.000,98.0
2793489,0056015040,JURADO,0027,2018-08-05 23:00:00.000,98.0
2793490,0056015040,JURADO,0027,2018-08-06 00:00:00.000,98.0
2793491,0056015040,JURADO,0027,2018-08-06 01:00:00.000,98.0
2793492,0056015040,JURADO,0027,2018-08-06 02:00:00.000,98.0
2793493,0056015040,JURADO,0027,2018-08-06 03:00:00.000,98.0
2793494,0056015040,JURADO,0027,2018-08-06 04:00:00.000,98.0
2793495,0056015040,JURADO,0027,2018-08-06 05:00:00.000,98.0
2793496,0056015040,JURADO,0027,2018-08-06 06:00:00.000,98.0
2793497,0056015040,JURADO,0027,2018-08-06 07:00:00.000,96.0
2793498,0056015040,JURADO,0027,2018-08-06 08:00:00.000,90.0
2793499,0056015040,JURADO,0027,2018-08-06 09:00:00.000,69.0
2793500,0056015040,JURADO,0027,2018-08-06 10:00:00.000,66.0
2793501,0056015040,JURADO,0027,2018-08-06 11:00:00.000,62.0
2793502,0056015040,JURADO,0027,2018-08-06 12:00:00.000,65.0
2793503,0056015040,JURADO,0027,2018-08-06 13:00:00.000,68.0
2793504,0056015040,JURADO,0027,2018-08-06 14:00:00.000,63.0
2793505,0056015040,JURADO,0027,2018-08-06 15:00:00.000,61.0
2793506,0056015040,JURADO,0027,2018-08-06 16:00:00.000,74.0
2793507,0056015040,JURADO,0027,2018-08-06 17:00:00.000,77.0
2793508,0056015040,JURADO,0027,2018-08-06 18:00:00.000,83.0
2793509,0056015040,JURADO,0027,2018-08-06 19:00:00.000,84.0
2793510,0056015040,JURADO,0027,2018-08-06 20:00:00.000,85.0
2793511,0056015040,JURADO,0027,2018-08-06 21:00:00.000,85.0
2793512,0056015040,JURADO,0027,2018-08-06 22:00:00.000,91.0
2793513,0056015040,JURADO,0027,2018-08-06 23:00:00.000,95.0
2793514,0056015040,JURADO,0027,2018-08-07 00:00:00.000,95.0
2793515,0056015040,JURADO,0027,2018-08-07 01:00:00.000,94.0
2793516,0056015040,JURADO,0027,2018-08-07 02:00:00.000,94.0
2793517,0056015040,JURADO,0027,2018-08-07 03:00:00.000,94.0
2793518,0056015040,JURADO,0027,2018-08-07 04:00:00.000,93.0
2793519,0056015040,JURADO,0027,2018-08-07 05:00:00.000,93.0
2793520,0056015040,JURADO,0027,2018-08-07 06:00:00.000,93.0
2793521,0056015040,JURADO,0027,2018-08-07 07:00:00.000,75.0
2793522,0056015040,JURADO,0027,2018-08-07 08:00:00.000,67.0
2793523,0056015040,JURADO,0027,2018-08-07 09:00:00.000,69.0
2793524,0056015040,JURADO,0027,2018-08-07 10:00:00.000,61.0
2793525,0056015040,JURADO,0027,2018-08-07 11:00:00.000,64.0
2793526,0056015040,JURADO,0027,2018-08-07 12:00:00.000,69.0
2793527,0056015040,JURADO,0027,2018-08-07 13:00:00.000,70.0
2793528,0056015040,JURADO,0027,2018-08-07 14:00:00.000,67.0
2793529,0056015040,JURADO,0027,2018-08-07 15:00:00.000,69.0
2793530,0056015040,JURADO,0027,2018-08-07 16:00:00.000,73.0
2793531,0056015040,JURADO,0027,2018-08-07 17:00:00.000,74.0
2793532,0056015040,JURADO,0027,2018-08-07 18:00:00.000,80.0
2793533,0056015040,JURADO,0027,2018-08-07 19:00:00.000,83.0
2793534,0056015040,JURADO,0027,2018-08-07 20:00:00.000,85.0
2793535,0056015040,JURADO,0027,2018-08-07 21:00:00.000,84.0
2793536,0056015040,JURADO,0027,2018-08-07 22:00:00.000,85.0
2793537,0056015040,JURADO,0027,2018-08-07 23:00:00.000,88.0
2793538,0056015040,JURADO,0027,2018-08-08 00:00:00.000,93.0
2793539,0056015040,JURADO,0027,2018-08-08 01:00:00.000,93.0
2793540,0056015040,JURADO,0027,2018-08-08 02:00:00.000,93.0
2793541,0056015040,JURADO,0027,2018-08-08 03:00:00.000,96.0
2793542,0056015040,JURADO,0027,2018-08-08 04:00:00.000,97.0
2793543,0056015040,JURADO,0027,2018-08-08 05:00:00.000,97.0
2793544,0056015040,JURADO,0027,2018-08-08 06:00:00.000,97.0
2793545,0056015040,JURADO,0027,2018-08-08 07:00:00.000,96.0
2793546,0056015040,JURADO,0027,2018-08-08 08:00:00.000,90.0
2793547,0056015040,JURADO,0027,2018-08-08 09:00:00.000,85.0
2793548,0056015040,JURADO,0027,2018-08-08 10:00:00.000,73.0
2793549,0056015040,JURADO,0027,2018-08-08 11:00:00.000,70.0
2793550,0056015040,JURADO,0027,2018-08-08 12:00:00.000,71.0
2793551,0056015040,JURADO,0027,2018-08-08 13:00:00.000,77.0
2793552,0056015040,JURADO,0027,2018-08-08 14:00:00.000,82.0
2793553,0056015040,JURADO,0027,2018-08-08 15:00:00.000,84.0
2793554,0056015040,JURADO,0027,2018-08-08 16:00:00.000,84.0
2793555,0056015040,JURADO,0027,2018-08-08 17:00:00.000,85.0
2793556,0056015040,JURADO,0027,2018-08-08 18:00:00.000,86.0
2793557,0056015040,JURADO,0027,2018-08-08 19:00:00.000,85.0
2793558,0056015040,JURADO,0027,2018-08-08 20:00:00.000,88.0
2793559,0056015040,JURADO,0027,2018-08-08 21:00:00.000,93.0
2793560,0056015040,JURADO,0027,2018-08-08 22:00:00.000,93.0
2793561,0056015040,JURADO,0027,2018-08-08 23:00:00.000,94.0
2793562,0056015040,JURADO,0027,2018-08-09 00:00:00.000,95.0
2793563,0056015040,JURADO,0027,2018-08-09 01:00:00.000,96.0
2793564,0056015040,JURADO,0027,2018-08-09 02:00:00.000,98.0
2793565,0056015040,JURADO,0027,2018-08-09 03:00:00.000,98.0
2793566,0056015040,JURADO,0027,2018-08-09 04:00:00.000,98.0
2793567,0056015040,JURADO,0027,2018-08-09 05:00:00.000,98.0
2793568,0056015040,JURADO,0027,2018-08-09 06:00:00.000,98.0
2793569,0056015040,JURADO,0027,2018-08-09 07:00:00.000,98.0
2793570,0056015040,JURADO,0027,2018-08-09 08:00:00.000,98.0
2793571,0056015040,JURADO,0027,2018-08-09 09:00:00.000,98.0
2793572,0056015040,JURADO,0027,2018-08-09 10:00:00.000,94.0
2793573,0056015040,JURADO,0027,2018-08-09 11:00:00.000,87.0
2793574,0056015040,JURADO,0027,2018-08-09 12:00:00.000,70.0
2793575,0056015040,JURADO,0027,2018-08-09 13:00:00.000,73.0
2793576,0056015040,JURADO,0027,2018-08-09 14:00:00.000,67.0
2793577,0056015040,JURADO,0027,2018-08-09 15:00:00.000,67.0
2793578,0056015040,JURADO,0027,2018-08-09 16:00:00.000,78.0
2793579,0056015040,JURADO,0027,2018-08-09 17:00:00.000,81.0
2793580,0056015040,JURADO,0027,2018-08-09 18:00:00.000,82.0
2793581,0056015040,JURADO,0027,2018-08-09 19:00:00.000,81.0
2793582,0056015040,JURADO,0027,2018-08-09 20:00:00.000,92.0
2793583,0056015040,JURADO,0027,2018-08-09 21:00:00.000,96.0
2793584,0056015040,JURADO,0027,2018-08-09 22:00:00.000,96.0
2793585,0056015040,JURADO,0027,2018-08-09 23:00:00.000,96.0
2793586,0056015040,JURADO,0027,2018-08-10 00:00:00.000,95.0
2793587,0056015040,JURADO,0027,2018-08-10 01:00:00.000,94.0
2793588,0056015040,JURADO,0027,2018-08-10 02:00:00.000,90.0
2793589,0056015040,JURADO,0027,2018-08-10 03:00:00.000,94.0
2793590,0056015040,JURADO,0027,2018-08-10 04:00:00.000,95.0
2793591,0056015040,JURADO,0027,2018-08-10 05:00:00.000,95.0
2793592,0056015040,JURADO,0027,2018-08-10 06:00:00.000,95.0
2793593,0056015040,JURADO,0027,2018-08-10 07:00:00.000,92.0
2793594,0056015040,JURADO,0027,2018-08-10 08:00:00.000,85.0
2793595,0056015040,JURADO,0027,2018-08-10 09:00:00.000,74.0
2793596,0056015040,JURADO,0027,2018-08-10 10:00:00.000,57.0
2793597,0056015040,JURADO,0027,2018-08-10 11:00:00.000,76.0
2793598,0056015040,JURADO,0027,2018-08-10 12:00:00.000,72.0
2793599,0056015040,JURADO,0027,2018-08-10 13:00:00.000,65.0
2793600,0056015040,JURADO,0027,2018-08-10 14:00:00.000,65.0
2793601,0056015040,JURADO,0027,2018-08-10 15:00:00.000,76.0
2793602,0056015040,JURADO,0027,2018-08-10 16:00:00.000,77.0
2793603,0056015040,JURADO,0027,2018-08-10 17:00:00.000,79.0
2793604,0056015040,JURADO,0027,2018-08-10 18:00:00.000,84.0
2793605,0056015040,JURADO,0027,2018-08-10 19:00:00.000,86.0
2793606,0056015040,JURADO,0027,2018-08-10 20:00:00.000,89.0
2793607,0056015040,JURADO,0027,2018-08-10 21:00:00.000,94.0
2793608,0056015040,JURADO,0027,2018-08-10 22:00:00.000,95.0
2793609,0056015040,JURADO,0027,2018-08-10 23:00:00.000,95.0
2793610,0056015040,JURADO,0027,2018-08-11 00:00:00.000,96.0
2793611,0056015040,JURADO,0027,2018-08-11 01:00:00.000,96.0
2793612,0056015040,JURADO,0027,2018-08-11 02:00:00.000,96.0
2793613,0056015040,JURADO,0027,2018-08-11 03:00:00.000,96.0
2793614,0056015040,JURADO,0027,2018-08-11 04:00:00.000,96.0
2793615,0056015040,JURADO,0027,2018-08-11 05:00:00.000,97.0
2793616,0056015040,JURADO,0027,2018-08-11 06:00:00.000,97.0
2793617,0056015040,JURADO,0027,2018-08-11 07:00:00.000,95.0
2793618,0056015040,JURADO,0027,2018-08-11 08:00:00.000,72.0
2793619,0056015040,JURADO,0027,2018-08-11 09:00:00.000,69.0
2793620,0056015040,JURADO,0027,2018-08-11 10:00:00.000,67.0
2793621,0056015040,JURADO,0027,2018-08-11 11:00:00.000,67.0
2793622,0056015040,JURADO,0027,2018-08-11 12:00:00.000,69.0
2793623,0056015040,JURADO,0027,2018-08-11 13:00:00.000,68.0
2793624,0056015040,JURADO,0027,2018-08-11 14:00:00.000,73.0
2793625,0056015040,JURADO,0027,2018-08-11 15:00:00.000,73.0
2793626,0056015040,JURADO,0027,2018-08-11 16:00:00.000,81.0
2793627,0056015040,JURADO,0027,2018-08-11 17:00:00.000,79.0
2793628,0056015040,JURADO,0027,2018-08-11 18:00:00.000,84.0
2793629,0056015040,JURADO,0027,2018-08-11 19:00:00.000,86.0
2793630,0056015040,JURADO,0027,2018-08-11 20:00:00.000,85.0
2793631,0056015040,JURADO,0027,2018-08-11 21:00:00.000,96.0
2793632,0056015040,JURADO,0027,2018-08-11 22:00:00.000,95.0
2793633,0056015040,JURADO,0027,2018-08-11 23:00:00.000,95.0
2793634,0056015040,JURADO,0027,2018-08-12 00:00:00.000,94.0
2793635,0056015040,JURADO,0027,2018-08-12 01:00:00.000,95.0
2793636,0056015040,JURADO,0027,2018-08-12 02:00:00.000,95.0
2793637,0056015040,JURADO,0027,2018-08-12 03:00:00.000,95.0
2793638,0056015040,JURADO,0027,2018-08-12 04:00:00.000,95.0
2793639,0056015040,JURADO,0027,2018-08-12 05:00:00.000,94.0
2793640,0056015040,JURADO,0027,2018-08-12 06:00:00.000,94.0
2793641,0056015040,JURADO,0027,2018-08-12 07:00:00.000,94.0
2793642,0056015040,JURADO,0027,2018-08-12 08:00:00.000,91.0
2793643,0056015040,JURADO,0027,2018-08-12 09:00:00.000,72.0
2793644,0056015040,JURADO,0027,2018-08-12 10:00:00.000,68.0
2793645,0056015040,JURADO,0027,2018-08-12 11:00:00.000,68.0
2793646,0056015040,JURADO,0027,2018-08-12 12:00:00.000,68.0
2793647,0056015040,JURADO,0027,2018-08-12 13:00:00.000,66.0
2793648,0056015040,JURADO,0027,2018-08-12 14:00:00.000,61.0
2793649,0056015040,JURADO,0027,2018-08-12 15:00:00.000,65.0
2793650,0056015040,JURADO,0027,2018-08-12 16:00:00.000,77.0
2793651,0056015040,JURADO,0027,2018-08-12 17:00:00.000,80.0
2793652,0056015040,JURADO,0027,2018-08-12 18:00:00.000,84.0
2793653,0056015040,JURADO,0027,2018-08-12 19:00:00.000,86.0
2793654,0056015040,JURADO,0027,2018-08-12 20:00:00.000,88.0
2793655,0056015040,JURADO,0027,2018-08-12 21:00:00.000,92.0
2793656,0056015040,JURADO,0027,2018-08-12 22:00:00.000,93.0
2793657,0056015040,JURADO,0027,2018-08-12 23:00:00.000,92.0
2793658,0056015040,JURADO,0027,2018-08-13 00:00:00.000,94.0
2793659,0056015040,JURADO,0027,2018-08-13 01:00:00.000,95.0
2793660,0056015040,JURADO,0027,2018-08-13 02:00:00.000,98.0
2793661,0056015040,JURADO,0027,2018-08-13 03:00:00.000,98.0
2793662,0056015040,JURADO,0027,2018-08-13 04:00:00.000,98.0
2793663,0056015040,JURADO,0027,2018-08-13 05:00:00.000,98.0
2793664,0056015040,JURADO,0027,2018-08-13 06:00:00.000,98.0
2793665,0056015040,JURADO,0027,2018-08-13 07:00:00.000,98.0
2793666,0056015040,JURADO,0027,2018-08-13 08:00:00.000,98.0
2793667,0056015040,JURADO,0027,2018-08-13 09:00:00.000,98.0
2793668,0056015040,JURADO,0027,2018-08-13 10:00:00.000,97.0
2793669,0056015040,JURADO,0027,2018-08-13 11:00:00.000,94.0
2793670,0056015040,JURADO,0027,2018-08-13 12:00:00.000,92.0
2793671,0056015040,JURADO,0027,2018-08-13 13:00:00.000,91.0
2793672,0056015040,JURADO,0027,2018-08-13 14:00:00.000,83.0
2793673,0056015040,JURADO,0027,2018-08-13 15:00:00.000,94.0
2793674,0056015040,JURADO,0027,2018-08-13 16:00:00.000,90.0
2793675,0056015040,JURADO,0027,2018-08-13 17:00:00.000,86.0
2793676,0056015040,JURADO,0027,2018-08-13 18:00:00.000,90.0
2793677,0056015040,JURADO,0027,2018-08-13 19:00:00.000,92.0
2793678,0056015040,JURADO,0027,2018-08-13 20:00:00.000,97.0
2793679,0056015040,JURADO,0027,2018-08-13 21:00:00.000,98.0
2793680,0056015040,JURADO,0027,2018-08-13 22:00:00.000,98.0
2793681,0056015040,JURADO,0027,2018-08-13 23:00:00.000,98.0
2793682,0056015040,JURADO,0027,2018-08-14 00:00:00.000,98.0
2793683,0056015040,JURADO,0027,2018-08-14 01:00:00.000,98.0
2793684,0056015040,JURADO,0027,2018-08-14 02:00:00.000,97.0
2793685,0056015040,JURADO,0027,2018-08-14 03:00:00.000,97.0
2793686,0056015040,JURADO,0027,2018-08-14 04:00:00.000,97.0
2793687,0056015040,JURADO,0027,2018-08-14 05:00:00.000,97.0
2793688,0056015040,JURADO,0027,2018-08-14 06:00:00.000,97.0
2793689,0056015040,JURADO,0027,2018-08-14 07:00:00.000,97.0
2793690,0056015040,JURADO,0027,2018-08-14 08:00:00.000,98.0
2793691,0056015040,JURADO,0027,2018-08-14 09:00:00.000,97.0
2793692,0056015040,JURADO,0027,2018-08-14 10:00:00.000,97.0
2793693,0056015040,JURADO,0027,2018-08-14 11:00:00.000,97.0
2793694,0056015040,JURADO,0027,2018-08-14 12:00:00.000,96.0
2793695,0056015040,JURADO,0027,2018-08-14 13:00:00.000,96.0
2793696,0056015040,JURADO,0027,2018-08-14 14:00:00.000,93.0
2793697,0056015040,JURADO,0027,2018-08-14 15:00:00.000,76.0
2793698,0056015040,JURADO,0027,2018-08-14 16:00:00.000,78.0
2793699,0056015040,JURADO,0027,2018-08-14 17:00:00.000,85.0
2793700,0056015040,JURADO,0027,2018-08-14 18:00:00.000,96.0
2793701,0056015040,JURADO,0027,2018-08-14 19:00:00.000,98.0
2793702,0056015040,JURADO,0027,2018-08-14 20:00:00.000,98.0
2793703,0056015040,JURADO,0027,2018-08-14 21:00:00.000,98.0
2793704,0056015040,JURADO,0027,2018-08-14 22:00:00.000,98.0
2793705,0056015040,JURADO,0027,2018-08-14 23:00:00.000,98.0
2793706,0056015040,JURADO,0027,2018-08-15 00:00:00.000,98.0
2793707,0056015040,JURADO,0027,2018-08-15 01:00:00.000,98.0
2793708,0056015040,JURADO,0027,2018-08-15 02:00:00.000,97.0
2793709,0056015040,JURADO,0027,2018-08-15 03:00:00.000,97.0
2793710,0056015040,JURADO,0027,2018-08-15 04:00:00.000,96.0
2793711,0056015040,JURADO,0027,2018-08-15 05:00:00.000,96.0
2793712,0056015040,JURADO,0027,2018-08-15 06:00:00.000,95.0
2793713,0056015040,JURADO,0027,2018-08-15 07:00:00.000,94.0
2793714,0056015040,JURADO,0027,2018-08-15 08:00:00.000,88.0
2793715,0056015040,JURADO,0027,2018-08-15 09:00:00.000,79.0
2793716,0056015040,JURADO,0027,2018-08-15 10:00:00.000,75.0
2793717,0056015040,JURADO,0027,2018-08-15 11:00:00.000,65.0
2793718,0056015040,JURADO,0027,2018-08-15 12:00:00.000,67.0
2793719,0056015040,JURADO,0027,2018-08-15 13:00:00.000,66.0
2793720,0056015040,JURADO,0027,2018-08-15 14:00:00.000,57.0
2793721,0056015040,JURADO,0027,2018-08-15 15:00:00.000,55.0
2793722,0056015040,JURADO,0027,2018-08-15 16:00:00.000,69.0
2793723,0056015040,JURADO,0027,2018-08-15 17:00:00.000,82.0
2793724,0056015040,JURADO,0027,2018-08-15 18:00:00.000,82.0
2793725,0056015040,JURADO,0027,2018-08-15 19:00:00.000,82.0
2793726,0056015040,JURADO,0027,2018-08-15 20:00:00.000,82.0
2793727,0056015040,JURADO,0027,2018-08-15 21:00:00.000,93.0
2793728,0056015040,JURADO,0027,2018-08-15 22:00:00.000,93.0
2793729,0056015040,JURADO,0027,2018-08-15 23:00:00.000,93.0
2793730,0056015040,JURADO,0027,2018-08-16 00:00:00.000,93.0
2793731,0056015040,JURADO,0027,2018-08-16 01:00:00.000,95.0
2793732,0056015040,JURADO,0027,2018-08-16 02:00:00.000,95.0
2793733,0056015040,JURADO,0027,2018-08-16 03:00:00.000,96.0
2793734,0056015040,JURADO,0027,2018-08-16 04:00:00.000,96.0
2793735,0056015040,JURADO,0027,2018-08-16 05:00:00.000,97.0
2793736,0056015040,JURADO,0027,2018-08-16 06:00:00.000,96.0
2793737,0056015040,JURADO,0027,2018-08-16 07:00:00.000,95.0
2793738,0056015040,JURADO,0027,2018-08-16 08:00:00.000,89.0
2793739,0056015040,JURADO,0027,2018-08-16 09:00:00.000,80.0
2793740,0056015040,JURADO,0027,2018-08-16 10:00:00.000,69.0
2793741,0056015040,JURADO,0027,2018-08-16 11:00:00.000,59.0
2793742,0056015040,JURADO,0027,2018-08-16 12:00:00.000,69.0
2793743,0056015040,JURADO,0027,2018-08-16 13:00:00.000,63.0
2793744,0056015040,JURADO,0027,2018-08-16 14:00:00.000,61.0
2793745,0056015040,JURADO,0027,2018-08-16 15:00:00.000,59.0
2793746,0056015040,JURADO,0027,2018-08-16 16:00:00.000,69.0
2793747,0056015040,JURADO,0027,2018-08-16 17:00:00.000,73.0
2793748,0056015040,JURADO,0027,2018-08-16 18:00:00.000,80.0
2793749,0056015040,JURADO,0027,2018-08-16 19:00:00.000,82.0
2793750,0056015040,JURADO,0027,2018-08-16 20:00:00.000,87.0
2793751,0056015040,JURADO,0027,2018-08-16 21:00:00.000,93.0
2793752,0056015040,JURADO,0027,2018-08-16 22:00:00.000,93.0
2793753,0056015040,JURADO,0027,2018-08-16 23:00:00.000,94.0
2793754,0056015040,JURADO,0027,2018-08-17 00:00:00.000,94.0
2793755,0056015040,JURADO,0027,2018-08-17 01:00:00.000,95.0
2793756,0056015040,JURADO,0027,2018-08-17 02:00:00.000,96.0
2793757,0056015040,JURADO,0027,2018-08-17 03:00:00.000,96.0
2793758,0056015040,JURADO,0027,2018-08-17 04:00:00.000,96.0
2793759,0056015040,JURADO,0027,2018-08-17 05:00:00.000,96.0
2793760,0056015040,JURADO,0027,2018-08-17 06:00:00.000,95.0
2793761,0056015040,JURADO,0027,2018-08-17 07:00:00.000,93.0
2793762,0056015040,JURADO,0027,2018-08-17 08:00:00.000,82.0
2793763,0056015040,JURADO,0027,2018-08-17 09:00:00.000,60.0
2793764,0056015040,JURADO,0027,2018-08-17 10:00:00.000,50.0
2793765,0056015040,JURADO,0027,2018-08-17 11:00:00.000,60.0
2793766,0056015040,JURADO,0027,2018-08-17 12:00:00.000,66.0
2793767,0056015040,JURADO,0027,2018-08-17 13:00:00.000,68.0
2793768,0056015040,JURADO,0027,2018-08-17 14:00:00.000,62.0
2793769,0056015040,JURADO,0027,2018-08-17 15:00:00.000,61.0
2793770,0056015040,JURADO,0027,2018-08-17 16:00:00.000,84.0
2793771,0056015040,JURADO,0027,2018-08-17 17:00:00.000,76.0
2793772,0056015040,JURADO,0027,2018-08-17 18:00:00.000,80.0
2793773,0056015040,JURADO,0027,2018-08-17 19:00:00.000,83.0
2793774,0056015040,JURADO,0027,2018-08-17 20:00:00.000,91.0
2793775,0056015040,JURADO,0027,2018-08-17 21:00:00.000,97.0
2793776,0056015040,JURADO,0027,2018-08-17 22:00:00.000,97.0
2793777,0056015040,JURADO,0027,2018-08-17 23:00:00.000,97.0
2793778,0056015040,JURADO,0027,2018-08-18 00:00:00.000,96.0
2793779,0056015040,JURADO,0027,2018-08-18 01:00:00.000,94.0
2793780,0056015040,JURADO,0027,2018-08-18 02:00:00.000,94.0
2793781,0056015040,JURADO,0027,2018-08-18 03:00:00.000,94.0
2793782,0056015040,JURADO,0027,2018-08-18 04:00:00.000,94.0
2793783,0056015040,JURADO,0027,2018-08-18 05:00:00.000,93.0
2793784,0056015040,JURADO,0027,2018-08-18 06:00:00.000,95.0
2793785,0056015040,JURADO,0027,2018-08-18 07:00:00.000,93.0
2793786,0056015040,JURADO,0027,2018-08-18 08:00:00.000,86.0
2793787,0056015040,JURADO,0027,2018-08-18 09:00:00.000,76.0
2793788,0056015040,JURADO,0027,2018-08-18 10:00:00.000,68.0
2793789,0056015040,JURADO,0027,2018-08-18 11:00:00.000,65.0
2793790,0056015040,JURADO,0027,2018-08-18 12:00:00.000,72.0
2793791,0056015040,JURADO,0027,2018-08-18 13:00:00.000,72.0
2793792,0056015040,JURADO,0027,2018-08-18 14:00:00.000,78.0
2793793,0056015040,JURADO,0027,2018-08-18 15:00:00.000,73.0
2793794,0056015040,JURADO,0027,2018-08-18 16:00:00.000,90.0
2793795,0056015040,JURADO,0027,2018-08-18 17:00:00.000,81.0
2793796,0056015040,JURADO,0027,2018-08-18 18:00:00.000,83.0
2793797,0056015040,JURADO,0027,2018-08-18 19:00:00.000,92.0
2793798,0056015040,JURADO,0027,2018-08-18 20:00:00.000,95.0
2793799,0056015040,JURADO,0027,2018-08-18 21:00:00.000,95.0
2793800,0056015040,JURADO,0027,2018-08-18 22:00:00.000,97.0
2793801,0056015040,JURADO,0027,2018-08-18 23:00:00.000,97.0
2793802,0056015040,JURADO,0027,2018-08-19 00:00:00.000,97.0
2793803,0056015040,JURADO,0027,2018-08-19 01:00:00.000,97.0
2793804,0056015040,JURADO,0027,2018-08-19 02:00:00.000,97.0
2793805,0056015040,JURADO,0027,2018-08-19 03:00:00.000,97.0
2793806,0056015040,JURADO,0027,2018-08-19 04:00:00.000,98.0
2793807,0056015040,JURADO,0027,2018-08-19 05:00:00.000,98.0
2793808,0056015040,JURADO,0027,2018-08-19 06:00:00.000,98.0
2793809,0056015040,JURADO,0027,2018-08-19 07:00:00.000,98.0
2793810,0056015040,JURADO,0027,2018-08-19 08:00:00.000,97.0
2793811,0056015040,JURADO,0027,2018-08-19 09:00:00.000,97.0
2793812,0056015040,JURADO,0027,2018-08-19 10:00:00.000,96.0
2793813,0056015040,JURADO,0027,2018-08-19 11:00:00.000,93.0
2793814,0056015040,JURADO,0027,2018-08-19 12:00:00.000,70.0
2793815,0056015040,JURADO,0027,2018-08-19 13:00:00.000,63.0
2793816,0056015040,JURADO,0027,2018-08-19 14:00:00.000,68.0
2793817,0056015040,JURADO,0027,2018-08-19 15:00:00.000,76.0
2793818,0056015040,JURADO,0027,2018-08-19 16:00:00.000,74.0
2793819,0056015040,JURADO,0027,2018-08-19 17:00:00.000,77.0
2793820,0056015040,JURADO,0027,2018-08-19 18:00:00.000,83.0
2793821,0056015040,JURADO,0027,2018-08-19 19:00:00.000,83.0
2793822,0056015040,JURADO,0027,2018-08-19 20:00:00.000,80.0
2793823,0056015040,JURADO,0027,2018-08-19 21:00:00.000,83.0
2793824,0056015040,JURADO,0027,2018-08-19 22:00:00.000,92.0
2793825,0056015040,JURADO,0027,2018-08-19 23:00:00.000,95.0
2793826,0056015040,JURADO,0027,2018-08-20 00:00:00.000,95.0
2793827,0056015040,JURADO,0027,2018-08-20 01:00:00.000,96.0
2793828,0056015040,JURADO,0027,2018-08-20 02:00:00.000,96.0
2793829,0056015040,JURADO,0027,2018-08-20 03:00:00.000,97.0
2793830,0056015040,JURADO,0027,2018-08-20 04:00:00.000,97.0
2793831,0056015040,JURADO,0027,2018-08-20 05:00:00.000,96.0
2793832,0056015040,JURADO,0027,2018-08-20 06:00:00.000,96.0
2793833,0056015040,JURADO,0027,2018-08-20 07:00:00.000,92.0
2793834,0056015040,JURADO,0027,2018-08-20 08:00:00.000,87.0
2793835,0056015040,JURADO,0027,2018-08-20 09:00:00.000,68.0
2793836,0056015040,JURADO,0027,2018-08-20 10:00:00.000,62.0
2793837,0056015040,JURADO,0027,2018-08-20 11:00:00.000,61.0
2793838,0056015040,JURADO,0027,2018-08-20 12:00:00.000,64.0
2793839,0056015040,JURADO,0027,2018-08-20 13:00:00.000,65.0
2793840,0056015040,JURADO,0027,2018-08-20 14:00:00.000,59.0
2793841,0056015040,JURADO,0027,2018-08-20 15:00:00.000,61.0
2793842,0056015040,JURADO,0027,2018-08-20 16:00:00.000,72.0
2793843,0056015040,JURADO,0027,2018-08-20 17:00:00.000,73.0
2793844,0056015040,JURADO,0027,2018-08-20 18:00:00.000,79.0
2793845,0056015040,JURADO,0027,2018-08-20 19:00:00.000,81.0
2793846,0056015040,JURADO,0027,2018-08-20 20:00:00.000,81.0
2793847,0056015040,JURADO,0027,2018-08-20 21:00:00.000,90.0
2793848,0056015040,JURADO,0027,2018-08-20 22:00:00.000,95.0
2793849,0056015040,JURADO,0027,2018-08-20 23:00:00.000,95.0
2793850,0056015040,JURADO,0027,2018-08-21 00:00:00.000,95.0
2793851,0056015040,JURADO,0027,2018-08-21 01:00:00.000,95.0
2793852,0056015040,JURADO,0027,2018-08-21 02:00:00.000,94.0
2793853,0056015040,JURADO,0027,2018-08-21 03:00:00.000,98.0
2793854,0056015040,JURADO,0027,2018-08-21 04:00:00.000,98.0
2793855,0056015040,JURADO,0027,2018-08-21 05:00:00.000,98.0
2793856,0056015040,JURADO,0027,2018-08-21 06:00:00.000,98.0
2793857,0056015040,JURADO,0027,2018-08-21 07:00:00.000,98.0
2793858,0056015040,JURADO,0027,2018-08-21 08:00:00.000,97.0
2793859,0056015040,JURADO,0027,2018-08-21 09:00:00.000,97.0
2793860,0056015040,JURADO,0027,2018-08-21 10:00:00.000,95.0
2793861,0056015040,JURADO,0027,2018-08-21 11:00:00.000,93.0
2793862,0056015040,JURADO,0027,2018-08-21 12:00:00.000,67.0
2793863,0056015040,JURADO,0027,2018-08-21 13:00:00.000,68.0
2793864,0056015040,JURADO,0027,2018-08-21 14:00:00.000,69.0
2793865,0056015040,JURADO,0027,2018-08-21 15:00:00.000,75.0
2793866,0056015040,JURADO,0027,2018-08-21 16:00:00.000,80.0
2793867,0056015040,JURADO,0027,2018-08-21 17:00:00.000,81.0
2793868,0056015040,JURADO,0027,2018-08-21 18:00:00.000,84.0
2793869,0056015040,JURADO,0027,2018-08-21 19:00:00.000,90.0
2793870,0056015040,JURADO,0027,2018-08-21 20:00:00.000,93.0
2793871,0056015040,JURADO,0027,2018-08-21 21:00:00.000,93.0
2793872,0056015040,JURADO,0027,2018-08-21 22:00:00.000,93.0
2793873,0056015040,JURADO,0027,2018-08-21 23:00:00.000,93.0
2793874,0056015040,JURADO,0027,2018-08-22 00:00:00.000,94.0
2793875,0056015040,JURADO,0027,2018-08-22 01:00:00.000,94.0
2793876,0056015040,JURADO,0027,2018-08-22 02:00:00.000,94.0
2793877,0056015040,JURADO,0027,2018-08-22 03:00:00.000,95.0
2793878,0056015040,JURADO,0027,2018-08-22 04:00:00.000,95.0
2793879,0056015040,JURADO,0027,2018-08-22 05:00:00.000,94.0
2793880,0056015040,JURADO,0027,2018-08-22 06:00:00.000,94.0
2793881,0056015040,JURADO,0027,2018-08-22 07:00:00.000,92.0
2793882,0056015040,JURADO,0027,2018-08-22 08:00:00.000,87.0
2793883,0056015040,JURADO,0027,2018-08-22 09:00:00.000,79.0
2793884,0056015040,JURADO,0027,2018-08-22 10:00:00.000,74.0
2793885,0056015040,JURADO,0027,2018-08-22 11:00:00.000,71.0
2793886,0056015040,JURADO,0027,2018-08-22 12:00:00.000,85.0
2793887,0056015040,JURADO,0027,2018-08-22 13:00:00.000,88.0
2793888,0056015040,JURADO,0027,2018-08-22 14:00:00.000,85.0
2793889,0056015040,JURADO,0027,2018-08-22 15:00:00.000,83.0
2793890,0056015040,JURADO,0027,2018-08-22 16:00:00.000,82.0
2793891,0056015040,JURADO,0027,2018-08-22 17:00:00.000,82.0
2793892,0056015040,JURADO,0027,2018-08-22 18:00:00.000,84.0
2793893,0056015040,JURADO,0027,2018-08-22 19:00:00.000,86.0
2793894,0056015040,JURADO,0027,2018-08-22 20:00:00.000,92.0
2793895,0056015040,JURADO,0027,2018-08-22 21:00:00.000,94.0
2793896,0056015040,JURADO,0027,2018-08-22 22:00:00.000,96.0
2793897,0056015040,JURADO,0027,2018-08-22 23:00:00.000,96.0
2793898,0056015040,JURADO,0027,2018-08-23 00:00:00.000,96.0
2793899,0056015040,JURADO,0027,2018-08-23 01:00:00.000,96.0
2793900,0056015040,JURADO,0027,2018-08-23 02:00:00.000,96.0
2793901,0056015040,JURADO,0027,2018-08-23 03:00:00.000,96.0
2793902,0056015040,JURADO,0027,2018-08-23 04:00:00.000,96.0
2793903,0056015040,JURADO,0027,2018-08-23 05:00:00.000,97.0
2793904,0056015040,JURADO,0027,2018-08-23 06:00:00.000,97.0
2793905,0056015040,JURADO,0027,2018-08-23 07:00:00.000,96.0
2793906,0056015040,JURADO,0027,2018-08-23 08:00:00.000,95.0
2793907,0056015040,JURADO,0027,2018-08-23 09:00:00.000,95.0
2793908,0056015040,JURADO,0027,2018-08-23 10:00:00.000,91.0
2793909,0056015040,JURADO,0027,2018-08-23 11:00:00.000,77.0
2793910,0056015040,JURADO,0027,2018-08-23 12:00:00.000,70.0
2793911,0056015040,JURADO,0027,2018-08-23 13:00:00.000,77.0
2793912,0056015040,JURADO,0027,2018-08-23 14:00:00.000,76.0
2793913,0056015040,JURADO,0027,2018-08-23 15:00:00.000,74.0
2793914,0056015040,JURADO,0027,2018-08-23 16:00:00.000,80.0
2793915,0056015040,JURADO,0027,2018-08-23 17:00:00.000,85.0
2793916,0056015040,JURADO,0027,2018-08-23 18:00:00.000,92.0
2793917,0056015040,JURADO,0027,2018-08-23 19:00:00.000,92.0
2793918,0056015040,JURADO,0027,2018-08-23 20:00:00.000,88.0
2793919,0056015040,JURADO,0027,2018-08-23 21:00:00.000,94.0
2793920,0056015040,JURADO,0027,2018-08-23 22:00:00.000,97.0
2793921,0056015040,JURADO,0027,2018-08-23 23:00:00.000,97.0
2793922,0056015040,JURADO,0027,2018-08-24 00:00:00.000,97.0
2793923,0056015040,JURADO,0027,2018-08-24 01:00:00.000,97.0
2793924,0056015040,JURADO,0027,2018-08-24 02:00:00.000,97.0
2793925,0056015040,JURADO,0027,2018-08-24 03:00:00.000,97.0
2793926,0056015040,JURADO,0027,2018-08-24 04:00:00.000,97.0
2793927,0056015040,JURADO,0027,2018-08-24 05:00:00.000,97.0
2793928,0056015040,JURADO,0027,2018-08-24 06:00:00.000,98.0
2793929,0056015040,JURADO,0027,2018-08-24 07:00:00.000,97.0
2793930,0056015040,JURADO,0027,2018-08-24 08:00:00.000,97.0
2793931,0056015040,JURADO,0027,2018-08-24 09:00:00.000,91.0
2793932,0056015040,JURADO,0027,2018-08-24 10:00:00.000,71.0
2793933,0056015040,JURADO,0027,2018-08-24 11:00:00.000,64.0
2793934,0056015040,JURADO,0027,2018-08-24 12:00:00.000,71.0
2793935,0056015040,JURADO,0027,2018-08-24 13:00:00.000,67.0
2793936,0056015040,JURADO,0027,2018-08-24 14:00:00.000,70.0
2793937,0056015040,JURADO,0027,2018-08-24 15:00:00.000,66.0
2793938,0056015040,JURADO,0027,2018-08-24 16:00:00.000,79.0
2793939,0056015040,JURADO,0027,2018-08-24 17:00:00.000,81.0
2793940,0056015040,JURADO,0027,2018-08-24 18:00:00.000,86.0
2793941,0056015040,JURADO,0027,2018-08-24 19:00:00.000,85.0
2793942,0056015040,JURADO,0027,2018-08-24 20:00:00.000,91.0
2793943,0056015040,JURADO,0027,2018-08-24 21:00:00.000,95.0
2793944,0056015040,JURADO,0027,2018-08-24 22:00:00.000,96.0
2793945,0056015040,JURADO,0027,2018-08-24 23:00:00.000,96.0
2793946,0056015040,JURADO,0027,2018-08-25 00:00:00.000,96.0
2793947,0056015040,JURADO,0027,2018-08-25 01:00:00.000,96.0
2793948,0056015040,JURADO,0027,2018-08-25 02:00:00.000,96.0
2793949,0056015040,JURADO,0027,2018-08-25 03:00:00.000,95.0
2793950,0056015040,JURADO,0027,2018-08-25 04:00:00.000,95.0
2793951,0056015040,JURADO,0027,2018-08-25 05:00:00.000,94.0
2793952,0056015040,JURADO,0027,2018-08-25 06:00:00.000,94.0
2793953,0056015040,JURADO,0027,2018-08-25 07:00:00.000,94.0
2793954,0056015040,JURADO,0027,2018-08-25 08:00:00.000,83.0
2793955,0056015040,JURADO,0027,2018-08-25 09:00:00.000,72.0
2793956,0056015040,JURADO,0027,2018-08-25 10:00:00.000,79.0
2793957,0056015040,JURADO,0027,2018-08-25 11:00:00.000,78.0
2793958,0056015040,JURADO,0027,2018-08-25 12:00:00.000,79.0
2793959,0056015040,JURADO,0027,2018-08-25 13:00:00.000,74.0
2793960,0056015040,JURADO,0027,2018-08-25 14:00:00.000,80.0
2793961,0056015040,JURADO,0027,2018-08-25 15:00:00.000,80.0
2793962,0056015040,JURADO,0027,2018-08-25 16:00:00.000,82.0
2793963,0056015040,JURADO,0027,2018-08-25 17:00:00.000,85.0
2793964,0056015040,JURADO,0027,2018-08-25 18:00:00.000,93.0
2793965,0056015040,JURADO,0027,2018-08-25 19:00:00.000,97.0
2793966,0056015040,JURADO,0027,2018-08-25 20:00:00.000,97.0
2793967,0056015040,JURADO,0027,2018-08-25 21:00:00.000,95.0
2793968,0056015040,JURADO,0027,2018-08-25 22:00:00.000,98.0
2793969,0056015040,JURADO,0027,2018-08-25 23:00:00.000,98.0
2793970,0056015040,JURADO,0027,2018-08-26 00:00:00.000,98.0
2793971,0056015040,JURADO,0027,2018-08-26 01:00:00.000,98.0
2793972,0056015040,JURADO,0027,2018-08-26 02:00:00.000,98.0
2793973,0056015040,JURADO,0027,2018-08-26 03:00:00.000,98.0
2793974,0056015040,JURADO,0027,2018-08-26 04:00:00.000,98.0
2793975,0056015040,JURADO,0027,2018-08-26 05:00:00.000,98.0
2793976,0056015040,JURADO,0027,2018-08-26 06:00:00.000,98.0
2793977,0056015040,JURADO,0027,2018-08-26 07:00:00.000,98.0
2793978,0056015040,JURADO,0027,2018-08-26 08:00:00.000,96.0
2793979,0056015040,JURADO,0027,2018-08-26 09:00:00.000,95.0
2793980,0056015040,JURADO,0027,2018-08-26 10:00:00.000,72.0
2793981,0056015040,JURADO,0027,2018-08-26 11:00:00.000,64.0
2793982,0056015040,JURADO,0027,2018-08-26 12:00:00.000,67.0
2793983,0056015040,JURADO,0027,2018-08-26 13:00:00.000,68.0
2793984,0056015040,JURADO,0027,2018-08-26 14:00:00.000,63.0
2793985,0056015040,JURADO,0027,2018-08-26 15:00:00.000,65.0
2793986,0056015040,JURADO,0027,2018-08-26 16:00:00.000,74.0
2793987,0056015040,JURADO,0027,2018-08-26 17:00:00.000,68.0
2793988,0056015040,JURADO,0027,2018-08-26 18:00:00.000,81.0
2793989,0056015040,JURADO,0027,2018-08-26 19:00:00.000,82.0
2793990,0056015040,JURADO,0027,2018-08-26 20:00:00.000,82.0
2793991,0056015040,JURADO,0027,2018-08-26 21:00:00.000,91.0
2793992,0056015040,JURADO,0027,2018-08-26 22:00:00.000,93.0
2793993,0056015040,JURADO,0027,2018-08-26 23:00:00.000,93.0
2793994,0056015040,JURADO,0027,2018-08-27 00:00:00.000,92.0
2793995,0056015040,JURADO,0027,2018-08-27 01:00:00.000,94.0
2793996,0056015040,JURADO,0027,2018-08-27 02:00:00.000,94.0
2793997,0056015040,JURADO,0027,2018-08-27 03:00:00.000,94.0
2793998,0056015040,JURADO,0027,2018-08-27 04:00:00.000,94.0
2793999,0056015040,JURADO,0027,2018-08-27 05:00:00.000,95.0
2794000,0056015040,JURADO,0027,2018-08-27 06:00:00.000,96.0
2794001,0056015040,JURADO,0027,2018-08-27 07:00:00.000,94.0
2794002,0056015040,JURADO,0027,2018-08-27 08:00:00.000,88.0
2794003,0056015040,JURADO,0027,2018-08-27 09:00:00.000,61.0
2794004,0056015040,JURADO,0027,2018-08-27 10:00:00.000,74.0
2794005,0056015040,JURADO,0027,2018-08-27 11:00:00.000,78.0
2794006,0056015040,JURADO,0027,2018-08-27 12:00:00.000,71.0
2794007,0056015040,JURADO,0027,2018-08-27 13:00:00.000,71.0
2794008,0056015040,JURADO,0027,2018-08-27 14:00:00.000,79.0
2794009,0056015040,JURADO,0027,2018-08-27 15:00:00.000,97.0
2794010,0056015040,JURADO,0027,2018-08-27 16:00:00.000,97.0
2794011,0056015040,JURADO,0027,2018-08-27 17:00:00.000,85.0
2794012,0056015040,JURADO,0027,2018-08-27 18:00:00.000,93.0
2794013,0056015040,JURADO,0027,2018-08-27 19:00:00.000,95.0
2794014,0056015040,JURADO,0027,2018-08-27 20:00:00.000,96.0
2794015,0056015040,JURADO,0027,2018-08-27 21:00:00.000,96.0
2794016,0056015040,JURADO,0027,2018-08-27 22:00:00.000,96.0
2794017,0056015040,JURADO,0027,2018-08-27 23:00:00.000,96.0
2794018,0056015040,JURADO,0027,2018-08-28 00:00:00.000,96.0
2794019,0056015040,JURADO,0027,2018-08-28 01:00:00.000,97.0
2794020,0056015040,JURADO,0027,2018-08-28 02:00:00.000,97.0
2794021,0056015040,JURADO,0027,2018-08-28 03:00:00.000,97.0
2794022,0056015040,JURADO,0027,2018-08-28 04:00:00.000,97.0
2794023,0056015040,JURADO,0027,2018-08-28 05:00:00.000,97.0
2794024,0056015040,JURADO,0027,2018-08-28 06:00:00.000,97.0
2794025,0056015040,JURADO,0027,2018-08-28 07:00:00.000,88.0
2794026,0056015040,JURADO,0027,2018-08-28 08:00:00.000,66.0
2794027,0056015040,JURADO,0027,2018-08-28 09:00:00.000,67.0
2794028,0056015040,JURADO,0027,2018-08-28 10:00:00.000,57.0
2794029,0056015040,JURADO,0027,2018-08-28 11:00:00.000,66.0
2794030,0056015040,JURADO,0027,2018-08-28 12:00:00.000,69.0
2794031,0056015040,JURADO,0027,2018-08-28 13:00:00.000,71.0
2794032,0056015040,JURADO,0027,2018-08-28 14:00:00.000,59.0
2794033,0056015040,JURADO,0027,2018-08-28 15:00:00.000,58.0
2794034,0056015040,JURADO,0027,2018-08-28 16:00:00.000,74.0
2794035,0056015040,JURADO,0027,2018-08-28 17:00:00.000,71.0
2794036,0056015040,JURADO,0027,2018-08-28 18:00:00.000,81.0
2794037,0056015040,JURADO,0027,2018-08-28 19:00:00.000,83.0
2794038,0056015040,JURADO,0027,2018-08-28 20:00:00.000,86.0
2794039,0056015040,JURADO,0027,2018-08-28 21:00:00.000,91.0
2794040,0056015040,JURADO,0027,2018-08-28 22:00:00.000,94.0
2794041,0056015040,JURADO,0027,2018-08-28 23:00:00.000,93.0
2794042,0056015040,JURADO,0027,2018-08-29 00:00:00.000,93.0
2794043,0056015040,JURADO,0027,2018-08-29 01:00:00.000,94.0
2794044,0056015040,JURADO,0027,2018-08-29 02:00:00.000,95.0
2794045,0056015040,JURADO,0027,2018-08-29 03:00:00.000,95.0
2794046,0056015040,JURADO,0027,2018-08-29 04:00:00.000,96.0
2794047,0056015040,JURADO,0027,2018-08-29 05:00:00.000,95.0
2794048,0056015040,JURADO,0027,2018-08-29 06:00:00.000,95.0
2794049,0056015040,JURADO,0027,2018-08-29 07:00:00.000,97.0
2794050,0056015040,JURADO,0027,2018-08-29 08:00:00.000,98.0
2794051,0056015040,JURADO,0027,2018-08-29 09:00:00.000,98.0
2794052,0056015040,JURADO,0027,2018-08-29 10:00:00.000,95.0
2794053,0056015040,JURADO,0027,2018-08-29 11:00:00.000,93.0
2794054,0056015040,JURADO,0027,2018-08-29 12:00:00.000,77.0
2794055,0056015040,JURADO,0027,2018-08-29 13:00:00.000,76.0
2794056,0056015040,JURADO,0027,2018-08-29 14:00:00.000,79.0
2794057,0056015040,JURADO,0027,2018-08-29 15:00:00.000,81.0
2794058,0056015040,JURADO,0027,2018-08-29 16:00:00.000,81.0
2794059,0056015040,JURADO,0027,2018-08-29 17:00:00.000,76.0
2794060,0056015040,JURADO,0027,2018-08-29 18:00:00.000,84.0
2794061,0056015040,JURADO,0027,2018-08-29 19:00:00.000,93.0
2794062,0056015040,JURADO,0027,2018-08-29 20:00:00.000,94.0
2794063,0056015040,JURADO,0027,2018-08-29 21:00:00.000,94.0
2794064,0056015040,JURADO,0027,2018-08-29 22:00:00.000,95.0
2794065,0056015040,JURADO,0027,2018-08-29 23:00:00.000,94.0
2794066,0056015040,JURADO,0027,2018-08-30 00:00:00.000,98.0
2794067,0056015040,JURADO,0027,2018-08-30 01:00:00.000,98.0
2794068,0056015040,JURADO,0027,2018-08-30 02:00:00.000,98.0
2794069,0056015040,JURADO,0027,2018-08-30 03:00:00.000,98.0
2794070,0056015040,JURADO,0027,2018-08-30 04:00:00.000,98.0
2794071,0056015040,JURADO,0027,2018-08-30 05:00:00.000,98.0
2794072,0056015040,JURADO,0027,2018-08-30 06:00:00.000,98.0
2794073,0056015040,JURADO,0027,2018-08-30 07:00:00.000,96.0
2794074,0056015040,JURADO,0027,2018-08-30 08:00:00.000,94.0
2794075,0056015040,JURADO,0027,2018-08-30 09:00:00.000,87.0
2794076,0056015040,JURADO,0027,2018-08-30 10:00:00.000,82.0
2794077,0056015040,JURADO,0027,2018-08-30 11:00:00.000,96.0
2794078,0056015040,JURADO,0027,2018-08-30 12:00:00.000,92.0
2794079,0056015040,JURADO,0027,2018-08-30 13:00:00.000,92.0
2794080,0056015040,JURADO,0027,2018-08-30 14:00:00.000,63.0
2794081,0056015040,JURADO,0027,2018-08-30 15:00:00.000,71.0
2794082,0056015040,JURADO,0027,2018-08-30 16:00:00.000,80.0
2794083,0056015040,JURADO,0027,2018-08-30 17:00:00.000,82.0
2794084,0056015040,JURADO,0027,2018-08-30 18:00:00.000,87.0
2794085,0056015040,JURADO,0027,2018-08-30 19:00:00.000,86.0
2794086,0056015040,JURADO,0027,2018-08-30 20:00:00.000,93.0
2794087,0056015040,JURADO,0027,2018-08-30 21:00:00.000,94.0
2794088,0056015040,JURADO,0027,2018-08-30 22:00:00.000,95.0
2794089,0056015040,JURADO,0027,2018-08-30 23:00:00.000,96.0
2794090,0056015040,JURADO,0027,2018-08-31 00:00:00.000,96.0
2794091,0056015040,JURADO,0027,2018-08-31 01:00:00.000,96.0
2794092,0056015040,JURADO,0027,2018-08-31 02:00:00.000,95.0
2794093,0056015040,JURADO,0027,2018-08-31 03:00:00.000,96.0
2794094,0056015040,JURADO,0027,2018-08-31 04:00:00.000,95.0
2794095,0056015040,JURADO,0027,2018-08-31 05:00:00.000,96.0
2794096,0056015040,JURADO,0027,2018-08-31 06:00:00.000,96.0
2794097,0056015040,JURADO,0027,2018-08-31 07:00:00.000,95.0
2794098,0056015040,JURADO,0027,2018-08-31 08:00:00.000,75.0
2794099,0056015040,JURADO,0027,2018-08-31 09:00:00.000,73.0
2794100,0056015040,JURADO,0027,2018-08-31 10:00:00.000,66.0
2794101,0056015040,JURADO,0027,2018-08-31 11:00:00.000,69.0
2794102,0056015040,JURADO,0027,2018-08-31 12:00:00.000,79.0
2794103,0056015040,JURADO,0027,2018-08-31 13:00:00.000,97.0
2794104,0056015040,JURADO,0027,2018-08-31 14:00:00.000,98.0
2794105,0056015040,JURADO,0027,2018-08-31 15:00:00.000,97.0
2794106,0056015040,JURADO,0027,2018-08-31 16:00:00.000,96.0
2794107,0056015040,JURADO,0027,2018-08-31 17:00:00.000,97.0
2794108,0056015040,JURADO,0027,2018-08-31 18:00:00.000,98.0
2794109,0056015040,JURADO,0027,2018-08-31 19:00:00.000,98.0
2794110,0056015040,JURADO,0027,2018-08-31 20:00:00.000,98.0
2794111,0056015040,JURADO,0027,2018-08-31 21:00:00.000,98.0
2794112,0056015040,JURADO,0027,2018-08-31 22:00:00.000,98.0
2794113,0056015040,JURADO,0027,2018-08-31 23:00:00.000,98.0
2794114,0056015040,JURADO,0027,2018-09-01 00:00:00.000,98.0
2794115,0056015040,JURADO,0027,2018-09-01 01:00:00.000,98.0
2794116,0056015040,JURADO,0027,2018-09-01 02:00:00.000,98.0
2794117,0056015040,JURADO,0027,2018-09-01 03:00:00.000,98.0
2794118,0056015040,JURADO,0027,2018-09-01 04:00:00.000,97.0
2794119,0056015040,JURADO,0027,2018-09-01 05:00:00.000,97.0
2794120,0056015040,JURADO,0027,2018-09-01 06:00:00.000,96.0
2794121,0056015040,JURADO,0027,2018-09-01 07:00:00.000,94.0
2794122,0056015040,JURADO,0027,2018-09-01 08:00:00.000,69.0
2794123,0056015040,JURADO,0027,2018-09-01 09:00:00.000,73.0
2794124,0056015040,JURADO,0027,2018-09-01 10:00:00.000,68.0
2794125,0056015040,JURADO,0027,2018-09-01 11:00:00.000,64.0
2794126,0056015040,JURADO,0027,2018-09-01 12:00:00.000,73.0
2794127,0056015040,JURADO,0027,2018-09-01 13:00:00.000,72.0
2794128,0056015040,JURADO,0027,2018-09-01 14:00:00.000,72.0
2794129,0056015040,JURADO,0027,2018-09-01 15:00:00.000,82.0
2794130,0056015040,JURADO,0027,2018-09-01 16:00:00.000,79.0
2794131,0056015040,JURADO,0027,2018-09-01 17:00:00.000,80.0
2794132,0056015040,JURADO,0027,2018-09-01 18:00:00.000,83.0
2794133,0056015040,JURADO,0027,2018-09-01 19:00:00.000,90.0
2794134,0056015040,JURADO,0027,2018-09-01 20:00:00.000,90.0
2794135,0056015040,JURADO,0027,2018-09-01 21:00:00.000,89.0
2794136,0056015040,JURADO,0027,2018-09-01 22:00:00.000,93.0
2794137,0056015040,JURADO,0027,2018-09-01 23:00:00.000,94.0
2794138,0056015040,JURADO,0027,2018-09-02 00:00:00.000,94.0
2794139,0056015040,JURADO,0027,2018-09-02 01:00:00.000,94.0
2794140,0056015040,JURADO,0027,2018-09-02 02:00:00.000,98.0
2794141,0056015040,JURADO,0027,2018-09-02 03:00:00.000,98.0
2794142,0056015040,JURADO,0027,2018-09-02 04:00:00.000,98.0
2794143,0056015040,JURADO,0027,2018-09-02 05:00:00.000,98.0
2794144,0056015040,JURADO,0027,2018-09-02 06:00:00.000,98.0
2794145,0056015040,JURADO,0027,2018-09-02 07:00:00.000,98.0
2794146,0056015040,JURADO,0027,2018-09-02 08:00:00.000,98.0
2794147,0056015040,JURADO,0027,2018-09-02 09:00:00.000,98.0
2794148,0056015040,JURADO,0027,2018-09-02 10:00:00.000,95.0
2794149,0056015040,JURADO,0027,2018-09-02 11:00:00.000,93.0
2794150,0056015040,JURADO,0027,2018-09-02 12:00:00.000,74.0
2794151,0056015040,JURADO,0027,2018-09-02 13:00:00.000,76.0
2794152,0056015040,JURADO,0027,2018-09-02 14:00:00.000,80.0
2794153,0056015040,JURADO,0027,2018-09-02 15:00:00.000,79.0
2794154,0056015040,JURADO,0027,2018-09-02 16:00:00.000,91.0
2794155,0056015040,JURADO,0027,2018-09-02 17:00:00.000,80.0
2794156,0056015040,JURADO,0027,2018-09-02 18:00:00.000,86.0
2794157,0056015040,JURADO,0027,2018-09-02 19:00:00.000,95.0
2794158,0056015040,JURADO,0027,2018-09-02 20:00:00.000,96.0
2794159,0056015040,JURADO,0027,2018-09-02 21:00:00.000,96.0
2794160,0056015040,JURADO,0027,2018-09-02 22:00:00.000,96.0
2794161,0056015040,JURADO,0027,2018-09-02 23:00:00.000,96.0
2794162,0056015040,JURADO,0027,2018-09-03 00:00:00.000,96.0
2794163,0056015040,JURADO,0027,2018-09-03 01:00:00.000,97.0
2794164,0056015040,JURADO,0027,2018-09-03 02:00:00.000,97.0
2794165,0056015040,JURADO,0027,2018-09-03 03:00:00.000,97.0
2794166,0056015040,JURADO,0027,2018-09-03 04:00:00.000,97.0
2794167,0056015040,JURADO,0027,2018-09-03 05:00:00.000,96.0
2794168,0056015040,JURADO,0027,2018-09-03 06:00:00.000,98.0
2794169,0056015040,JURADO,0027,2018-09-03 07:00:00.000,98.0
2794170,0056015040,JURADO,0027,2018-09-03 08:00:00.000,98.0
2794171,0056015040,JURADO,0027,2018-09-03 09:00:00.000,98.0
2794172,0056015040,JURADO,0027,2018-09-03 10:00:00.000,97.0
2794173,0056015040,JURADO,0027,2018-09-03 11:00:00.000,95.0
2794174,0056015040,JURADO,0027,2018-09-03 12:00:00.000,95.0
2794175,0056015040,JURADO,0027,2018-09-03 13:00:00.000,65.0
2794176,0056015040,JURADO,0027,2018-09-03 14:00:00.000,71.0
2794177,0056015040,JURADO,0027,2018-09-03 15:00:00.000,71.0
2794178,0056015040,JURADO,0027,2018-09-03 16:00:00.000,81.0
2794179,0056015040,JURADO,0027,2018-09-03 17:00:00.000,82.0
2794180,0056015040,JURADO,0027,2018-09-03 18:00:00.000,87.0
2794181,0056015040,JURADO,0027,2018-09-03 19:00:00.000,94.0
2794182,0056015040,JURADO,0027,2018-09-03 20:00:00.000,96.0
2794183,0056015040,JURADO,0027,2018-09-03 21:00:00.000,97.0
2794184,0056015040,JURADO,0027,2018-09-03 22:00:00.000,97.0
2794185,0056015040,JURADO,0027,2018-09-03 23:00:00.000,97.0
2794186,0056015040,JURADO,0027,2018-09-04 00:00:00.000,97.0
2794187,0056015040,JURADO,0027,2018-09-04 01:00:00.000,97.0
2794188,0056015040,JURADO,0027,2018-09-04 02:00:00.000,96.0
2794189,0056015040,JURADO,0027,2018-09-04 03:00:00.000,97.0
2794190,0056015040,JURADO,0027,2018-09-04 04:00:00.000,97.0
2794191,0056015040,JURADO,0027,2018-09-04 05:00:00.000,97.0
2794192,0056015040,JURADO,0027,2018-09-04 06:00:00.000,97.0
2794193,0056015040,JURADO,0027,2018-09-04 07:00:00.000,94.0
2794194,0056015040,JURADO,0027,2018-09-04 08:00:00.000,89.0
2794195,0056015040,JURADO,0027,2018-09-04 09:00:00.000,70.0
2794196,0056015040,JURADO,0027,2018-09-04 10:00:00.000,65.0
2794197,0056015040,JURADO,0027,2018-09-04 11:00:00.000,69.0
2794198,0056015040,JURADO,0027,2018-09-04 12:00:00.000,66.0
2794199,0056015040,JURADO,0027,2018-09-04 13:00:00.000,71.0
2794200,0056015040,JURADO,0027,2018-09-04 14:00:00.000,77.0
2794201,0056015040,JURADO,0027,2018-09-04 15:00:00.000,84.0
2794202,0056015040,JURADO,0027,2018-09-04 16:00:00.000,83.0
2794203,0056015040,JURADO,0027,2018-09-04 17:00:00.000,87.0
2794204,0056015040,JURADO,0027,2018-09-04 18:00:00.000,87.0
2794205,0056015040,JURADO,0027,2018-09-04 19:00:00.000,92.0
2794206,0056015040,JURADO,0027,2018-09-04 20:00:00.000,95.0
2794207,0056015040,JURADO,0027,2018-09-04 21:00:00.000,94.0
2794208,0056015040,JURADO,0027,2018-09-04 22:00:00.000,95.0
2794209,0056015040,JURADO,0027,2018-09-04 23:00:00.000,95.0
2794210,0056015040,JURADO,0027,2018-09-05 00:00:00.000,96.0
2794211,0056015040,JURADO,0027,2018-09-05 01:00:00.000,96.0
2794212,0056015040,JURADO,0027,2018-09-05 02:00:00.000,96.0
2794213,0056015040,JURADO,0027,2018-09-05 03:00:00.000,96.0
2794214,0056015040,JURADO,0027,2018-09-05 04:00:00.000,96.0
2794215,0056015040,JURADO,0027,2018-09-05 05:00:00.000,97.0
2794216,0056015040,JURADO,0027,2018-09-05 06:00:00.000,97.0
2794217,0056015040,JURADO,0027,2018-09-05 07:00:00.000,96.0
2794218,0056015040,JURADO,0027,2018-09-05 08:00:00.000,93.0
2794219,0056015040,JURADO,0027,2018-09-05 09:00:00.000,72.0
2794220,0056015040,JURADO,0027,2018-09-05 10:00:00.000,71.0
2794221,0056015040,JURADO,0027,2018-09-05 11:00:00.000,71.0
2794222,0056015040,JURADO,0027,2018-09-05 12:00:00.000,69.0
2794223,0056015040,JURADO,0027,2018-09-05 13:00:00.000,68.0
2794224,0056015040,JURADO,0027,2018-09-05 14:00:00.000,74.0
2794225,0056015040,JURADO,0027,2018-09-05 15:00:00.000,72.0
2794226,0056015040,JURADO,0027,2018-09-05 16:00:00.000,79.0
2794227,0056015040,JURADO,0027,2018-09-05 17:00:00.000,83.0
2794228,0056015040,JURADO,0027,2018-09-05 18:00:00.000,83.0
2794229,0056015040,JURADO,0027,2018-09-05 19:00:00.000,83.0
2794230,0056015040,JURADO,0027,2018-09-05 20:00:00.000,84.0
2794231,0056015040,JURADO,0027,2018-09-05 21:00:00.000,91.0
2794232,0056015040,JURADO,0027,2018-09-05 22:00:00.000,95.0
2794233,0056015040,JURADO,0027,2018-09-05 23:00:00.000,95.0
2794234,0056015040,JURADO,0027,2018-09-06 00:00:00.000,95.0
2794235,0056015040,JURADO,0027,2018-09-06 01:00:00.000,96.0
2794236,0056015040,JURADO,0027,2018-09-06 02:00:00.000,96.0
2794237,0056015040,JURADO,0027,2018-09-06 03:00:00.000,96.0
2794238,0056015040,JURADO,0027,2018-09-06 04:00:00.000,96.0
2794239,0056015040,JURADO,0027,2018-09-06 05:00:00.000,96.0
2794240,0056015040,JURADO,0027,2018-09-06 06:00:00.000,96.0
2794241,0056015040,JURADO,0027,2018-09-06 07:00:00.000,85.0
2794242,0056015040,JURADO,0027,2018-09-06 08:00:00.000,77.0
2794243,0056015040,JURADO,0027,2018-09-06 09:00:00.000,81.0
2794244,0056015040,JURADO,0027,2018-09-06 10:00:00.000,62.0
2794245,0056015040,JURADO,0027,2018-09-06 11:00:00.000,58.0
2794246,0056015040,JURADO,0027,2018-09-06 12:00:00.000,67.0
2794247,0056015040,JURADO,0027,2018-09-06 13:00:00.000,65.0
2794248,0056015040,JURADO,0027,2018-09-06 14:00:00.000,62.0
2794249,0056015040,JURADO,0027,2018-09-06 15:00:00.000,77.0
2794250,0056015040,JURADO,0027,2018-09-06 16:00:00.000,82.0
2794251,0056015040,JURADO,0027,2018-09-06 17:00:00.000,78.0
2794252,0056015040,JURADO,0027,2018-09-06 18:00:00.000,83.0
2794253,0056015040,JURADO,0027,2018-09-06 19:00:00.000,83.0
2794254,0056015040,JURADO,0027,2018-09-06 20:00:00.000,89.0
2794255,0056015040,JURADO,0027,2018-09-06 21:00:00.000,94.0
2794256,0056015040,JURADO,0027,2018-09-06 22:00:00.000,95.0
2794257,0056015040,JURADO,0027,2018-09-06 23:00:00.000,96.0
2794258,0056015040,JURADO,0027,2018-09-07 00:00:00.000,96.0
2794259,0056015040,JURADO,0027,2018-09-07 01:00:00.000,96.0
2794260,0056015040,JURADO,0027,2018-09-07 02:00:00.000,96.0
2794261,0056015040,JURADO,0027,2018-09-07 03:00:00.000,96.0
2794262,0056015040,JURADO,0027,2018-09-07 04:00:00.000,96.0
2794263,0056015040,JURADO,0027,2018-09-07 05:00:00.000,96.0
2794264,0056015040,JURADO,0027,2018-09-07 06:00:00.000,96.0
2794265,0056015040,JURADO,0027,2018-09-07 07:00:00.000,92.0
2794266,0056015040,JURADO,0027,2018-09-07 08:00:00.000,72.0
2794267,0056015040,JURADO,0027,2018-09-07 09:00:00.000,55.0
2794268,0056015040,JURADO,0027,2018-09-07 10:00:00.000,61.0
2794269,0056015040,JURADO,0027,2018-09-07 11:00:00.000,71.0
2794270,0056015040,JURADO,0027,2018-09-07 12:00:00.000,71.0
2794271,0056015040,JURADO,0027,2018-09-07 13:00:00.000,81.0
2794272,0056015040,JURADO,0027,2018-09-07 14:00:00.000,81.0
2794273,0056015040,JURADO,0027,2018-09-07 15:00:00.000,92.0
2794274,0056015040,JURADO,0027,2018-09-07 16:00:00.000,81.0
2794275,0056015040,JURADO,0027,2018-09-07 17:00:00.000,81.0
2794276,0056015040,JURADO,0027,2018-09-07 18:00:00.000,87.0
2794277,0056015040,JURADO,0027,2018-09-07 19:00:00.000,92.0
2794278,0056015040,JURADO,0027,2018-09-07 20:00:00.000,98.0
2794279,0056015040,JURADO,0027,2018-09-07 21:00:00.000,98.0
2794280,0056015040,JURADO,0027,2018-09-07 22:00:00.000,98.0
2794281,0056015040,JURADO,0027,2018-09-07 23:00:00.000,98.0
2794282,0056015040,JURADO,0027,2018-09-08 00:00:00.000,98.0
2794283,0056015040,JURADO,0027,2018-09-08 01:00:00.000,98.0
2794284,0056015040,JURADO,0027,2018-09-08 02:00:00.000,98.0
2794285,0056015040,JURADO,0027,2018-09-08 03:00:00.000,98.0
2794286,0056015040,JURADO,0027,2018-09-08 04:00:00.000,98.0
2794287,0056015040,JURADO,0027,2018-09-08 05:00:00.000,98.0
2794288,0056015040,JURADO,0027,2018-09-08 06:00:00.000,98.0
2794289,0056015040,JURADO,0027,2018-09-08 07:00:00.000,97.0
2794290,0056015040,JURADO,0027,2018-09-08 08:00:00.000,95.0
2794291,0056015040,JURADO,0027,2018-09-08 09:00:00.000,93.0
2794292,0056015040,JURADO,0027,2018-09-08 10:00:00.000,69.0
2794293,0056015040,JURADO,0027,2018-09-08 11:00:00.000,75.0
2794294,0056015040,JURADO,0027,2018-09-08 12:00:00.000,70.0
2794295,0056015040,JURADO,0027,2018-09-08 13:00:00.000,67.0
2794296,0056015040,JURADO,0027,2018-09-08 14:00:00.000,63.0
2794297,0056015040,JURADO,0027,2018-09-08 15:00:00.000,64.0
2794298,0056015040,JURADO,0027,2018-09-08 16:00:00.000,73.0
2794299,0056015040,JURADO,0027,2018-09-08 17:00:00.000,75.0
2794300,0056015040,JURADO,0027,2018-09-08 18:00:00.000,81.0
2794301,0056015040,JURADO,0027,2018-09-08 19:00:00.000,83.0
2794302,0056015040,JURADO,0027,2018-09-08 20:00:00.000,86.0
2794303,0056015040,JURADO,0027,2018-09-08 21:00:00.000,88.0
2794304,0056015040,JURADO,0027,2018-09-08 22:00:00.000,85.0
2794305,0056015040,JURADO,0027,2018-09-08 23:00:00.000,93.0
2794306,0056015040,JURADO,0027,2018-09-09 00:00:00.000,94.0
2794307,0056015040,JURADO,0027,2018-09-09 01:00:00.000,92.0
2794308,0056015040,JURADO,0027,2018-09-09 02:00:00.000,91.0
2794309,0056015040,JURADO,0027,2018-09-09 03:00:00.000,91.0
2794310,0056015040,JURADO,0027,2018-09-09 04:00:00.000,92.0
2794311,0056015040,JURADO,0027,2018-09-09 05:00:00.000,93.0
2794312,0056015040,JURADO,0027,2018-09-09 06:00:00.000,95.0
2794313,0056015040,JURADO,0027,2018-09-09 07:00:00.000,94.0
2794314,0056015040,JURADO,0027,2018-09-09 08:00:00.000,92.0
2794315,0056015040,JURADO,0027,2018-09-09 09:00:00.000,87.0
2794316,0056015040,JURADO,0027,2018-09-09 10:00:00.000,70.0
2794317,0056015040,JURADO,0027,2018-09-09 11:00:00.000,74.0
2794318,0056015040,JURADO,0027,2018-09-09 12:00:00.000,73.0
2794319,0056015040,JURADO,0027,2018-09-09 13:00:00.000,76.0
2794320,0056015040,JURADO,0027,2018-09-09 14:00:00.000,81.0
2794321,0056015040,JURADO,0027,2018-09-09 15:00:00.000,80.0
2794322,0056015040,JURADO,0027,2018-09-09 16:00:00.000,75.0
2794323,0056015040,JURADO,0027,2018-09-09 17:00:00.000,84.0
2794324,0056015040,JURADO,0027,2018-09-09 18:00:00.000,87.0
2794325,0056015040,JURADO,0027,2018-09-09 19:00:00.000,93.0
2794326,0056015040,JURADO,0027,2018-09-09 20:00:00.000,95.0
2794327,0056015040,JURADO,0027,2018-09-09 21:00:00.000,95.0
2794328,0056015040,JURADO,0027,2018-09-09 22:00:00.000,96.0
2794329,0056015040,JURADO,0027,2018-09-09 23:00:00.000,96.0
2794330,0056015040,JURADO,0027,2018-09-10 00:00:00.000,96.0
2794331,0056015040,JURADO,0027,2018-09-10 01:00:00.000,96.0
2794332,0056015040,JURADO,0027,2018-09-10 02:00:00.000,96.0
2794333,0056015040,JURADO,0027,2018-09-10 03:00:00.000,96.0
2794334,0056015040,JURADO,0027,2018-09-10 04:00:00.000,96.0
2794335,0056015040,JURADO,0027,2018-09-10 05:00:00.000,96.0
2794336,0056015040,JURADO,0027,2018-09-10 06:00:00.000,96.0
2794337,0056015040,JURADO,0027,2018-09-10 07:00:00.000,89.0
2794338,0056015040,JURADO,0027,2018-09-10 08:00:00.000,86.0
2794339,0056015040,JURADO,0027,2018-09-10 09:00:00.000,78.0
2794340,0056015040,JURADO,0027,2018-09-10 10:00:00.000,73.0
2794341,0056015040,JURADO,0027,2018-09-10 11:00:00.000,68.0
2794342,0056015040,JURADO,0027,2018-09-10 12:00:00.000,68.0
2794343,0056015040,JURADO,0027,2018-09-10 13:00:00.000,67.0
2794344,0056015040,JURADO,0027,2018-09-10 14:00:00.000,77.0
2794345,0056015040,JURADO,0027,2018-09-10 15:00:00.000,78.0
2794346,0056015040,JURADO,0027,2018-09-10 16:00:00.000,74.0
2794347,0056015040,JURADO,0027,2018-09-10 17:00:00.000,82.0
2794348,0056015040,JURADO,0027,2018-09-10 18:00:00.000,86.0
2794349,0056015040,JURADO,0027,2018-09-10 19:00:00.000,85.0
2794350,0056015040,JURADO,0027,2018-09-10 20:00:00.000,86.0
2794351,0056015040,JURADO,0027,2018-09-10 21:00:00.000,91.0
2794352,0056015040,JURADO,0027,2018-09-10 22:00:00.000,92.0
2794353,0056015040,JURADO,0027,2018-09-10 23:00:00.000,94.0
2794354,0056015040,JURADO,0027,2018-09-11 00:00:00.000,94.0
2794355,0056015040,JURADO,0027,2018-09-11 01:00:00.000,95.0
2794356,0056015040,JURADO,0027,2018-09-11 02:00:00.000,94.0
2794357,0056015040,JURADO,0027,2018-09-11 03:00:00.000,94.0
2794358,0056015040,JURADO,0027,2018-09-11 04:00:00.000,95.0
2794359,0056015040,JURADO,0027,2018-09-11 05:00:00.000,95.0
2794360,0056015040,JURADO,0027,2018-09-11 06:00:00.000,95.0
2794361,0056015040,JURADO,0027,2018-09-11 07:00:00.000,94.0
2794362,0056015040,JURADO,0027,2018-09-11 08:00:00.000,89.0
2794363,0056015040,JURADO,0027,2018-09-11 09:00:00.000,77.0
2794364,0056015040,JURADO,0027,2018-09-11 10:00:00.000,69.0
2794365,0056015040,JURADO,0027,2018-09-11 11:00:00.000,73.0
2794366,0056015040,JURADO,0027,2018-09-11 12:00:00.000,69.0
2794367,0056015040,JURADO,0027,2018-09-11 13:00:00.000,77.0
2794368,0056015040,JURADO,0027,2018-09-11 14:00:00.000,73.0
2794369,0056015040,JURADO,0027,2018-09-11 15:00:00.000,97.0
2794370,0056015040,JURADO,0027,2018-09-11 16:00:00.000,96.0
2794371,0056015040,JURADO,0027,2018-09-11 17:00:00.000,95.0
2794372,0056015040,JURADO,0027,2018-09-11 18:00:00.000,95.0
2794373,0056015040,JURADO,0027,2018-09-11 19:00:00.000,95.0
2794374,0056015040,JURADO,0027,2018-09-11 20:00:00.000,95.0
2794375,0056015040,JURADO,0027,2018-09-11 21:00:00.000,97.0
2794376,0056015040,JURADO,0027,2018-09-11 22:00:00.000,98.0
2794377,0056015040,JURADO,0027,2018-09-11 23:00:00.000,98.0
2794378,0056015040,JURADO,0027,2018-09-12 00:00:00.000,98.0
2794379,0056015040,JURADO,0027,2018-09-12 01:00:00.000,98.0
2794380,0056015040,JURADO,0027,2018-09-12 02:00:00.000,98.0
2794381,0056015040,JURADO,0027,2018-09-12 03:00:00.000,98.0
2794382,0056015040,JURADO,0027,2018-09-12 04:00:00.000,98.0
2794383,0056015040,JURADO,0027,2018-09-12 05:00:00.000,98.0
2794384,0056015040,JURADO,0027,2018-09-12 06:00:00.000,98.0
2794385,0056015040,JURADO,0027,2018-09-12 07:00:00.000,97.0
2794386,0056015040,JURADO,0027,2018-09-12 08:00:00.000,93.0
2794387,0056015040,JURADO,0027,2018-09-12 09:00:00.000,82.0
2794388,0056015040,JURADO,0027,2018-09-12 10:00:00.000,63.0
2794389,0056015040,JURADO,0027,2018-09-12 11:00:00.000,86.0
2794390,0056015040,JURADO,0027,2018-09-12 12:00:00.000,75.0
2794391,0056015040,JURADO,0027,2018-09-12 13:00:00.000,68.0
2794392,0056015040,JURADO,0027,2018-09-12 14:00:00.000,62.0
2794393,0056015040,JURADO,0027,2018-09-12 15:00:00.000,73.0
2794394,0056015040,JURADO,0027,2018-09-12 16:00:00.000,78.0
2794395,0056015040,JURADO,0027,2018-09-12 17:00:00.000,77.0
2794396,0056015040,JURADO,0027,2018-09-12 18:00:00.000,83.0
2794397,0056015040,JURADO,0027,2018-09-12 19:00:00.000,82.0
2794398,0056015040,JURADO,0027,2018-09-12 20:00:00.000,82.0
2794399,0056015040,JURADO,0027,2018-09-12 21:00:00.000,83.0
2794400,0056015040,JURADO,0027,2018-09-12 22:00:00.000,89.0
2794401,0056015040,JURADO,0027,2018-09-12 23:00:00.000,96.0
2794402,0056015040,JURADO,0027,2018-09-13 00:00:00.000,97.0
2794403,0056015040,JURADO,0027,2018-09-13 01:00:00.000,97.0
2794404,0056015040,JURADO,0027,2018-09-13 02:00:00.000,97.0
2794405,0056015040,JURADO,0027,2018-09-13 03:00:00.000,97.0
2794406,0056015040,JURADO,0027,2018-09-13 04:00:00.000,98.0
2794407,0056015040,JURADO,0027,2018-09-13 05:00:00.000,98.0
2794408,0056015040,JURADO,0027,2018-09-13 06:00:00.000,98.0
2794409,0056015040,JURADO,0027,2018-09-13 07:00:00.000,97.0
2794410,0056015040,JURADO,0027,2018-09-13 08:00:00.000,96.0
2794411,0056015040,JURADO,0027,2018-09-13 09:00:00.000,96.0
2794412,0056015040,JURADO,0027,2018-09-13 10:00:00.000,96.0
2794413,0056015040,JURADO,0027,2018-09-13 11:00:00.000,82.0
2794414,0056015040,JURADO,0027,2018-09-13 12:00:00.000,77.0
2794415,0056015040,JURADO,0027,2018-09-13 13:00:00.000,82.0
2794416,0056015040,JURADO,0027,2018-09-13 14:00:00.000,94.0
2794417,0056015040,JURADO,0027,2018-09-13 15:00:00.000,95.0
2794418,0056015040,JURADO,0027,2018-09-13 16:00:00.000,95.0
2794419,0056015040,JURADO,0027,2018-09-13 17:00:00.000,84.0
2794420,0056015040,JURADO,0027,2018-09-13 18:00:00.000,87.0
2794421,0056015040,JURADO,0027,2018-09-13 19:00:00.000,98.0
2794422,0056015040,JURADO,0027,2018-09-13 20:00:00.000,98.0
2794423,0056015040,JURADO,0027,2018-09-13 21:00:00.000,98.0
2794424,0056015040,JURADO,0027,2018-09-13 22:00:00.000,98.0
2794425,0056015040,JURADO,0027,2018-09-13 23:00:00.000,98.0
2794426,0056015040,JURADO,0027,2018-09-14 00:00:00.000,98.0
2794427,0056015040,JURADO,0027,2018-09-14 01:00:00.000,98.0
2794428,0056015040,JURADO,0027,2018-09-14 02:00:00.000,98.0
2794429,0056015040,JURADO,0027,2018-09-14 03:00:00.000,98.0
2794430,0056015040,JURADO,0027,2018-09-14 04:00:00.000,98.0
2794431,0056015040,JURADO,0027,2018-09-14 05:00:00.000,98.0
2794432,0056015040,JURADO,0027,2018-09-14 06:00:00.000,98.0
2794433,0056015040,JURADO,0027,2018-09-14 07:00:00.000,98.0
2794434,0056015040,JURADO,0027,2018-09-14 08:00:00.000,97.0
2794435,0056015040,JURADO,0027,2018-09-14 09:00:00.000,96.0
2794436,0056015040,JURADO,0027,2018-09-14 10:00:00.000,94.0
2794437,0056015040,JURADO,0027,2018-09-14 11:00:00.000,91.0
2794438,0056015040,JURADO,0027,2018-09-14 12:00:00.000,85.0
2794439,0056015040,JURADO,0027,2018-09-14 13:00:00.000,95.0
2794440,0056015040,JURADO,0027,2018-09-14 14:00:00.000,97.0
2794441,0056015040,JURADO,0027,2018-09-14 15:00:00.000,96.0
2794442,0056015040,JURADO,0027,2018-09-14 16:00:00.000,79.0
2794443,0056015040,JURADO,0027,2018-09-14 17:00:00.000,84.0
2794444,0056015040,JURADO,0027,2018-09-14 18:00:00.000,88.0
2794445,0056015040,JURADO,0027,2018-09-14 19:00:00.000,91.0
2794446,0056015040,JURADO,0027,2018-09-14 20:00:00.000,95.0
2794447,0056015040,JURADO,0027,2018-09-14 21:00:00.000,95.0
2794448,0056015040,JURADO,0027,2018-09-14 22:00:00.000,96.0
2794449,0056015040,JURADO,0027,2018-09-14 23:00:00.000,96.0
2794450,0056015040,JURADO,0027,2018-09-15 00:00:00.000,96.0
2794451,0056015040,JURADO,0027,2018-09-15 01:00:00.000,97.0
2794452,0056015040,JURADO,0027,2018-09-15 02:00:00.000,98.0
2794453,0056015040,JURADO,0027,2018-09-15 03:00:00.000,98.0
2794454,0056015040,JURADO,0027,2018-09-15 04:00:00.000,98.0
2794455,0056015040,JURADO,0027,2018-09-15 05:00:00.000,98.0
2794456,0056015040,JURADO,0027,2018-09-15 06:00:00.000,98.0
2794457,0056015040,JURADO,0027,2018-09-15 07:00:00.000,98.0
2794458,0056015040,JURADO,0027,2018-09-15 08:00:00.000,96.0
2794459,0056015040,JURADO,0027,2018-09-15 09:00:00.000,96.0
2794460,0056015040,JURADO,0027,2018-09-15 10:00:00.000,97.0
2794461,0056015040,JURADO,0027,2018-09-15 11:00:00.000,96.0
2794462,0056015040,JURADO,0027,2018-09-15 12:00:00.000,97.0
2794463,0056015040,JURADO,0027,2018-09-15 13:00:00.000,95.0
2794464,0056015040,JURADO,0027,2018-09-15 14:00:00.000,94.0
2794465,0056015040,JURADO,0027,2018-09-15 15:00:00.000,91.0
2794466,0056015040,JURADO,0027,2018-09-15 16:00:00.000,97.0
2794467,0056015040,JURADO,0027,2018-09-15 17:00:00.000,98.0
2794468,0056015040,JURADO,0027,2018-09-15 18:00:00.000,98.0
2794469,0056015040,JURADO,0027,2018-09-15 19:00:00.000,98.0
2794470,0056015040,JURADO,0027,2018-09-15 20:00:00.000,98.0
2794471,0056015040,JURADO,0027,2018-09-15 21:00:00.000,98.0
2794472,0056015040,JURADO,0027,2018-09-15 22:00:00.000,98.0
2794473,0056015040,JURADO,0027,2018-09-15 23:00:00.000,98.0
2794474,0056015040,JURADO,0027,2018-09-16 00:00:00.000,98.0
2794475,0056015040,JURADO,0027,2018-09-16 01:00:00.000,98.0
2794476,0056015040,JURADO,0027,2018-09-16 02:00:00.000,98.0
2794477,0056015040,JURADO,0027,2018-09-16 03:00:00.000,98.0
2794478,0056015040,JURADO,0027,2018-09-16 04:00:00.000,98.0
2794479,0056015040,JURADO,0027,2018-09-16 05:00:00.000,98.0
2794480,0056015040,JURADO,0027,2018-09-16 06:00:00.000,98.0
2794481,0056015040,JURADO,0027,2018-09-16 07:00:00.000,97.0
2794482,0056015040,JURADO,0027,2018-09-16 08:00:00.000,98.0
2794483,0056015040,JURADO,0027,2018-09-16 09:00:00.000,91.0
2794484,0056015040,JURADO,0027,2018-09-16 10:00:00.000,71.0
2794485,0056015040,JURADO,0027,2018-09-16 11:00:00.000,68.0
2794486,0056015040,JURADO,0027,2018-09-16 12:00:00.000,72.0
2794487,0056015040,JURADO,0027,2018-09-16 13:00:00.000,70.0
2794488,0056015040,JURADO,0027,2018-09-16 14:00:00.000,70.0
2794489,0056015040,JURADO,0027,2018-09-16 15:00:00.000,65.0
2794490,0056015040,JURADO,0027,2018-09-16 16:00:00.000,71.0
2794491,0056015040,JURADO,0027,2018-09-16 17:00:00.000,80.0
2794492,0056015040,JURADO,0027,2018-09-16 18:00:00.000,84.0
2794493,0056015040,JURADO,0027,2018-09-16 19:00:00.000,91.0
2794494,0056015040,JURADO,0027,2018-09-16 20:00:00.000,95.0
2794495,0056015040,JURADO,0027,2018-09-16 21:00:00.000,94.0
2794496,0056015040,JURADO,0027,2018-09-16 22:00:00.000,95.0
2794497,0056015040,JURADO,0027,2018-09-16 23:00:00.000,95.0
2794498,0056015040,JURADO,0027,2018-09-17 00:00:00.000,93.0
2794499,0056015040,JURADO,0027,2018-09-17 01:00:00.000,94.0
2794500,0056015040,JURADO,0027,2018-09-17 02:00:00.000,94.0
2794501,0056015040,JURADO,0027,2018-09-17 03:00:00.000,94.0
2794502,0056015040,JURADO,0027,2018-09-17 04:00:00.000,93.0
2794503,0056015040,JURADO,0027,2018-09-17 05:00:00.000,94.0
2794504,0056015040,JURADO,0027,2018-09-17 06:00:00.000,95.0
2794505,0056015040,JURADO,0027,2018-09-17 07:00:00.000,84.0
2794506,0056015040,JURADO,0027,2018-09-17 08:00:00.000,75.0
2794507,0056015040,JURADO,0027,2018-09-17 09:00:00.000,61.0
2794508,0056015040,JURADO,0027,2018-09-17 10:00:00.000,58.0
2794509,0056015040,JURADO,0027,2018-09-17 11:00:00.000,60.0
2794510,0056015040,JURADO,0027,2018-09-17 12:00:00.000,66.0
2794511,0056015040,JURADO,0027,2018-09-17 13:00:00.000,65.0
2794512,0056015040,JURADO,0027,2018-09-17 14:00:00.000,63.0
2794513,0056015040,JURADO,0027,2018-09-17 15:00:00.000,55.0
2794514,0056015040,JURADO,0027,2018-09-17 16:00:00.000,72.0
2794515,0056015040,JURADO,0027,2018-09-17 17:00:00.000,78.0
2794516,0056015040,JURADO,0027,2018-09-17 18:00:00.000,81.0
2794517,0056015040,JURADO,0027,2018-09-17 19:00:00.000,83.0
2794518,0056015040,JURADO,0027,2018-09-17 20:00:00.000,86.0
2794519,0056015040,JURADO,0027,2018-09-17 21:00:00.000,87.0
2794520,0056015040,JURADO,0027,2018-09-17 22:00:00.000,91.0
2794521,0056015040,JURADO,0027,2018-09-17 23:00:00.000,93.0
2794522,0056015040,JURADO,0027,2018-09-18 00:00:00.000,94.0
2794523,0056015040,JURADO,0027,2018-09-18 01:00:00.000,94.0
2794524,0056015040,JURADO,0027,2018-09-18 02:00:00.000,95.0
2794525,0056015040,JURADO,0027,2018-09-18 03:00:00.000,95.0
2794526,0056015040,JURADO,0027,2018-09-18 04:00:00.000,95.0
2794527,0056015040,JURADO,0027,2018-09-18 05:00:00.000,95.0
2794528,0056015040,JURADO,0027,2018-09-18 06:00:00.000,95.0
2794529,0056015040,JURADO,0027,2018-09-18 07:00:00.000,93.0
2794530,0056015040,JURADO,0027,2018-09-18 08:00:00.000,86.0
2794531,0056015040,JURADO,0027,2018-09-18 09:00:00.000,74.0
2794532,0056015040,JURADO,0027,2018-09-18 10:00:00.000,71.0
2794533,0056015040,JURADO,0027,2018-09-18 11:00:00.000,67.0
2794534,0056015040,JURADO,0027,2018-09-18 12:00:00.000,69.0
2794535,0056015040,JURADO,0027,2018-09-18 13:00:00.000,75.0
2794536,0056015040,JURADO,0027,2018-09-18 14:00:00.000,69.0
2794537,0056015040,JURADO,0027,2018-09-18 15:00:00.000,77.0
2794538,0056015040,JURADO,0027,2018-09-18 16:00:00.000,78.0
2794539,0056015040,JURADO,0027,2018-09-18 17:00:00.000,80.0
2794540,0056015040,JURADO,0027,2018-09-18 18:00:00.000,84.0
2794541,0056015040,JURADO,0027,2018-09-18 19:00:00.000,85.0
2794542,0056015040,JURADO,0027,2018-09-18 20:00:00.000,84.0
2794543,0056015040,JURADO,0027,2018-09-18 21:00:00.000,92.0
2794544,0056015040,JURADO,0027,2018-09-18 22:00:00.000,93.0
2794545,0056015040,JURADO,0027,2018-09-18 23:00:00.000,93.0
2794546,0056015040,JURADO,0027,2018-09-19 00:00:00.000,94.0
2794547,0056015040,JURADO,0027,2018-09-19 01:00:00.000,94.0
2794548,0056015040,JURADO,0027,2018-09-19 02:00:00.000,95.0
2794549,0056015040,JURADO,0027,2018-09-19 03:00:00.000,95.0
2794550,0056015040,JURADO,0027,2018-09-19 04:00:00.000,95.0
2794551,0056015040,JURADO,0027,2018-09-19 05:00:00.000,96.0
2794552,0056015040,JURADO,0027,2018-09-19 06:00:00.000,98.0
2794553,0056015040,JURADO,0027,2018-09-19 07:00:00.000,97.0
2794554,0056015040,JURADO,0027,2018-09-19 08:00:00.000,94.0
2794555,0056015040,JURADO,0027,2018-09-19 09:00:00.000,91.0
2794556,0056015040,JURADO,0027,2018-09-19 10:00:00.000,66.0
2794557,0056015040,JURADO,0027,2018-09-19 11:00:00.000,76.0
2794558,0056015040,JURADO,0027,2018-09-19 12:00:00.000,74.0
2794559,0056015040,JURADO,0027,2018-09-19 13:00:00.000,91.0
2794560,0056015040,JURADO,0027,2018-09-19 14:00:00.000,76.0
2794561,0056015040,JURADO,0027,2018-09-19 15:00:00.000,80.0
2794562,0056015040,JURADO,0027,2018-09-19 16:00:00.000,78.0
2794563,0056015040,JURADO,0027,2018-09-19 17:00:00.000,81.0
2794564,0056015040,JURADO,0027,2018-09-19 18:00:00.000,91.0
2794565,0056015040,JURADO,0027,2018-09-19 19:00:00.000,94.0
2794566,0056015040,JURADO,0027,2018-09-19 20:00:00.000,91.0
2794567,0056015040,JURADO,0027,2018-09-19 21:00:00.000,91.0
2794568,0056015040,JURADO,0027,2018-09-19 22:00:00.000,92.0
2794569,0056015040,JURADO,0027,2018-09-19 23:00:00.000,94.0
2794570,0056015040,JURADO,0027,2018-09-20 00:00:00.000,94.0
2794571,0056015040,JURADO,0027,2018-09-20 01:00:00.000,94.0
2794572,0056015040,JURADO,0027,2018-09-20 02:00:00.000,94.0
2794573,0056015040,JURADO,0027,2018-09-20 03:00:00.000,94.0
2794574,0056015040,JURADO,0027,2018-09-20 04:00:00.000,93.0
2794575,0056015040,JURADO,0027,2018-09-20 05:00:00.000,92.0
2794576,0056015040,JURADO,0027,2018-09-20 06:00:00.000,92.0
2794577,0056015040,JURADO,0027,2018-09-20 07:00:00.000,89.0
2794578,0056015040,JURADO,0027,2018-09-20 08:00:00.000,72.0
2794579,0056015040,JURADO,0027,2018-09-20 09:00:00.000,62.0
2794580,0056015040,JURADO,0027,2018-09-20 10:00:00.000,63.0
2794581,0056015040,JURADO,0027,2018-09-20 11:00:00.000,67.0
2794582,0056015040,JURADO,0027,2018-09-20 12:00:00.000,73.0
2794583,0056015040,JURADO,0027,2018-09-20 13:00:00.000,69.0
2794584,0056015040,JURADO,0027,2018-09-20 14:00:00.000,61.0
2794585,0056015040,JURADO,0027,2018-09-20 15:00:00.000,56.0
2794586,0056015040,JURADO,0027,2018-09-20 16:00:00.000,74.0
2794587,0056015040,JURADO,0027,2018-09-20 17:00:00.000,79.0
2794588,0056015040,JURADO,0027,2018-09-20 18:00:00.000,83.0
2794589,0056015040,JURADO,0027,2018-09-20 19:00:00.000,85.0
2794590,0056015040,JURADO,0027,2018-09-20 20:00:00.000,86.0
2794591,0056015040,JURADO,0027,2018-09-20 21:00:00.000,92.0
2794592,0056015040,JURADO,0027,2018-09-20 22:00:00.000,92.0
2794593,0056015040,JURADO,0027,2018-09-20 23:00:00.000,94.0
2794594,0056015040,JURADO,0027,2018-09-21 00:00:00.000,94.0
2794595,0056015040,JURADO,0027,2018-09-21 01:00:00.000,94.0
2794596,0056015040,JURADO,0027,2018-09-21 02:00:00.000,94.0
2794597,0056015040,JURADO,0027,2018-09-21 03:00:00.000,94.0
2794598,0056015040,JURADO,0027,2018-09-21 04:00:00.000,94.0
2794599,0056015040,JURADO,0027,2018-09-21 05:00:00.000,95.0
2794600,0056015040,JURADO,0027,2018-09-21 06:00:00.000,96.0
2794601,0056015040,JURADO,0027,2018-09-21 07:00:00.000,90.0
2794602,0056015040,JURADO,0027,2018-09-21 08:00:00.000,70.0
2794603,0056015040,JURADO,0027,2018-09-21 09:00:00.000,61.0
2794604,0056015040,JURADO,0027,2018-09-21 10:00:00.000,58.0
2794605,0056015040,JURADO,0027,2018-09-21 11:00:00.000,72.0
2794606,0056015040,JURADO,0027,2018-09-21 12:00:00.000,61.0
2794607,0056015040,JURADO,0027,2018-09-21 13:00:00.000,72.0
2794608,0056015040,JURADO,0027,2018-09-21 14:00:00.000,71.0
2794609,0056015040,JURADO,0027,2018-09-21 15:00:00.000,94.0
2794610,0056015040,JURADO,0027,2018-09-21 16:00:00.000,83.0
2794611,0056015040,JURADO,0027,2018-09-21 17:00:00.000,83.0
2794612,0056015040,JURADO,0027,2018-09-21 18:00:00.000,85.0
2794613,0056015040,JURADO,0027,2018-09-21 19:00:00.000,85.0
2794614,0056015040,JURADO,0027,2018-09-21 20:00:00.000,83.0
2794615,0056015040,JURADO,0027,2018-09-21 21:00:00.000,87.0
2794616,0056015040,JURADO,0027,2018-09-21 22:00:00.000,92.0
2794617,0056015040,JURADO,0027,2018-09-21 23:00:00.000,94.0
2794618,0056015040,JURADO,0027,2018-09-22 00:00:00.000,94.0
2794619,0056015040,JURADO,0027,2018-09-22 01:00:00.000,95.0
2794620,0056015040,JURADO,0027,2018-09-22 02:00:00.000,95.0
2794621,0056015040,JURADO,0027,2018-09-22 03:00:00.000,97.0
2794622,0056015040,JURADO,0027,2018-09-22 04:00:00.000,98.0
2794623,0056015040,JURADO,0027,2018-09-22 05:00:00.000,98.0
2794624,0056015040,JURADO,0027,2018-09-22 06:00:00.000,98.0
2794625,0056015040,JURADO,0027,2018-09-22 07:00:00.000,97.0
2794626,0056015040,JURADO,0027,2018-09-22 08:00:00.000,96.0
2794627,0056015040,JURADO,0027,2018-09-22 09:00:00.000,92.0
2794628,0056015040,JURADO,0027,2018-09-22 10:00:00.000,71.0
2794629,0056015040,JURADO,0027,2018-09-22 11:00:00.000,62.0
2794630,0056015040,JURADO,0027,2018-09-22 12:00:00.000,66.0
2794631,0056015040,JURADO,0027,2018-09-22 13:00:00.000,70.0
2794632,0056015040,JURADO,0027,2018-09-22 14:00:00.000,96.0
2794633,0056015040,JURADO,0027,2018-09-22 15:00:00.000,90.0
2794634,0056015040,JURADO,0027,2018-09-22 16:00:00.000,79.0
2794635,0056015040,JURADO,0027,2018-09-22 17:00:00.000,97.0
2794636,0056015040,JURADO,0027,2018-09-22 18:00:00.000,98.0
2794637,0056015040,JURADO,0027,2018-09-22 19:00:00.000,98.0
2794638,0056015040,JURADO,0027,2018-09-22 20:00:00.000,98.0
2794639,0056015040,JURADO,0027,2018-09-22 21:00:00.000,98.0
2794640,0056015040,JURADO,0027,2018-09-22 22:00:00.000,98.0
2794641,0056015040,JURADO,0027,2018-09-22 23:00:00.000,97.0
2794642,0056015040,JURADO,0027,2018-09-23 00:00:00.000,97.0
2794643,0056015040,JURADO,0027,2018-09-23 01:00:00.000,97.0
2794644,0056015040,JURADO,0027,2018-09-23 02:00:00.000,97.0
2794645,0056015040,JURADO,0027,2018-09-23 03:00:00.000,97.0
2794646,0056015040,JURADO,0027,2018-09-23 04:00:00.000,97.0
2794647,0056015040,JURADO,0027,2018-09-23 05:00:00.000,97.0
2794648,0056015040,JURADO,0027,2018-09-23 06:00:00.000,97.0
2794649,0056015040,JURADO,0027,2018-09-23 07:00:00.000,96.0
2794650,0056015040,JURADO,0027,2018-09-23 08:00:00.000,90.0
2794651,0056015040,JURADO,0027,2018-09-23 09:00:00.000,75.0
2794652,0056015040,JURADO,0027,2018-09-23 10:00:00.000,63.0
2794653,0056015040,JURADO,0027,2018-09-23 11:00:00.000,64.0
2794654,0056015040,JURADO,0027,2018-09-23 12:00:00.000,73.0
2794655,0056015040,JURADO,0027,2018-09-23 13:00:00.000,96.0
2794656,0056015040,JURADO,0027,2018-09-23 14:00:00.000,94.0
2794657,0056015040,JURADO,0027,2018-09-23 15:00:00.000,94.0
2794658,0056015040,JURADO,0027,2018-09-23 16:00:00.000,80.0
2794659,0056015040,JURADO,0027,2018-09-23 17:00:00.000,80.0
2794660,0056015040,JURADO,0027,2018-09-23 18:00:00.000,87.0
2794661,0056015040,JURADO,0027,2018-09-23 19:00:00.000,86.0
2794662,0056015040,JURADO,0027,2018-09-23 20:00:00.000,87.0
2794663,0056015040,JURADO,0027,2018-09-23 21:00:00.000,94.0
2794664,0056015040,JURADO,0027,2018-09-23 22:00:00.000,97.0
2794665,0056015040,JURADO,0027,2018-09-23 23:00:00.000,98.0
2794666,0056015040,JURADO,0027,2018-09-24 00:00:00.000,98.0
2794667,0056015040,JURADO,0027,2018-09-24 01:00:00.000,98.0
2794668,0056015040,JURADO,0027,2018-09-24 02:00:00.000,98.0
2794669,0056015040,JURADO,0027,2018-09-24 03:00:00.000,98.0
2794670,0056015040,JURADO,0027,2018-09-24 04:00:00.000,98.0
2794671,0056015040,JURADO,0027,2018-09-24 05:00:00.000,98.0
2794672,0056015040,JURADO,0027,2018-09-24 06:00:00.000,98.0
2794673,0056015040,JURADO,0027,2018-09-24 07:00:00.000,98.0
2794674,0056015040,JURADO,0027,2018-09-24 08:00:00.000,98.0
2794675,0056015040,JURADO,0027,2018-09-24 09:00:00.000,98.0
2794676,0056015040,JURADO,0027,2018-09-24 10:00:00.000,96.0
2794677,0056015040,JURADO,0027,2018-09-24 11:00:00.000,94.0
2794678,0056015040,JURADO,0027,2018-09-24 12:00:00.000,68.0
2794679,0056015040,JURADO,0027,2018-09-24 13:00:00.000,69.0
2794680,0056015040,JURADO,0027,2018-09-24 14:00:00.000,58.0
2794681,0056015040,JURADO,0027,2018-09-24 15:00:00.000,73.0
2794682,0056015040,JURADO,0027,2018-09-24 16:00:00.000,76.0
2794683,0056015040,JURADO,0027,2018-09-24 17:00:00.000,82.0
2794684,0056015040,JURADO,0027,2018-09-24 18:00:00.000,85.0
2794685,0056015040,JURADO,0027,2018-09-24 19:00:00.000,86.0
2794686,0056015040,JURADO,0027,2018-09-24 20:00:00.000,93.0
2794687,0056015040,JURADO,0027,2018-09-24 21:00:00.000,95.0
2794688,0056015040,JURADO,0027,2018-09-24 22:00:00.000,95.0
2794689,0056015040,JURADO,0027,2018-09-24 23:00:00.000,95.0
2794690,0056015040,JURADO,0027,2018-09-25 00:00:00.000,96.0
2794691,0056015040,JURADO,0027,2018-09-25 01:00:00.000,96.0
2794692,0056015040,JURADO,0027,2018-09-25 02:00:00.000,96.0
2794693,0056015040,JURADO,0027,2018-09-25 03:00:00.000,97.0
2794694,0056015040,JURADO,0027,2018-09-25 04:00:00.000,96.0
2794695,0056015040,JURADO,0027,2018-09-25 05:00:00.000,96.0
2794696,0056015040,JURADO,0027,2018-09-25 06:00:00.000,97.0
2794697,0056015040,JURADO,0027,2018-09-25 07:00:00.000,92.0
2794698,0056015040,JURADO,0027,2018-09-25 08:00:00.000,79.0
2794699,0056015040,JURADO,0027,2018-09-25 09:00:00.000,76.0
2794700,0056015040,JURADO,0027,2018-09-25 10:00:00.000,63.0
2794701,0056015040,JURADO,0027,2018-09-25 11:00:00.000,72.0
2794702,0056015040,JURADO,0027,2018-09-25 12:00:00.000,75.0
2794703,0056015040,JURADO,0027,2018-09-25 13:00:00.000,74.0
2794704,0056015040,JURADO,0027,2018-09-25 14:00:00.000,73.0
2794705,0056015040,JURADO,0027,2018-09-25 15:00:00.000,75.0
2794706,0056015040,JURADO,0027,2018-09-25 16:00:00.000,78.0
2794707,0056015040,JURADO,0027,2018-09-25 17:00:00.000,80.0
2794708,0056015040,JURADO,0027,2018-09-25 18:00:00.000,84.0
2794709,0056015040,JURADO,0027,2018-09-25 19:00:00.000,87.0
2794710,0056015040,JURADO,0027,2018-09-25 20:00:00.000,90.0
2794711,0056015040,JURADO,0027,2018-09-25 21:00:00.000,94.0
2794712,0056015040,JURADO,0027,2018-09-25 22:00:00.000,95.0
2794713,0056015040,JURADO,0027,2018-09-25 23:00:00.000,94.0
2794714,0056015040,JURADO,0027,2018-09-26 00:00:00.000,95.0
2794715,0056015040,JURADO,0027,2018-09-26 01:00:00.000,95.0
2794716,0056015040,JURADO,0027,2018-09-26 02:00:00.000,94.0
2794717,0056015040,JURADO,0027,2018-09-26 03:00:00.000,94.0
2794718,0056015040,JURADO,0027,2018-09-26 04:00:00.000,98.0
2794719,0056015040,JURADO,0027,2018-09-26 05:00:00.000,98.0
2794720,0056015040,JURADO,0027,2018-09-26 06:00:00.000,98.0
2794721,0056015040,JURADO,0027,2018-09-26 07:00:00.000,98.0
2794722,0056015040,JURADO,0027,2018-09-26 08:00:00.000,97.0
2794723,0056015040,JURADO,0027,2018-09-26 09:00:00.000,97.0
2794724,0056015040,JURADO,0027,2018-09-26 10:00:00.000,98.0
2794725,0056015040,JURADO,0027,2018-09-26 11:00:00.000,97.0
2794726,0056015040,JURADO,0027,2018-09-26 12:00:00.000,96.0
2794727,0056015040,JURADO,0027,2018-09-26 13:00:00.000,94.0
2794728,0056015040,JURADO,0027,2018-09-26 14:00:00.000,83.0
2794729,0056015040,JURADO,0027,2018-09-26 15:00:00.000,84.0
2794730,0056015040,JURADO,0027,2018-09-26 16:00:00.000,85.0
2794731,0056015040,JURADO,0027,2018-09-26 17:00:00.000,85.0
2794732,0056015040,JURADO,0027,2018-09-26 18:00:00.000,91.0
2794733,0056015040,JURADO,0027,2018-09-26 19:00:00.000,86.0
2794734,0056015040,JURADO,0027,2018-09-26 20:00:00.000,84.0
2794735,0056015040,JURADO,0027,2018-09-26 21:00:00.000,92.0
2794736,0056015040,JURADO,0027,2018-09-26 22:00:00.000,92.0
2794737,0056015040,JURADO,0027,2018-09-26 23:00:00.000,95.0
2794738,0056015040,JURADO,0027,2018-09-27 00:00:00.000,96.0
2794739,0056015040,JURADO,0027,2018-09-27 01:00:00.000,96.0
2794740,0056015040,JURADO,0027,2018-09-27 02:00:00.000,96.0
2794741,0056015040,JURADO,0027,2018-09-27 03:00:00.000,96.0
2794742,0056015040,JURADO,0027,2018-09-27 04:00:00.000,96.0
2794743,0056015040,JURADO,0027,2018-09-27 05:00:00.000,96.0
2794744,0056015040,JURADO,0027,2018-09-27 06:00:00.000,96.0
2794745,0056015040,JURADO,0027,2018-09-27 07:00:00.000,94.0
2794746,0056015040,JURADO,0027,2018-09-27 08:00:00.000,82.0
2794747,0056015040,JURADO,0027,2018-09-27 09:00:00.000,66.0
2794748,0056015040,JURADO,0027,2018-09-27 10:00:00.000,60.0
2794749,0056015040,JURADO,0027,2018-09-27 11:00:00.000,66.0
2794750,0056015040,JURADO,0027,2018-09-27 12:00:00.000,64.0
2794751,0056015040,JURADO,0027,2018-09-27 13:00:00.000,65.0
2794752,0056015040,JURADO,0027,2018-09-27 14:00:00.000,94.0
2794753,0056015040,JURADO,0027,2018-09-27 15:00:00.000,95.0
2794754,0056015040,JURADO,0027,2018-09-27 16:00:00.000,97.0
2794755,0056015040,JURADO,0027,2018-09-27 17:00:00.000,97.0
2794756,0056015040,JURADO,0027,2018-09-27 18:00:00.000,98.0
2794757,0056015040,JURADO,0027,2018-09-27 19:00:00.000,98.0
2794758,0056015040,JURADO,0027,2018-09-27 20:00:00.000,98.0
2794759,0056015040,JURADO,0027,2018-09-27 21:00:00.000,98.0
2794760,0056015040,JURADO,0027,2018-09-27 22:00:00.000,98.0
2794761,0056015040,JURADO,0027,2018-09-27 23:00:00.000,98.0
2794762,0056015040,JURADO,0027,2018-09-28 00:00:00.000,98.0
2794763,0056015040,JURADO,0027,2018-09-28 01:00:00.000,98.0
2794764,0056015040,JURADO,0027,2018-09-28 02:00:00.000,98.0
2794765,0056015040,JURADO,0027,2018-09-28 03:00:00.000,98.0
2794766,0056015040,JURADO,0027,2018-09-28 04:00:00.000,98.0
2794767,0056015040,JURADO,0027,2018-09-28 05:00:00.000,98.0
2794768,0056015040,JURADO,0027,2018-09-28 06:00:00.000,98.0
2794769,0056015040,JURADO,0027,2018-09-28 07:00:00.000,98.0
2794770,0056015040,JURADO,0027,2018-09-28 08:00:00.000,97.0
2794771,0056015040,JURADO,0027,2018-09-28 09:00:00.000,97.0
2794772,0056015040,JURADO,0027,2018-09-28 10:00:00.000,95.0
2794773,0056015040,JURADO,0027,2018-09-28 11:00:00.000,93.0
2794774,0056015040,JURADO,0027,2018-09-28 12:00:00.000,94.0
2794775,0056015040,JURADO,0027,2018-09-28 13:00:00.000,80.0
2794776,0056015040,JURADO,0027,2018-09-28 14:00:00.000,79.0
2794777,0056015040,JURADO,0027,2018-09-28 15:00:00.000,63.0
2794778,0056015040,JURADO,0027,2018-09-28 16:00:00.000,71.0
2794779,0056015040,JURADO,0027,2018-09-28 17:00:00.000,79.0
2794780,0056015040,JURADO,0027,2018-09-28 18:00:00.000,93.0
2794781,0056015040,JURADO,0027,2018-09-28 19:00:00.000,97.0
2794782,0056015040,JURADO,0027,2018-09-28 20:00:00.000,95.0
2794783,0056015040,JURADO,0027,2018-09-28 21:00:00.000,96.0
2794784,0056015040,JURADO,0027,2018-09-28 22:00:00.000,96.0
2794785,0056015040,JURADO,0027,2018-09-28 23:00:00.000,96.0
2794786,0056015040,JURADO,0027,2018-09-29 00:00:00.000,96.0
2794787,0056015040,JURADO,0027,2018-09-29 01:00:00.000,95.0
2794788,0056015040,JURADO,0027,2018-09-29 02:00:00.000,95.0
2794789,0056015040,JURADO,0027,2018-09-29 03:00:00.000,95.0
2794790,0056015040,JURADO,0027,2018-09-29 04:00:00.000,95.0
2794791,0056015040,JURADO,0027,2018-09-29 05:00:00.000,95.0
2794792,0056015040,JURADO,0027,2018-09-29 06:00:00.000,94.0
2794793,0056015040,JURADO,0027,2018-09-29 07:00:00.000,91.0
2794794,0056015040,JURADO,0027,2018-09-29 08:00:00.000,83.0
2794795,0056015040,JURADO,0027,2018-09-29 09:00:00.000,69.0
2794796,0056015040,JURADO,0027,2018-09-29 10:00:00.000,55.0
2794797,0056015040,JURADO,0027,2018-09-29 11:00:00.000,63.0
2794798,0056015040,JURADO,0027,2018-09-29 12:00:00.000,74.0
2794799,0056015040,JURADO,0027,2018-09-29 13:00:00.000,80.0
2794800,0056015040,JURADO,0027,2018-09-29 14:00:00.000,73.0
2794801,0056015040,JURADO,0027,2018-09-29 15:00:00.000,82.0
2794802,0056015040,JURADO,0027,2018-09-29 16:00:00.000,93.0
2794803,0056015040,JURADO,0027,2018-09-29 17:00:00.000,94.0
2794804,0056015040,JURADO,0027,2018-09-29 18:00:00.000,95.0
2794805,0056015040,JURADO,0027,2018-09-29 19:00:00.000,96.0
2794806,0056015040,JURADO,0027,2018-09-29 20:00:00.000,96.0
2794807,0056015040,JURADO,0027,2018-09-29 21:00:00.000,96.0
2794808,0056015040,JURADO,0027,2018-09-29 22:00:00.000,96.0
2794809,0056015040,JURADO,0027,2018-09-29 23:00:00.000,96.0
2794810,0056015040,JURADO,0027,2018-09-30 00:00:00.000,97.0
2794811,0056015040,JURADO,0027,2018-09-30 01:00:00.000,98.0
2794812,0056015040,JURADO,0027,2018-09-30 02:00:00.000,98.0
2794813,0056015040,JURADO,0027,2018-09-30 03:00:00.000,98.0
2794814,0056015040,JURADO,0027,2018-09-30 04:00:00.000,98.0
2794815,0056015040,JURADO,0027,2018-09-30 05:00:00.000,98.0
2794816,0056015040,JURADO,0027,2018-09-30 06:00:00.000,98.0
2794817,0056015040,JURADO,0027,2018-09-30 07:00:00.000,98.0
2794818,0056015040,JURADO,0027,2018-09-30 08:00:00.000,96.0
2794819,0056015040,JURADO,0027,2018-09-30 09:00:00.000,90.0
2794820,0056015040,JURADO,0027,2018-09-30 10:00:00.000,70.0
2794821,0056015040,JURADO,0027,2018-09-30 11:00:00.000,72.0
2794822,0056015040,JURADO,0027,2018-09-30 12:00:00.000,69.0
2794823,0056015040,JURADO,0027,2018-09-30 13:00:00.000,72.0
2794824,0056015040,JURADO,0027,2018-09-30 14:00:00.000,66.0
2794825,0056015040,JURADO,0027,2018-09-30 15:00:00.000,76.0
2794826,0056015040,JURADO,0027,2018-09-30 16:00:00.000,73.0
2794827,0056015040,JURADO,0027,2018-09-30 17:00:00.000,77.0
2794828,0056015040,JURADO,0027,2018-09-30 18:00:00.000,84.0
2794829,0056015040,JURADO,0027,2018-09-30 19:00:00.000,84.0
2794830,0056015040,JURADO,0027,2018-09-30 20:00:00.000,84.0
2794831,0056015040,JURADO,0027,2018-09-30 21:00:00.000,85.0
2794832,0056015040,JURADO,0027,2018-09-30 22:00:00.000,89.0
2794833,0056015040,JURADO,0027,2018-09-30 23:00:00.000,92.0
2794834,0056015040,JURADO,0027,2018-10-01 00:00:00.000,94.0
2794835,0056015040,JURADO,0027,2018-10-01 01:00:00.000,98.0
2794836,0056015040,JURADO,0027,2018-10-01 02:00:00.000,98.0
2794837,0056015040,JURADO,0027,2018-10-01 03:00:00.000,98.0
2794838,0056015040,JURADO,0027,2018-10-01 04:00:00.000,98.0
2794839,0056015040,JURADO,0027,2018-10-01 05:00:00.000,98.0
2794840,0056015040,JURADO,0027,2018-10-01 07:00:00.000,98.0
2794841,0056015040,JURADO,0027,2018-10-01 08:00:00.000,97.0
2794842,0056015040,JURADO,0027,2018-10-01 09:00:00.000,96.0
2794843,0056015040,JURADO,0027,2018-10-01 10:00:00.000,96.0
2794844,0056015040,JURADO,0027,2018-10-01 11:00:00.000,69.0
2794845,0056015040,JURADO,0027,2018-10-01 12:00:00.000,61.0
2794846,0056015040,JURADO,0027,2018-10-01 13:00:00.000,66.0
2794847,0056015040,JURADO,0027,2018-10-01 14:00:00.000,53.0
2794848,0056015040,JURADO,0027,2018-10-01 15:00:00.000,54.0
2794849,0056015040,JURADO,0027,2018-10-01 16:00:00.000,67.0
2794850,0056015040,JURADO,0027,2018-10-01 17:00:00.000,76.0
2794851,0056015040,JURADO,0027,2018-10-01 18:00:00.000,83.0
2794852,0056015040,JURADO,0027,2018-10-01 19:00:00.000,96.0
2794853,0056015040,JURADO,0027,2018-10-01 20:00:00.000,95.0
2794854,0056015040,JURADO,0027,2018-10-01 21:00:00.000,95.0
2794855,0056015040,JURADO,0027,2018-10-01 22:00:00.000,96.0
2794856,0056015040,JURADO,0027,2018-10-01 23:00:00.000,96.0
2794857,0056015040,JURADO,0027,2018-10-02 00:00:00.000,97.0
2794858,0056015040,JURADO,0027,2018-10-02 01:00:00.000,97.0
2794859,0056015040,JURADO,0027,2018-10-02 02:00:00.000,97.0
2794860,0056015040,JURADO,0027,2018-10-02 03:00:00.000,97.0
2794861,0056015040,JURADO,0027,2018-10-02 04:00:00.000,97.0
2794862,0056015040,JURADO,0027,2018-10-02 05:00:00.000,98.0
2794863,0056015040,JURADO,0027,2018-10-02 06:00:00.000,98.0
2794864,0056015040,JURADO,0027,2018-10-02 07:00:00.000,97.0
2794865,0056015040,JURADO,0027,2018-10-02 08:00:00.000,95.0
2794866,0056015040,JURADO,0027,2018-10-02 09:00:00.000,94.0
2794867,0056015040,JURADO,0027,2018-10-02 10:00:00.000,68.0
2794868,0056015040,JURADO,0027,2018-10-02 11:00:00.000,84.0
2794869,0056015040,JURADO,0027,2018-10-02 12:00:00.000,78.0
2794870,0056015040,JURADO,0027,2018-10-02 13:00:00.000,79.0
2794871,0056015040,JURADO,0027,2018-10-02 14:00:00.000,64.0
2794872,0056015040,JURADO,0027,2018-10-02 15:00:00.000,69.0
2794873,0056015040,JURADO,0027,2018-10-02 16:00:00.000,83.0
2794874,0056015040,JURADO,0027,2018-10-02 17:00:00.000,84.0
2794875,0056015040,JURADO,0027,2018-10-02 18:00:00.000,85.0
2794876,0056015040,JURADO,0027,2018-10-02 19:00:00.000,92.0
2794877,0056015040,JURADO,0027,2018-10-02 20:00:00.000,95.0
2794878,0056015040,JURADO,0027,2018-10-02 21:00:00.000,95.0
2794879,0056015040,JURADO,0027,2018-10-02 22:00:00.000,97.0
2794880,0056015040,JURADO,0027,2018-10-02 23:00:00.000,98.0
2794881,0056015040,JURADO,0027,2018-10-03 00:00:00.000,98.0
2794882,0056015040,JURADO,0027,2018-10-03 01:00:00.000,98.0
2794883,0056015040,JURADO,0027,2018-10-03 02:00:00.000,98.0
2794884,0056015040,JURADO,0027,2018-10-03 03:00:00.000,98.0
2794885,0056015040,JURADO,0027,2018-10-03 04:00:00.000,98.0
2794886,0056015040,JURADO,0027,2018-10-03 05:00:00.000,98.0
2794887,0056015040,JURADO,0027,2018-10-03 06:00:00.000,98.0
2794888,0056015040,JURADO,0027,2018-10-03 07:00:00.000,98.0
2794889,0056015040,JURADO,0027,2018-10-03 08:00:00.000,96.0
2794890,0056015040,JURADO,0027,2018-10-03 09:00:00.000,94.0
2794891,0056015040,JURADO,0027,2018-10-03 10:00:00.000,69.0
2794892,0056015040,JURADO,0027,2018-10-03 11:00:00.000,71.0
2794893,0056015040,JURADO,0027,2018-10-03 12:00:00.000,81.0
2794894,0056015040,JURADO,0027,2018-10-03 13:00:00.000,73.0
2794895,0056015040,JURADO,0027,2018-10-03 14:00:00.000,78.0
2794896,0056015040,JURADO,0027,2018-10-03 15:00:00.000,72.0
2794897,0056015040,JURADO,0027,2018-10-03 16:00:00.000,93.0
2794898,0056015040,JURADO,0027,2018-10-03 17:00:00.000,80.0
2794899,0056015040,JURADO,0027,2018-10-03 18:00:00.000,97.0
2794900,0056015040,JURADO,0027,2018-10-03 19:00:00.000,97.0
2794901,0056015040,JURADO,0027,2018-10-03 20:00:00.000,90.0
2794902,0056015040,JURADO,0027,2018-10-03 21:00:00.000,85.0
2794903,0056015040,JURADO,0027,2018-10-03 22:00:00.000,83.0
2794904,0056015040,JURADO,0027,2018-10-03 23:00:00.000,91.0
2794905,0056015040,JURADO,0027,2018-10-04 00:00:00.000,91.0
2794906,0056015040,JURADO,0027,2018-10-04 01:00:00.000,89.0
2794907,0056015040,JURADO,0027,2018-10-04 02:00:00.000,97.0
2794908,0056015040,JURADO,0027,2018-10-04 03:00:00.000,97.0
2794909,0056015040,JURADO,0027,2018-10-04 04:00:00.000,85.0
2794910,0056015040,JURADO,0027,2018-10-04 05:00:00.000,84.0
2794911,0056015040,JURADO,0027,2018-10-04 06:00:00.000,81.0
2794912,0056015040,JURADO,0027,2018-10-04 07:00:00.000,82.0
2794913,0056015040,JURADO,0027,2018-10-04 08:00:00.000,80.0
2794914,0056015040,JURADO,0027,2018-10-04 09:00:00.000,87.0
2794915,0056015040,JURADO,0027,2018-10-04 10:00:00.000,69.0
2794916,0056015040,JURADO,0027,2018-10-04 11:00:00.000,71.0
2794917,0056015040,JURADO,0027,2018-10-04 12:00:00.000,75.0
2794918,0056015040,JURADO,0027,2018-10-04 13:00:00.000,64.0
2794919,0056015040,JURADO,0027,2018-10-04 14:00:00.000,67.0
2794920,0056015040,JURADO,0027,2018-10-04 15:00:00.000,58.0
2794921,0056015040,JURADO,0027,2018-10-04 17:00:00.000,74.0
2794922,0056015040,JURADO,0027,2018-10-04 18:00:00.000,79.0
2794923,0056015040,JURADO,0027,2018-10-04 19:00:00.000,79.0
2794924,0056015040,JURADO,0027,2018-10-04 20:00:00.000,80.0
2794925,0056015040,JURADO,0027,2018-10-04 21:00:00.000,80.0
2794926,0056015040,JURADO,0027,2018-10-04 22:00:00.000,78.0
2794927,0056015040,JURADO,0027,2018-10-04 23:00:00.000,79.0
2794928,0056015040,JURADO,0027,2018-10-05 00:00:00.000,79.0
2794929,0056015040,JURADO,0027,2018-10-05 01:00:00.000,78.0
2794930,0056015040,JURADO,0027,2018-10-05 02:00:00.000,79.0
2794931,0056015040,JURADO,0027,2018-10-05 03:00:00.000,80.0
2794932,0056015040,JURADO,0027,2018-10-05 04:00:00.000,77.0
2794933,0056015040,JURADO,0027,2018-10-05 05:00:00.000,80.0
2794934,0056015040,JURADO,0027,2018-10-05 06:00:00.000,77.0
2794935,0056015040,JURADO,0027,2018-10-05 07:00:00.000,74.0
2794936,0056015040,JURADO,0027,2018-10-05 08:00:00.000,72.0
2794937,0056015040,JURADO,0027,2018-10-05 09:00:00.000,60.0
2794938,0056015040,JURADO,0027,2018-10-05 10:00:00.000,56.0
2794939,0056015040,JURADO,0027,2018-10-05 11:00:00.000,54.0
2794940,0056015040,JURADO,0027,2018-10-05 12:00:00.000,62.0
2794941,0056015040,JURADO,0027,2018-10-05 13:00:00.000,62.0
2794942,0056015040,JURADO,0027,2018-10-05 14:00:00.000,61.0
2794943,0056015040,JURADO,0027,2018-10-05 15:00:00.000,64.0
2794944,0056015040,JURADO,0027,2018-10-05 16:00:00.000,65.0
2794945,0056015040,JURADO,0027,2018-10-05 17:00:00.000,68.0
2794946,0056015040,JURADO,0027,2018-10-05 18:00:00.000,74.0
2794947,0056015040,JURADO,0027,2018-10-05 19:00:00.000,75.0
2794948,0056015040,JURADO,0027,2018-10-05 20:00:00.000,75.0
2794949,0056015040,JURADO,0027,2018-10-05 21:00:00.000,91.0
2794950,0056015040,JURADO,0027,2018-10-05 22:00:00.000,91.0
2794951,0056015040,JURADO,0027,2018-10-05 23:00:00.000,91.0
2794952,0056015040,JURADO,0027,2018-10-06 00:00:00.000,92.0
2794953,0056015040,JURADO,0027,2018-10-06 01:00:00.000,92.0
2794954,0056015040,JURADO,0027,2018-10-06 02:00:00.000,92.0
2794955,0056015040,JURADO,0027,2018-10-06 03:00:00.000,92.0
2794956,0056015040,JURADO,0027,2018-10-06 04:00:00.000,93.0
2794957,0056015040,JURADO,0027,2018-10-06 05:00:00.000,93.0
2794958,0056015040,JURADO,0027,2018-10-06 06:00:00.000,94.0
2794959,0056015040,JURADO,0027,2018-10-06 07:00:00.000,90.0
2794960,0056015040,JURADO,0027,2018-10-06 08:00:00.000,74.0
2794961,0056015040,JURADO,0027,2018-10-06 09:00:00.000,54.0
2794962,0056015040,JURADO,0027,2018-10-06 10:00:00.000,53.0
2794963,0056015040,JURADO,0027,2018-10-06 11:00:00.000,57.0
2794964,0056015040,JURADO,0027,2018-10-06 12:00:00.000,59.0
2794965,0056015040,JURADO,0027,2018-10-06 13:00:00.000,57.0
2794966,0056015040,JURADO,0027,2018-10-06 14:00:00.000,54.0
2794967,0056015040,JURADO,0027,2018-10-06 15:00:00.000,57.0
2794968,0056015040,JURADO,0027,2018-10-06 16:00:00.000,57.0
2794969,0056015040,JURADO,0027,2018-10-06 17:00:00.000,70.0
2794970,0056015040,JURADO,0027,2018-10-06 18:00:00.000,75.0
2794971,0056015040,JURADO,0027,2018-10-06 19:00:00.000,76.0
2794972,0056015040,JURADO,0027,2018-10-06 20:00:00.000,75.0
2794973,0056015040,JURADO,0027,2018-10-06 21:00:00.000,76.0
2794974,0056015040,JURADO,0027,2018-10-06 22:00:00.000,92.0
2794975,0056015040,JURADO,0027,2018-10-06 23:00:00.000,93.0
2794976,0056015040,JURADO,0027,2018-10-07 00:00:00.000,93.0
2794977,0056015040,JURADO,0027,2018-10-07 01:00:00.000,94.0
2794978,0056015040,JURADO,0027,2018-10-07 02:00:00.000,94.0
2794979,0056015040,JURADO,0027,2018-10-07 03:00:00.000,94.0
2794980,0056015040,JURADO,0027,2018-10-07 04:00:00.000,94.0
2794981,0056015040,JURADO,0027,2018-10-07 05:00:00.000,94.0
2794982,0056015040,JURADO,0027,2018-10-07 06:00:00.000,94.0
2794983,0056015040,JURADO,0027,2018-10-07 07:00:00.000,91.0
2794984,0056015040,JURADO,0027,2018-10-07 08:00:00.000,79.0
2794985,0056015040,JURADO,0027,2018-10-07 09:00:00.000,58.0
2794986,0056015040,JURADO,0027,2018-10-07 10:00:00.000,56.0
2794987,0056015040,JURADO,0027,2018-10-07 11:00:00.000,59.0
2794988,0056015040,JURADO,0027,2018-10-07 12:00:00.000,61.0
2794989,0056015040,JURADO,0027,2018-10-07 13:00:00.000,63.0
2794990,0056015040,JURADO,0027,2018-10-07 14:00:00.000,54.0
2794991,0056015040,JURADO,0027,2018-10-07 15:00:00.000,54.0
2794992,0056015040,JURADO,0027,2018-10-07 16:00:00.000,57.0
2794993,0056015040,JURADO,0027,2018-10-07 17:00:00.000,72.0
2794994,0056015040,JURADO,0027,2018-10-07 18:00:00.000,77.0
2794995,0056015040,JURADO,0027,2018-10-07 19:00:00.000,77.0
2794996,0056015040,JURADO,0027,2018-10-07 20:00:00.000,79.0
2794997,0056015040,JURADO,0027,2018-10-07 21:00:00.000,87.0
2794998,0056015040,JURADO,0027,2018-10-07 22:00:00.000,90.0
2794999,0056015040,JURADO,0027,2018-10-07 23:00:00.000,90.0
2795000,0056015040,JURADO,0027,2018-10-08 00:00:00.000,90.0
2795001,0056015040,JURADO,0027,2018-10-08 01:00:00.000,91.0
2795002,0056015040,JURADO,0027,2018-10-08 02:00:00.000,91.0
2795003,0056015040,JURADO,0027,2018-10-08 03:00:00.000,92.0
2795004,0056015040,JURADO,0027,2018-10-08 04:00:00.000,93.0
2795005,0056015040,JURADO,0027,2018-10-08 05:00:00.000,93.0
2795006,0056015040,JURADO,0027,2018-10-08 06:00:00.000,93.0
2795007,0056015040,JURADO,0027,2018-10-08 07:00:00.000,92.0
2795008,0056015040,JURADO,0027,2018-10-08 08:00:00.000,88.0
2795009,0056015040,JURADO,0027,2018-10-08 09:00:00.000,73.0
2795010,0056015040,JURADO,0027,2018-10-08 10:00:00.000,77.0
2795011,0056015040,JURADO,0027,2018-10-08 11:00:00.000,76.0
2795012,0056015040,JURADO,0027,2018-10-08 12:00:00.000,82.0
2795013,0056015040,JURADO,0027,2018-10-08 13:00:00.000,97.0
2795014,0056015040,JURADO,0027,2018-10-08 14:00:00.000,97.0
2795015,0056015040,JURADO,0027,2018-10-08 15:00:00.000,97.0
2795016,0056015040,JURADO,0027,2018-10-08 16:00:00.000,97.0
2795017,0056015040,JURADO,0027,2018-10-08 17:00:00.000,98.0
2795018,0056015040,JURADO,0027,2018-10-08 18:00:00.000,97.0
2795019,0056015040,JURADO,0027,2018-10-08 19:00:00.000,98.0
2795020,0056015040,JURADO,0027,2018-10-08 20:00:00.000,98.0
2795021,0056015040,JURADO,0027,2018-10-08 21:00:00.000,98.0
2795022,0056015040,JURADO,0027,2018-10-08 22:00:00.000,98.0
2795023,0056015040,JURADO,0027,2018-10-08 23:00:00.000,98.0
2795024,0056015040,JURADO,0027,2018-10-09 00:00:00.000,98.0
2795025,0056015040,JURADO,0027,2018-10-09 01:00:00.000,98.0
2795026,0056015040,JURADO,0027,2018-10-09 02:00:00.000,98.0
2795027,0056015040,JURADO,0027,2018-10-09 03:00:00.000,98.0
2795028,0056015040,JURADO,0027,2018-10-09 04:00:00.000,98.0
2795029,0056015040,JURADO,0027,2018-10-09 05:00:00.000,98.0
2795030,0056015040,JURADO,0027,2018-10-09 06:00:00.000,98.0
2795031,0056015040,JURADO,0027,2018-10-09 07:00:00.000,98.0
2795032,0056015040,JURADO,0027,2018-10-09 08:00:00.000,97.0
2795033,0056015040,JURADO,0027,2018-10-09 09:00:00.000,94.0
2795034,0056015040,JURADO,0027,2018-10-09 10:00:00.000,72.0
2795035,0056015040,JURADO,0027,2018-10-09 11:00:00.000,71.0
2795036,0056015040,JURADO,0027,2018-10-09 12:00:00.000,67.0
2795037,0056015040,JURADO,0027,2018-10-09 13:00:00.000,86.0
2795038,0056015040,JURADO,0027,2018-10-09 14:00:00.000,72.0
2795039,0056015040,JURADO,0027,2018-10-09 15:00:00.000,68.0
2795040,0056015040,JURADO,0027,2018-10-09 16:00:00.000,89.0
2795041,0056015040,JURADO,0027,2018-10-09 17:00:00.000,97.0
2795042,0056015040,JURADO,0027,2018-10-09 18:00:00.000,98.0
2795043,0056015040,JURADO,0027,2018-10-09 19:00:00.000,98.0
2795044,0056015040,JURADO,0027,2018-10-09 20:00:00.000,98.0
2795045,0056015040,JURADO,0027,2018-10-09 21:00:00.000,98.0
2795046,0056015040,JURADO,0027,2018-10-09 22:00:00.000,98.0
2795047,0056015040,JURADO,0027,2018-10-09 23:00:00.000,98.0
2795048,0056015040,JURADO,0027,2018-10-10 00:00:00.000,98.0
2795049,0056015040,JURADO,0027,2018-10-10 01:00:00.000,98.0
2795050,0056015040,JURADO,0027,2018-10-10 02:00:00.000,98.0
2795051,0056015040,JURADO,0027,2018-10-10 03:00:00.000,98.0
2795052,0056015040,JURADO,0027,2018-10-10 04:00:00.000,98.0
2795053,0056015040,JURADO,0027,2018-10-10 05:00:00.000,98.0
2795054,0056015040,JURADO,0027,2018-10-10 06:00:00.000,98.0
2795055,0056015040,JURADO,0027,2018-10-10 07:00:00.000,97.0
2795056,0056015040,JURADO,0027,2018-10-10 08:00:00.000,93.0
2795057,0056015040,JURADO,0027,2018-10-10 09:00:00.000,75.0
2795058,0056015040,JURADO,0027,2018-10-10 10:00:00.000,96.0
2795059,0056015040,JURADO,0027,2018-10-10 11:00:00.000,96.0
2795060,0056015040,JURADO,0027,2018-10-10 12:00:00.000,97.0
2795061,0056015040,JURADO,0027,2018-10-10 13:00:00.000,97.0
2795062,0056015040,JURADO,0027,2018-10-10 14:00:00.000,96.0
2795063,0056015040,JURADO,0027,2018-10-10 15:00:00.000,94.0
2795064,0056015040,JURADO,0027,2018-10-10 16:00:00.000,79.0
2795065,0056015040,JURADO,0027,2018-10-10 17:00:00.000,81.0
2795066,0056015040,JURADO,0027,2018-10-10 18:00:00.000,97.0
2795067,0056015040,JURADO,0027,2018-10-10 19:00:00.000,96.0
2795068,0056015040,JURADO,0027,2018-10-10 20:00:00.000,82.0
2795069,0056015040,JURADO,0027,2018-10-10 21:00:00.000,84.0
2795070,0056015040,JURADO,0027,2018-10-10 22:00:00.000,93.0
2795071,0056015040,JURADO,0027,2018-10-10 23:00:00.000,95.0
2795072,0056015040,JURADO,0027,2018-10-11 00:00:00.000,96.0
2795073,0056015040,JURADO,0027,2018-10-11 01:00:00.000,96.0
2795074,0056015040,JURADO,0027,2018-10-11 02:00:00.000,92.0
2795075,0056015040,JURADO,0027,2018-10-11 03:00:00.000,95.0
2795076,0056015040,JURADO,0027,2018-10-11 04:00:00.000,93.0
2795077,0056015040,JURADO,0027,2018-10-11 05:00:00.000,94.0
2795078,0056015040,JURADO,0027,2018-10-11 06:00:00.000,95.0
2795079,0056015040,JURADO,0027,2018-10-11 07:00:00.000,94.0
2795080,0056015040,JURADO,0027,2018-10-11 08:00:00.000,96.0
2795081,0056015040,JURADO,0027,2018-10-11 09:00:00.000,97.0
2795082,0056015040,JURADO,0027,2018-10-11 10:00:00.000,97.0
2795083,0056015040,JURADO,0027,2018-10-11 11:00:00.000,97.0
2795084,0056015040,JURADO,0027,2018-10-11 12:00:00.000,94.0
2795085,0056015040,JURADO,0027,2018-10-11 13:00:00.000,91.0
2795086,0056015040,JURADO,0027,2018-10-11 14:00:00.000,76.0
2795087,0056015040,JURADO,0027,2018-10-11 15:00:00.000,96.0
2795088,0056015040,JURADO,0027,2018-10-11 16:00:00.000,97.0
2795089,0056015040,JURADO,0027,2018-10-11 17:00:00.000,97.0
2795090,0056015040,JURADO,0027,2018-10-11 18:00:00.000,97.0
2795091,0056015040,JURADO,0027,2018-10-11 19:00:00.000,97.0
2795092,0056015040,JURADO,0027,2018-10-11 20:00:00.000,96.0
2795093,0056015040,JURADO,0027,2018-10-11 21:00:00.000,96.0
2795094,0056015040,JURADO,0027,2018-10-11 22:00:00.000,97.0
2795095,0056015040,JURADO,0027,2018-10-11 23:00:00.000,97.0
2795096,0056015040,JURADO,0027,2018-10-12 00:00:00.000,92.0
2795097,0056015040,JURADO,0027,2018-10-12 01:00:00.000,97.0
2795098,0056015040,JURADO,0027,2018-10-12 02:00:00.000,98.0
2795099,0056015040,JURADO,0027,2018-10-12 03:00:00.000,98.0
2795100,0056015040,JURADO,0027,2018-10-12 04:00:00.000,98.0
2795101,0056015040,JURADO,0027,2018-10-12 05:00:00.000,98.0
2795102,0056015040,JURADO,0027,2018-10-12 06:00:00.000,98.0
2795103,0056015040,JURADO,0027,2018-10-12 07:00:00.000,98.0
2795104,0056015040,JURADO,0027,2018-10-12 08:00:00.000,95.0
2795105,0056015040,JURADO,0027,2018-10-12 09:00:00.000,77.0
2795106,0056015040,JURADO,0027,2018-10-12 10:00:00.000,67.0
2795107,0056015040,JURADO,0027,2018-10-12 11:00:00.000,66.0
2795108,0056015040,JURADO,0027,2018-10-12 12:00:00.000,71.0
2795109,0056015040,JURADO,0027,2018-10-12 13:00:00.000,63.0
2795110,0056015040,JURADO,0027,2018-10-12 14:00:00.000,88.0
2795111,0056015040,JURADO,0027,2018-10-12 15:00:00.000,58.0
2795112,0056015040,JURADO,0027,2018-10-12 16:00:00.000,64.0
2795113,0056015040,JURADO,0027,2018-10-12 17:00:00.000,72.0
2795114,0056015040,JURADO,0027,2018-10-12 18:00:00.000,77.0
2795115,0056015040,JURADO,0027,2018-10-12 19:00:00.000,79.0
2795116,0056015040,JURADO,0027,2018-10-12 20:00:00.000,77.0
2795117,0056015040,JURADO,0027,2018-10-12 21:00:00.000,79.0
2795118,0056015040,JURADO,0027,2018-10-12 22:00:00.000,77.0
2795119,0056015040,JURADO,0027,2018-10-12 23:00:00.000,78.0
2795120,0056015040,JURADO,0027,2018-10-13 00:00:00.000,79.0
2795121,0056015040,JURADO,0027,2018-10-13 01:00:00.000,76.0
2795122,0056015040,JURADO,0027,2018-10-13 02:00:00.000,79.0
2795123,0056015040,JURADO,0027,2018-10-13 03:00:00.000,80.0
2795124,0056015040,JURADO,0027,2018-10-13 04:00:00.000,80.0
2795125,0056015040,JURADO,0027,2018-10-13 05:00:00.000,90.0
2795126,0056015040,JURADO,0027,2018-10-13 06:00:00.000,92.0
2795127,0056015040,JURADO,0027,2018-10-13 07:00:00.000,75.0
2795128,0056015040,JURADO,0027,2018-10-13 08:00:00.000,72.0
2795129,0056015040,JURADO,0027,2018-10-13 09:00:00.000,60.0
2795130,0056015040,JURADO,0027,2018-10-13 10:00:00.000,65.0
2795131,0056015040,JURADO,0027,2018-10-13 11:00:00.000,61.0
2795132,0056015040,JURADO,0027,2018-10-13 12:00:00.000,61.0
2795133,0056015040,JURADO,0027,2018-10-13 13:00:00.000,55.0
2795134,0056015040,JURADO,0027,2018-10-13 14:00:00.000,53.0
2795135,0056015040,JURADO,0027,2018-10-13 15:00:00.000,52.0
2795136,0056015040,JURADO,0027,2018-10-13 16:00:00.000,52.0
2795137,0056015040,JURADO,0027,2018-10-13 17:00:00.000,71.0
2795138,0056015040,JURADO,0027,2018-10-13 18:00:00.000,76.0
2795139,0056015040,JURADO,0027,2018-10-13 19:00:00.000,76.0
2795140,0056015040,JURADO,0027,2018-10-13 20:00:00.000,77.0
2795141,0056015040,JURADO,0027,2018-10-13 21:00:00.000,78.0
2795142,0056015040,JURADO,0027,2018-10-13 22:00:00.000,89.0
2795143,0056015040,JURADO,0027,2018-10-13 23:00:00.000,92.0
2795144,0056015040,JURADO,0027,2018-10-14 00:00:00.000,94.0
2795145,0056015040,JURADO,0027,2018-10-14 01:00:00.000,94.0
2795146,0056015040,JURADO,0027,2018-10-14 02:00:00.000,94.0
2795147,0056015040,JURADO,0027,2018-10-14 03:00:00.000,94.0
2795148,0056015040,JURADO,0027,2018-10-14 04:00:00.000,94.0
2795149,0056015040,JURADO,0027,2018-10-14 05:00:00.000,94.0
2795150,0056015040,JURADO,0027,2018-10-14 06:00:00.000,94.0
2795151,0056015040,JURADO,0027,2018-10-14 07:00:00.000,91.0
2795152,0056015040,JURADO,0027,2018-10-14 08:00:00.000,78.0
2795153,0056015040,JURADO,0027,2018-10-14 09:00:00.000,54.0
2795154,0056015040,JURADO,0027,2018-10-14 10:00:00.000,52.0
2795155,0056015040,JURADO,0027,2018-10-14 11:00:00.000,57.0
2795156,0056015040,JURADO,0027,2018-10-14 12:00:00.000,55.0
2795157,0056015040,JURADO,0027,2018-10-14 13:00:00.000,52.0
2795158,0056015040,JURADO,0027,2018-10-14 14:00:00.000,49.0
2795159,0056015040,JURADO,0027,2018-10-14 15:00:00.000,46.0
2795160,0056015040,JURADO,0027,2018-10-14 16:00:00.000,51.0
2795161,0056015040,JURADO,0027,2018-10-14 17:00:00.000,70.0
2795162,0056015040,JURADO,0027,2018-10-14 18:00:00.000,77.0
2795163,0056015040,JURADO,0027,2018-10-14 19:00:00.000,77.0
2795164,0056015040,JURADO,0027,2018-10-14 20:00:00.000,78.0
2795165,0056015040,JURADO,0027,2018-10-14 21:00:00.000,89.0
2795166,0056015040,JURADO,0027,2018-10-14 22:00:00.000,92.0
2795167,0056015040,JURADO,0027,2018-10-14 23:00:00.000,93.0
2795168,0056015040,JURADO,0027,2018-10-15 00:00:00.000,93.0
2795169,0056015040,JURADO,0027,2018-10-15 01:00:00.000,94.0
2795170,0056015040,JURADO,0027,2018-10-15 02:00:00.000,94.0
2795171,0056015040,JURADO,0027,2018-10-15 03:00:00.000,93.0
2795172,0056015040,JURADO,0027,2018-10-15 04:00:00.000,93.0
2795173,0056015040,JURADO,0027,2018-10-15 05:00:00.000,93.0
2795174,0056015040,JURADO,0027,2018-10-15 06:00:00.000,93.0
2795175,0056015040,JURADO,0027,2018-10-15 07:00:00.000,91.0
2795176,0056015040,JURADO,0027,2018-10-15 08:00:00.000,80.0
2795177,0056015040,JURADO,0027,2018-10-15 09:00:00.000,62.0
2795178,0056015040,JURADO,0027,2018-10-15 10:00:00.000,56.0
2795179,0056015040,JURADO,0027,2018-10-15 11:00:00.000,57.0
2795180,0056015040,JURADO,0027,2018-10-15 12:00:00.000,62.0
2795181,0056015040,JURADO,0027,2018-10-15 13:00:00.000,56.0
2795182,0056015040,JURADO,0027,2018-10-15 14:00:00.000,56.0
2795183,0056015040,JURADO,0027,2018-10-15 15:00:00.000,62.0
2795184,0056015040,JURADO,0027,2018-10-15 16:00:00.000,65.0
2795185,0056015040,JURADO,0027,2018-10-15 17:00:00.000,71.0
2795186,0056015040,JURADO,0027,2018-10-15 18:00:00.000,77.0
2795187,0056015040,JURADO,0027,2018-10-15 19:00:00.000,80.0
2795188,0056015040,JURADO,0027,2018-10-15 20:00:00.000,82.0
2795189,0056015040,JURADO,0027,2018-10-15 21:00:00.000,85.0
2795190,0056015040,JURADO,0027,2018-10-15 22:00:00.000,89.0
2795191,0056015040,JURADO,0027,2018-10-15 23:00:00.000,90.0
2795192,0056015040,JURADO,0027,2018-10-16 00:00:00.000,88.0
2795193,0056015040,JURADO,0027,2018-10-16 01:00:00.000,89.0
2795194,0056015040,JURADO,0027,2018-10-16 02:00:00.000,91.0
2795195,0056015040,JURADO,0027,2018-10-16 03:00:00.000,92.0
2795196,0056015040,JURADO,0027,2018-10-16 04:00:00.000,93.0
2795197,0056015040,JURADO,0027,2018-10-16 05:00:00.000,94.0
2795198,0056015040,JURADO,0027,2018-10-16 06:00:00.000,94.0
2795199,0056015040,JURADO,0027,2018-10-16 07:00:00.000,94.0
2795200,0056015040,JURADO,0027,2018-10-16 08:00:00.000,93.0
2795201,0056015040,JURADO,0027,2018-10-16 09:00:00.000,86.0
2795202,0056015040,JURADO,0027,2018-10-16 10:00:00.000,71.0
2795203,0056015040,JURADO,0027,2018-10-16 11:00:00.000,68.0
2795204,0056015040,JURADO,0027,2018-10-16 12:00:00.000,85.0
2795205,0056015040,JURADO,0027,2018-10-16 13:00:00.000,96.0
2795206,0056015040,JURADO,0027,2018-10-16 14:00:00.000,94.0
2795207,0056015040,JURADO,0027,2018-10-16 15:00:00.000,95.0
2795208,0056015040,JURADO,0027,2018-10-16 16:00:00.000,97.0
2795209,0056015040,JURADO,0027,2018-10-16 17:00:00.000,98.0
2795210,0056015040,JURADO,0027,2018-10-16 18:00:00.000,98.0
2795211,0056015040,JURADO,0027,2018-10-16 19:00:00.000,98.0
2795212,0056015040,JURADO,0027,2018-10-16 20:00:00.000,98.0
2795213,0056015040,JURADO,0027,2018-10-16 21:00:00.000,98.0
2795214,0056015040,JURADO,0027,2018-10-16 22:00:00.000,98.0
2795215,0056015040,JURADO,0027,2018-10-16 23:00:00.000,98.0
2795216,0056015040,JURADO,0027,2018-10-17 00:00:00.000,98.0
2795217,0056015040,JURADO,0027,2018-10-17 01:00:00.000,98.0
2795218,0056015040,JURADO,0027,2018-10-17 02:00:00.000,98.0
2795219,0056015040,JURADO,0027,2018-10-17 03:00:00.000,98.0
2795220,0056015040,JURADO,0027,2018-10-17 04:00:00.000,98.0
2795221,0056015040,JURADO,0027,2018-10-17 05:00:00.000,98.0
2795222,0056015040,JURADO,0027,2018-10-17 06:00:00.000,98.0
2795223,0056015040,JURADO,0027,2018-10-17 07:00:00.000,98.0
2795224,0056015040,JURADO,0027,2018-10-17 08:00:00.000,98.0
2795225,0056015040,JURADO,0027,2018-10-17 09:00:00.000,98.0
2795226,0056015040,JURADO,0027,2018-10-17 10:00:00.000,98.0
2795227,0056015040,JURADO,0027,2018-10-17 11:00:00.000,98.0
2795228,0056015040,JURADO,0027,2018-10-17 12:00:00.000,96.0
2795229,0056015040,JURADO,0027,2018-10-17 13:00:00.000,97.0
2795230,0056015040,JURADO,0027,2018-10-17 14:00:00.000,97.0
2795231,0056015040,JURADO,0027,2018-10-17 15:00:00.000,96.0
2795232,0056015040,JURADO,0027,2018-10-17 16:00:00.000,92.0
2795233,0056015040,JURADO,0027,2018-10-17 17:00:00.000,97.0
2795234,0056015040,JURADO,0027,2018-10-17 18:00:00.000,97.0
2795235,0056015040,JURADO,0027,2018-10-17 19:00:00.000,98.0
2795236,0056015040,JURADO,0027,2018-10-17 20:00:00.000,98.0
2795237,0056015040,JURADO,0027,2018-10-17 21:00:00.000,98.0
2795238,0056015040,JURADO,0027,2018-10-17 22:00:00.000,98.0
2795239,0056015040,JURADO,0027,2018-10-17 23:00:00.000,98.0
2795240,0056015040,JURADO,0027,2018-10-18 00:00:00.000,98.0
2795241,0056015040,JURADO,0027,2018-10-18 01:00:00.000,98.0
2795242,0056015040,JURADO,0027,2018-10-18 02:00:00.000,98.0
2795243,0056015040,JURADO,0027,2018-10-18 03:00:00.000,98.0
2795244,0056015040,JURADO,0027,2018-10-18 04:00:00.000,98.0
2795245,0056015040,JURADO,0027,2018-10-18 05:00:00.000,98.0
2795246,0056015040,JURADO,0027,2018-10-18 06:00:00.000,98.0
2795247,0056015040,JURADO,0027,2018-10-18 07:00:00.000,98.0
2795248,0056015040,JURADO,0027,2018-10-18 08:00:00.000,98.0
2795249,0056015040,JURADO,0027,2018-10-18 09:00:00.000,98.0
2795250,0056015040,JURADO,0027,2018-10-18 10:00:00.000,98.0
2795251,0056015040,JURADO,0027,2018-10-18 11:00:00.000,98.0
2795252,0056015040,JURADO,0027,2018-10-18 12:00:00.000,97.0
2795253,0056015040,JURADO,0027,2018-10-18 13:00:00.000,95.0
2795254,0056015040,JURADO,0027,2018-10-18 14:00:00.000,95.0
2795255,0056015040,JURADO,0027,2018-10-18 15:00:00.000,87.0
2795256,0056015040,JURADO,0027,2018-10-18 16:00:00.000,85.0
2795257,0056015040,JURADO,0027,2018-10-18 17:00:00.000,85.0
2795258,0056015040,JURADO,0027,2018-10-18 18:00:00.000,93.0
2795259,0056015040,JURADO,0027,2018-10-18 19:00:00.000,95.0
2795260,0056015040,JURADO,0027,2018-10-18 20:00:00.000,96.0
2795261,0056015040,JURADO,0027,2018-10-18 21:00:00.000,96.0
2795262,0056015040,JURADO,0027,2018-10-18 22:00:00.000,96.0
2795263,0056015040,JURADO,0027,2018-10-18 23:00:00.000,97.0
2795264,0056015040,JURADO,0027,2018-10-19 00:00:00.000,97.0
2795265,0056015040,JURADO,0027,2018-10-19 01:00:00.000,96.0
2795266,0056015040,JURADO,0027,2018-10-19 02:00:00.000,97.0
2795267,0056015040,JURADO,0027,2018-10-19 03:00:00.000,97.0
2795268,0056015040,JURADO,0027,2018-10-19 04:00:00.000,96.0
2795269,0056015040,JURADO,0027,2018-10-19 05:00:00.000,96.0
2795270,0056015040,JURADO,0027,2018-10-19 06:00:00.000,96.0
2795271,0056015040,JURADO,0027,2018-10-19 07:00:00.000,93.0
2795272,0056015040,JURADO,0027,2018-10-19 08:00:00.000,82.0
2795273,0056015040,JURADO,0027,2018-10-19 09:00:00.000,69.0
2795274,0056015040,JURADO,0027,2018-10-19 10:00:00.000,58.0
2795275,0056015040,JURADO,0027,2018-10-19 11:00:00.000,67.0
2795276,0056015040,JURADO,0027,2018-10-19 12:00:00.000,63.0
2795277,0056015040,JURADO,0027,2018-10-19 13:00:00.000,66.0
2795278,0056015040,JURADO,0027,2018-10-19 14:00:00.000,82.0
2795279,0056015040,JURADO,0027,2018-10-19 15:00:00.000,53.0
2795280,0056015040,JURADO,0027,2018-10-19 16:00:00.000,76.0
2795281,0056015040,JURADO,0027,2018-10-19 17:00:00.000,77.0
2795282,0056015040,JURADO,0027,2018-10-19 18:00:00.000,83.0
2795283,0056015040,JURADO,0027,2018-10-19 19:00:00.000,81.0
2795284,0056015040,JURADO,0027,2018-10-19 20:00:00.000,88.0
2795285,0056015040,JURADO,0027,2018-10-19 21:00:00.000,94.0
2795286,0056015040,JURADO,0027,2018-10-19 22:00:00.000,94.0
2795287,0056015040,JURADO,0027,2018-10-19 23:00:00.000,95.0
2795288,0056015040,JURADO,0027,2018-10-20 00:00:00.000,95.0
2795289,0056015040,JURADO,0027,2018-10-20 01:00:00.000,95.0
2795290,0056015040,JURADO,0027,2018-10-20 02:00:00.000,95.0
2795291,0056015040,JURADO,0027,2018-10-20 03:00:00.000,95.0
2795292,0056015040,JURADO,0027,2018-10-20 04:00:00.000,95.0
2795293,0056015040,JURADO,0027,2018-10-20 05:00:00.000,95.0
2795294,0056015040,JURADO,0027,2018-10-20 06:00:00.000,95.0
2795295,0056015040,JURADO,0027,2018-10-20 07:00:00.000,93.0
2795296,0056015040,JURADO,0027,2018-10-20 08:00:00.000,88.0
2795297,0056015040,JURADO,0027,2018-10-20 09:00:00.000,82.0
2795298,0056015040,JURADO,0027,2018-10-20 10:00:00.000,77.0
2795299,0056015040,JURADO,0027,2018-10-20 11:00:00.000,72.0
2795300,0056015040,JURADO,0027,2018-10-20 12:00:00.000,82.0
2795301,0056015040,JURADO,0027,2018-10-20 13:00:00.000,74.0
2795302,0056015040,JURADO,0027,2018-10-20 14:00:00.000,53.0
2795303,0056015040,JURADO,0027,2018-10-20 15:00:00.000,59.0
2795304,0056015040,JURADO,0027,2018-10-20 17:00:00.000,80.0
2795305,0056015040,JURADO,0027,2018-10-20 18:00:00.000,84.0
2795306,0056015040,JURADO,0027,2018-10-20 19:00:00.000,86.0
2795307,0056015040,JURADO,0027,2018-10-20 20:00:00.000,91.0
2795308,0056015040,JURADO,0027,2018-10-20 21:00:00.000,94.0
2795309,0056015040,JURADO,0027,2018-10-20 22:00:00.000,95.0
2795310,0056015040,JURADO,0027,2018-10-20 23:00:00.000,95.0
2795311,0056015040,JURADO,0027,2018-10-21 00:00:00.000,95.0
2795312,0056015040,JURADO,0027,2018-10-21 01:00:00.000,95.0
2795313,0056015040,JURADO,0027,2018-10-21 02:00:00.000,96.0
2795314,0056015040,JURADO,0027,2018-10-21 03:00:00.000,96.0
2795315,0056015040,JURADO,0027,2018-10-21 04:00:00.000,96.0
2795316,0056015040,JURADO,0027,2018-10-21 05:00:00.000,96.0
2795317,0056015040,JURADO,0027,2018-10-21 06:00:00.000,96.0
2795318,0056015040,JURADO,0027,2018-10-21 07:00:00.000,96.0
2795319,0056015040,JURADO,0027,2018-10-21 08:00:00.000,92.0
2795320,0056015040,JURADO,0027,2018-10-21 09:00:00.000,86.0
2795321,0056015040,JURADO,0027,2018-10-21 10:00:00.000,89.0
2795322,0056015040,JURADO,0027,2018-10-21 11:00:00.000,90.0
2795323,0056015040,JURADO,0027,2018-10-21 12:00:00.000,94.0
2795324,0056015040,JURADO,0027,2018-10-21 13:00:00.000,86.0
2795325,0056015040,JURADO,0027,2018-10-21 14:00:00.000,84.0
2795326,0056015040,JURADO,0027,2018-10-21 15:00:00.000,86.0
2795327,0056015040,JURADO,0027,2018-10-21 16:00:00.000,85.0
2795328,0056015040,JURADO,0027,2018-10-21 17:00:00.000,85.0
2795329,0056015040,JURADO,0027,2018-10-21 18:00:00.000,83.0
2795330,0056015040,JURADO,0027,2018-10-21 19:00:00.000,87.0
2795331,0056015040,JURADO,0027,2018-10-21 20:00:00.000,86.0
2795332,0056015040,JURADO,0027,2018-10-21 21:00:00.000,82.0
2795333,0056015040,JURADO,0027,2018-10-21 22:00:00.000,83.0
2795334,0056015040,JURADO,0027,2018-10-21 23:00:00.000,84.0
2795335,0056015040,JURADO,0027,2018-10-22 00:00:00.000,86.0
2795336,0056015040,JURADO,0027,2018-10-22 01:00:00.000,87.0
2795337,0056015040,JURADO,0027,2018-10-22 02:00:00.000,92.0
2795338,0056015040,JURADO,0027,2018-10-22 03:00:00.000,93.0
2795339,0056015040,JURADO,0027,2018-10-22 04:00:00.000,94.0
2795340,0056015040,JURADO,0027,2018-10-22 05:00:00.000,95.0
2795341,0056015040,JURADO,0027,2018-10-22 06:00:00.000,95.0
2795342,0056015040,JURADO,0027,2018-10-22 07:00:00.000,95.0
2795343,0056015040,JURADO,0027,2018-10-22 08:00:00.000,94.0
2795344,0056015040,JURADO,0027,2018-10-22 09:00:00.000,94.0
2795345,0056015040,JURADO,0027,2018-10-22 10:00:00.000,94.0
2795346,0056015040,JURADO,0027,2018-10-22 11:00:00.000,94.0
2795347,0056015040,JURADO,0027,2018-10-22 12:00:00.000,92.0
2795348,0056015040,JURADO,0027,2018-10-22 13:00:00.000,85.0
2795349,0056015040,JURADO,0027,2018-10-22 14:00:00.000,84.0
2795350,0056015040,JURADO,0027,2018-10-22 15:00:00.000,84.0
2795351,0056015040,JURADO,0027,2018-10-22 16:00:00.000,85.0
2795352,0056015040,JURADO,0027,2018-10-22 17:00:00.000,89.0
2795353,0056015040,JURADO,0027,2018-10-22 18:00:00.000,87.0
2795354,0056015040,JURADO,0027,2018-10-22 19:00:00.000,84.0
2795355,0056015040,JURADO,0027,2018-10-22 20:00:00.000,84.0
2795356,0056015040,JURADO,0027,2018-10-22 21:00:00.000,92.0
2795357,0056015040,JURADO,0027,2018-10-22 22:00:00.000,93.0
2795358,0056015040,JURADO,0027,2018-10-22 23:00:00.000,94.0
2795359,0056015040,JURADO,0027,2018-10-23 00:00:00.000,95.0
2795360,0056015040,JURADO,0027,2018-10-23 01:00:00.000,95.0
2795361,0056015040,JURADO,0027,2018-10-23 02:00:00.000,95.0
2795362,0056015040,JURADO,0027,2018-10-23 03:00:00.000,95.0
2795363,0056015040,JURADO,0027,2018-10-23 04:00:00.000,95.0
2795364,0056015040,JURADO,0027,2018-10-23 05:00:00.000,95.0
2795365,0056015040,JURADO,0027,2018-10-23 06:00:00.000,96.0
2795366,0056015040,JURADO,0027,2018-10-23 07:00:00.000,96.0
2795367,0056015040,JURADO,0027,2018-10-23 08:00:00.000,96.0
2795368,0056015040,JURADO,0027,2018-10-23 09:00:00.000,94.0
2795369,0056015040,JURADO,0027,2018-10-23 10:00:00.000,85.0
2795370,0056015040,JURADO,0027,2018-10-23 11:00:00.000,79.0
2795371,0056015040,JURADO,0027,2018-10-23 12:00:00.000,76.0
2795372,0056015040,JURADO,0027,2018-10-23 13:00:00.000,79.0
2795373,0056015040,JURADO,0027,2018-10-23 14:00:00.000,80.0
2795374,0056015040,JURADO,0027,2018-10-23 15:00:00.000,83.0
2795375,0056015040,JURADO,0027,2018-10-23 16:00:00.000,80.0
2795376,0056015040,JURADO,0027,2018-10-23 17:00:00.000,85.0
2795377,0056015040,JURADO,0027,2018-10-23 18:00:00.000,85.0
2795378,0056015040,JURADO,0027,2018-10-23 19:00:00.000,85.0
2795379,0056015040,JURADO,0027,2018-10-23 20:00:00.000,85.0
2795380,0056015040,JURADO,0027,2018-10-23 21:00:00.000,91.0
2795381,0056015040,JURADO,0027,2018-10-23 22:00:00.000,94.0
2795382,0056015040,JURADO,0027,2018-10-23 23:00:00.000,94.0
2795383,0056015040,JURADO,0027,2018-10-24 00:00:00.000,95.0
2795384,0056015040,JURADO,0027,2018-10-24 01:00:00.000,95.0
2795385,0056015040,JURADO,0027,2018-10-24 02:00:00.000,95.0
2795386,0056015040,JURADO,0027,2018-10-24 03:00:00.000,95.0
2795387,0056015040,JURADO,0027,2018-10-24 04:00:00.000,95.0
2795388,0056015040,JURADO,0027,2018-10-24 05:00:00.000,95.0
2795389,0056015040,JURADO,0027,2018-10-24 06:00:00.000,95.0
2795390,0056015040,JURADO,0027,2018-10-24 07:00:00.000,94.0
2795391,0056015040,JURADO,0027,2018-10-24 08:00:00.000,84.0
2795392,0056015040,JURADO,0027,2018-10-24 09:00:00.000,77.0
2795393,0056015040,JURADO,0027,2018-10-24 10:00:00.000,78.0
2795394,0056015040,JURADO,0027,2018-10-24 11:00:00.000,83.0
2795395,0056015040,JURADO,0027,2018-10-24 12:00:00.000,82.0
2795396,0056015040,JURADO,0027,2018-10-24 13:00:00.000,86.0
2795397,0056015040,JURADO,0027,2018-10-24 14:00:00.000,85.0
2795398,0056015040,JURADO,0027,2018-10-24 15:00:00.000,87.0
2795399,0056015040,JURADO,0027,2018-10-24 16:00:00.000,84.0
2795400,0056015040,JURADO,0027,2018-10-24 17:00:00.000,86.0
2795401,0056015040,JURADO,0027,2018-10-24 18:00:00.000,86.0
2795402,0056015040,JURADO,0027,2018-10-24 19:00:00.000,86.0
2795403,0056015040,JURADO,0027,2018-10-24 20:00:00.000,87.0
2795404,0056015040,JURADO,0027,2018-10-24 21:00:00.000,91.0
2795405,0056015040,JURADO,0027,2018-10-24 22:00:00.000,93.0
2795406,0056015040,JURADO,0027,2018-10-24 23:00:00.000,94.0
2795407,0056015040,JURADO,0027,2018-10-25 00:00:00.000,95.0
2795408,0056015040,JURADO,0027,2018-10-25 01:00:00.000,95.0
2795409,0056015040,JURADO,0027,2018-10-25 02:00:00.000,95.0
2795410,0056015040,JURADO,0027,2018-10-25 03:00:00.000,95.0
2795411,0056015040,JURADO,0027,2018-10-25 04:00:00.000,95.0
2795412,0056015040,JURADO,0027,2018-10-25 05:00:00.000,95.0
2795413,0056015040,JURADO,0027,2018-10-25 06:00:00.000,95.0
2795414,0056015040,JURADO,0027,2018-10-25 07:00:00.000,95.0
2795415,0056015040,JURADO,0027,2018-10-25 08:00:00.000,95.0
2795416,0056015040,JURADO,0027,2018-10-25 09:00:00.000,94.0
2795417,0056015040,JURADO,0027,2018-10-25 10:00:00.000,92.0
2795418,0056015040,JURADO,0027,2018-10-25 11:00:00.000,93.0
2795419,0056015040,JURADO,0027,2018-10-25 12:00:00.000,93.0
2795420,0056015040,JURADO,0027,2018-10-25 13:00:00.000,89.0
2795421,0056015040,JURADO,0027,2018-10-25 14:00:00.000,89.0
2795422,0056015040,JURADO,0027,2018-10-25 15:00:00.000,91.0
2795423,0056015040,JURADO,0027,2018-10-25 16:00:00.000,89.0
2795424,0056015040,JURADO,0027,2018-10-25 17:00:00.000,92.0
2795425,0056015040,JURADO,0027,2018-10-25 18:00:00.000,93.0
2795426,0056015040,JURADO,0027,2018-10-25 19:00:00.000,94.0
2795427,0056015040,JURADO,0027,2018-10-25 20:00:00.000,89.0
2795428,0056015040,JURADO,0027,2018-10-25 21:00:00.000,93.0
2795429,0056015040,JURADO,0027,2018-10-25 22:00:00.000,89.0
2795430,0056015040,JURADO,0027,2018-10-25 23:00:00.000,93.0
2795431,0056015040,JURADO,0027,2018-10-26 00:00:00.000,94.0
2795432,0056015040,JURADO,0027,2018-10-26 01:00:00.000,95.0
2795433,0056015040,JURADO,0027,2018-10-26 02:00:00.000,95.0
2795434,0056015040,JURADO,0027,2018-10-26 03:00:00.000,95.0
2795435,0056015040,JURADO,0027,2018-10-26 04:00:00.000,95.0
2795436,0056015040,JURADO,0027,2018-10-26 05:00:00.000,96.0
2795437,0056015040,JURADO,0027,2018-10-26 06:00:00.000,96.0
2795438,0056015040,JURADO,0027,2018-10-26 07:00:00.000,95.0
2795439,0056015040,JURADO,0027,2018-10-26 08:00:00.000,92.0
2795440,0056015040,JURADO,0027,2018-10-26 09:00:00.000,82.0
2795441,0056015040,JURADO,0027,2018-10-27 17:00:00.000,91.0
2795442,0056015040,JURADO,0027,2018-10-27 18:00:00.000,93.0
2795443,0056015040,JURADO,0027,2018-10-27 19:00:00.000,93.0
2795444,0056015040,JURADO,0027,2018-10-27 20:00:00.000,94.0
2795445,0056015040,JURADO,0027,2018-10-27 21:00:00.000,94.0
2795446,0056015040,JURADO,0027,2018-10-27 22:00:00.000,95.0
2795447,0056015040,JURADO,0027,2018-10-27 23:00:00.000,95.0
2795448,0056015040,JURADO,0027,2018-10-28 00:00:00.000,95.0
2795449,0056015040,JURADO,0027,2018-10-28 01:00:00.000,95.0
2795450,0056015040,JURADO,0027,2018-10-28 02:00:00.000,95.0
2795451,0056015040,JURADO,0027,2018-10-28 03:00:00.000,95.0
2795452,0056015040,JURADO,0027,2018-10-28 04:00:00.000,95.0
2795453,0056015040,JURADO,0027,2018-10-28 05:00:00.000,96.0
2795454,0056015040,JURADO,0027,2018-10-28 06:00:00.000,96.0
2795455,0056015040,JURADO,0027,2018-10-28 07:00:00.000,96.0
2795456,0056015040,JURADO,0027,2018-10-28 08:00:00.000,96.0
2795457,0056015040,JURADO,0027,2018-10-28 09:00:00.000,95.0
2795458,0056015040,JURADO,0027,2018-10-28 10:00:00.000,94.0
2795459,0056015040,JURADO,0027,2018-10-28 11:00:00.000,94.0
2795460,0056015040,JURADO,0027,2018-10-28 12:00:00.000,90.0
2795461,0056015040,JURADO,0027,2018-10-28 13:00:00.000,87.0
2795462,0056015040,JURADO,0027,2018-10-28 14:00:00.000,86.0
2795463,0056015040,JURADO,0027,2018-10-28 15:00:00.000,90.0
2795464,0056015040,JURADO,0027,2018-10-28 16:00:00.000,94.0
2795465,0056015040,JURADO,0027,2018-10-28 17:00:00.000,93.0
2795466,0056015040,JURADO,0027,2018-10-28 18:00:00.000,92.0
2795467,0056015040,JURADO,0027,2018-10-28 19:00:00.000,89.0
2795468,0056015040,JURADO,0027,2018-10-28 20:00:00.000,89.0
2795469,0056015040,JURADO,0027,2018-10-28 21:00:00.000,92.0
2795470,0056015040,JURADO,0027,2018-10-28 22:00:00.000,93.0
2795471,0056015040,JURADO,0027,2018-10-28 23:00:00.000,94.0
2795472,0056015040,JURADO,0027,2018-10-29 00:00:00.000,95.0
2795473,0056015040,JURADO,0027,2018-10-29 01:00:00.000,95.0
2795474,0056015040,JURADO,0027,2018-10-29 02:00:00.000,95.0
2795475,0056015040,JURADO,0027,2018-10-29 03:00:00.000,96.0
2795476,0056015040,JURADO,0027,2018-10-29 04:00:00.000,96.0
2795477,0056015040,JURADO,0027,2018-10-29 05:00:00.000,96.0
2795478,0056015040,JURADO,0027,2018-10-29 06:00:00.000,96.0
2795479,0056015040,JURADO,0027,2018-10-29 07:00:00.000,95.0
2795480,0056015040,JURADO,0027,2018-10-29 08:00:00.000,93.0
2795481,0056015040,JURADO,0027,2018-10-29 09:00:00.000,85.0
2795482,0056015040,JURADO,0027,2018-10-29 10:00:00.000,77.0
2795483,0056015040,JURADO,0027,2018-10-29 11:00:00.000,85.0
2795484,0056015040,JURADO,0027,2018-10-29 12:00:00.000,83.0
2795485,0056015040,JURADO,0027,2018-10-29 13:00:00.000,87.0
2795486,0056015040,JURADO,0027,2018-10-29 14:00:00.000,88.0
2795487,0056015040,JURADO,0027,2018-10-29 15:00:00.000,87.0
2795488,0056015040,JURADO,0027,2018-10-29 16:00:00.000,87.0
2795489,0056015040,JURADO,0027,2018-10-29 17:00:00.000,89.0
2795490,0056015040,JURADO,0027,2018-10-29 18:00:00.000,89.0
2795491,0056015040,JURADO,0027,2018-10-29 19:00:00.000,88.0
2795492,0056015040,JURADO,0027,2018-10-29 20:00:00.000,91.0
2795493,0056015040,JURADO,0027,2018-10-29 21:00:00.000,93.0
2795494,0056015040,JURADO,0027,2018-10-29 22:00:00.000,94.0
2795495,0056015040,JURADO,0027,2018-10-29 23:00:00.000,94.0
2795496,0056015040,JURADO,0027,2018-10-30 00:00:00.000,94.0
2795497,0056015040,JURADO,0027,2018-10-30 01:00:00.000,94.0
2795498,0056015040,JURADO,0027,2018-10-30 02:00:00.000,95.0
2795499,0056015040,JURADO,0027,2018-10-30 03:00:00.000,95.0
2795500,0056015040,JURADO,0027,2018-10-30 04:00:00.000,95.0
2795501,0056015040,JURADO,0027,2018-10-30 05:00:00.000,95.0
2795502,0056015040,JURADO,0027,2018-10-30 06:00:00.000,95.0
2795503,0056015040,JURADO,0027,2018-10-30 07:00:00.000,95.0
2795504,0056015040,JURADO,0027,2018-10-30 08:00:00.000,95.0
2795505,0056015040,JURADO,0027,2018-10-30 09:00:00.000,95.0
2795506,0056015040,JURADO,0027,2018-10-30 10:00:00.000,93.0
2795507,0056015040,JURADO,0027,2018-10-30 11:00:00.000,91.0
2795508,0056015040,JURADO,0027,2018-10-30 12:00:00.000,86.0
2795509,0056015040,JURADO,0027,2018-10-30 13:00:00.000,83.0
2795510,0056015040,JURADO,0027,2018-10-30 14:00:00.000,84.0
2795511,0056015040,JURADO,0027,2018-10-30 15:00:00.000,86.0
2795512,0056015040,JURADO,0027,2018-10-30 16:00:00.000,86.0
2795513,0056015040,JURADO,0027,2018-10-30 17:00:00.000,87.0
2795514,0056015040,JURADO,0027,2018-10-30 18:00:00.000,89.0
2795515,0056015040,JURADO,0027,2018-10-30 19:00:00.000,91.0
2795516,0056015040,JURADO,0027,2018-10-30 20:00:00.000,92.0
2795517,0056015040,JURADO,0027,2018-10-30 21:00:00.000,93.0
2795518,0056015040,JURADO,0027,2018-10-30 22:00:00.000,92.0
2795519,0056015040,JURADO,0027,2018-10-30 23:00:00.000,93.0
2795520,0056015040,JURADO,0027,2018-10-31 00:00:00.000,94.0
2795521,0056015040,JURADO,0027,2018-10-31 01:00:00.000,95.0
2795522,0056015040,JURADO,0027,2018-10-31 02:00:00.000,95.0
2795523,0056015040,JURADO,0027,2018-10-31 03:00:00.000,95.0
2795524,0056015040,JURADO,0027,2018-10-31 04:00:00.000,96.0
2795525,0056015040,JURADO,0027,2018-10-31 05:00:00.000,96.0
2795526,0056015040,JURADO,0027,2018-10-31 06:00:00.000,96.0
2795527,0056015040,JURADO,0027,2018-10-31 07:00:00.000,95.0
2795528,0056015040,JURADO,0027,2018-10-31 08:00:00.000,95.0
2795529,0056015040,JURADO,0027,2018-10-31 09:00:00.000,95.0
2795530,0056015040,JURADO,0027,2018-10-31 10:00:00.000,95.0
2795531,0056015040,JURADO,0027,2018-10-31 11:00:00.000,90.0
2795532,0056015040,JURADO,0027,2018-10-31 12:00:00.000,85.0
2795533,0056015040,JURADO,0027,2018-10-31 13:00:00.000,83.0
2795534,0056015040,JURADO,0027,2018-10-31 14:00:00.000,81.0
2795535,0056015040,JURADO,0027,2018-10-31 15:00:00.000,80.0
2795536,0056015040,JURADO,0027,2018-10-31 16:00:00.000,83.0
2795537,0056015040,JURADO,0027,2018-10-31 17:00:00.000,84.0
2795538,0056015040,JURADO,0027,2018-10-31 18:00:00.000,86.0
2795539,0056015040,JURADO,0027,2018-10-31 19:00:00.000,87.0
2795540,0056015040,JURADO,0027,2018-10-31 20:00:00.000,90.0
2795541,0056015040,JURADO,0027,2018-10-31 21:00:00.000,92.0
2795542,0056015040,JURADO,0027,2018-10-31 22:00:00.000,94.0
2795543,0056015040,JURADO,0027,2018-10-31 23:00:00.000,94.0
2795544,0056015040,JURADO,0027,2018-11-01 00:00:00.000,94.0
2795545,0056015040,JURADO,0027,2018-11-01 01:00:00.000,95.0
2795546,0056015040,JURADO,0027,2018-11-01 02:00:00.000,95.0
2795547,0056015040,JURADO,0027,2018-11-01 03:00:00.000,95.0
2795548,0056015040,JURADO,0027,2018-11-01 04:00:00.000,95.0
2795549,0056015040,JURADO,0027,2018-11-01 05:00:00.000,95.0
2795550,0056015040,JURADO,0027,2018-11-01 06:00:00.000,95.0
2795551,0056015040,JURADO,0027,2018-11-01 07:00:00.000,95.0
2795552,0056015040,JURADO,0027,2018-11-01 08:00:00.000,94.0
2795553,0056015040,JURADO,0027,2018-11-01 09:00:00.000,90.0
2795554,0056015040,JURADO,0027,2018-11-01 10:00:00.000,86.0
2795555,0056015040,JURADO,0027,2018-11-01 11:00:00.000,81.0
2795556,0056015040,JURADO,0027,2018-11-01 12:00:00.000,87.0
2795557,0056015040,JURADO,0027,2018-11-01 13:00:00.000,87.0
2795558,0056015040,JURADO,0027,2018-11-01 14:00:00.000,87.0
2795559,0056015040,JURADO,0027,2018-11-01 15:00:00.000,88.0
2795560,0056015040,JURADO,0027,2018-11-01 16:00:00.000,86.0
2795561,0056015040,JURADO,0027,2018-11-01 17:00:00.000,88.0
2795562,0056015040,JURADO,0027,2018-11-01 18:00:00.000,86.0
2795563,0056015040,JURADO,0027,2018-11-01 19:00:00.000,90.0
2795564,0056015040,JURADO,0027,2018-11-01 20:00:00.000,92.0
2795565,0056015040,JURADO,0027,2018-11-01 21:00:00.000,93.0
2795566,0056015040,JURADO,0027,2018-11-01 22:00:00.000,94.0
2795567,0056015040,JURADO,0027,2018-11-01 23:00:00.000,95.0
2795568,0056015040,JURADO,0027,2018-11-02 00:00:00.000,95.0
2795569,0056015040,JURADO,0027,2018-11-02 01:00:00.000,95.0
2795570,0056015040,JURADO,0027,2018-11-02 02:00:00.000,95.0
2795571,0056015040,JURADO,0027,2018-11-02 03:00:00.000,95.0
2795572,0056015040,JURADO,0027,2018-11-02 04:00:00.000,95.0
2795573,0056015040,JURADO,0027,2018-11-02 05:00:00.000,95.0
2795574,0056015040,JURADO,0027,2018-11-02 06:00:00.000,95.0
2795575,0056015040,JURADO,0027,2018-11-02 07:00:00.000,95.0
2795576,0056015040,JURADO,0027,2018-11-02 08:00:00.000,95.0
2795577,0056015040,JURADO,0027,2018-11-02 09:00:00.000,94.0
2795578,0056015040,JURADO,0027,2018-11-02 10:00:00.000,93.0
2795579,0056015040,JURADO,0027,2018-11-02 11:00:00.000,90.0
2795580,0056015040,JURADO,0027,2018-11-02 12:00:00.000,84.0
2795581,0056015040,JURADO,0027,2018-11-02 13:00:00.000,84.0
2795582,0056015040,JURADO,0027,2018-11-02 14:00:00.000,86.0
2795583,0056015040,JURADO,0027,2018-11-02 15:00:00.000,84.0
2795584,0056015040,JURADO,0027,2018-11-02 16:00:00.000,84.0
2795585,0056015040,JURADO,0027,2018-11-02 17:00:00.000,78.0
2795586,0056015040,JURADO,0027,2018-11-02 18:00:00.000,83.0
2795587,0056015040,JURADO,0027,2018-11-02 19:00:00.000,85.0
2795588,0056015040,JURADO,0027,2018-11-02 20:00:00.000,84.0
2795589,0056015040,JURADO,0027,2018-11-02 21:00:00.000,91.0
2795590,0056015040,JURADO,0027,2018-11-02 22:00:00.000,93.0
2795591,0056015040,JURADO,0027,2018-11-02 23:00:00.000,94.0
2795592,0056015040,JURADO,0027,2018-11-03 00:00:00.000,94.0
2795593,0056015040,JURADO,0027,2018-11-03 01:00:00.000,95.0
2795594,0056015040,JURADO,0027,2018-11-03 02:00:00.000,95.0
2795595,0056015040,JURADO,0027,2018-11-03 03:00:00.000,95.0
2795596,0056015040,JURADO,0027,2018-11-03 04:00:00.000,95.0
2795597,0056015040,JURADO,0027,2018-11-03 05:00:00.000,95.0
2795598,0056015040,JURADO,0027,2018-11-03 06:00:00.000,95.0
2795599,0056015040,JURADO,0027,2018-11-03 07:00:00.000,95.0
2795600,0056015040,JURADO,0027,2018-11-03 08:00:00.000,95.0
2795601,0056015040,JURADO,0027,2018-11-03 09:00:00.000,92.0
2795602,0056015040,JURADO,0027,2018-11-03 10:00:00.000,78.0
2795603,0056015040,JURADO,0027,2018-11-03 11:00:00.000,77.0
2795604,0056015040,JURADO,0027,2018-11-03 12:00:00.000,75.0
2795605,0056015040,JURADO,0027,2018-11-03 13:00:00.000,75.0
2795606,0056015040,JURADO,0027,2018-11-03 14:00:00.000,80.0
2795607,0056015040,JURADO,0027,2018-11-03 15:00:00.000,80.0
2795608,0056015040,JURADO,0027,2018-11-03 16:00:00.000,79.0
2795609,0056015040,JURADO,0027,2018-11-03 17:00:00.000,81.0
2795610,0056015040,JURADO,0027,2018-11-03 18:00:00.000,85.0
2795611,0056015040,JURADO,0027,2018-11-03 19:00:00.000,90.0
2795612,0056015040,JURADO,0027,2018-11-03 20:00:00.000,92.0
2795613,0056015040,JURADO,0027,2018-11-03 21:00:00.000,93.0
2795614,0056015040,JURADO,0027,2018-11-03 22:00:00.000,93.0
2795615,0056015040,JURADO,0027,2018-11-03 23:00:00.000,93.0
2795616,0056015040,JURADO,0027,2018-11-04 00:00:00.000,94.0
2795617,0056015040,JURADO,0027,2018-11-04 01:00:00.000,94.0
2795618,0056015040,JURADO,0027,2018-11-04 02:00:00.000,94.0
2795619,0056015040,JURADO,0027,2018-11-04 03:00:00.000,95.0
2795620,0056015040,JURADO,0027,2018-11-04 04:00:00.000,95.0
2795621,0056015040,JURADO,0027,2018-11-04 05:00:00.000,95.0
2795622,0056015040,JURADO,0027,2018-11-04 06:00:00.000,95.0
2795623,0056015040,JURADO,0027,2018-11-04 07:00:00.000,95.0
2795624,0056015040,JURADO,0027,2018-11-04 08:00:00.000,95.0
2795625,0056015040,JURADO,0027,2018-11-04 09:00:00.000,91.0
2795626,0056015040,JURADO,0027,2018-11-04 10:00:00.000,79.0
2795627,0056015040,JURADO,0027,2018-11-04 11:00:00.000,79.0
2795628,0056015040,JURADO,0027,2018-11-04 12:00:00.000,72.0
2795629,0056015040,JURADO,0027,2018-11-04 13:00:00.000,75.0
2795630,0056015040,JURADO,0027,2018-11-04 14:00:00.000,77.0
2795631,0056015040,JURADO,0027,2018-11-04 15:00:00.000,80.0
2795632,0056015040,JURADO,0027,2018-11-04 16:00:00.000,78.0
2795633,0056015040,JURADO,0027,2018-11-04 17:00:00.000,79.0
2795634,0056015040,JURADO,0027,2018-11-04 18:00:00.000,84.0
2795635,0056015040,JURADO,0027,2018-11-04 19:00:00.000,82.0
2795636,0056015040,JURADO,0027,2018-11-04 20:00:00.000,88.0
2795637,0056015040,JURADO,0027,2018-11-04 21:00:00.000,91.0
2795638,0056015040,JURADO,0027,2018-11-04 22:00:00.000,92.0
2795639,0056015040,JURADO,0027,2018-11-04 23:00:00.000,93.0
2795640,0056015040,JURADO,0027,2018-11-05 00:00:00.000,94.0
2795641,0056015040,JURADO,0027,2018-11-05 01:00:00.000,94.0
2795642,0056015040,JURADO,0027,2018-11-05 02:00:00.000,95.0
2795643,0056015040,JURADO,0027,2018-11-05 03:00:00.000,95.0
2795644,0056015040,JURADO,0027,2018-11-05 04:00:00.000,95.0
2795645,0056015040,JURADO,0027,2018-11-05 05:00:00.000,95.0
2795646,0056015040,JURADO,0027,2018-11-05 06:00:00.000,95.0
2795647,0056015040,JURADO,0027,2018-11-05 07:00:00.000,95.0
2795648,0056015040,JURADO,0027,2018-11-05 08:00:00.000,95.0
2795649,0056015040,JURADO,0027,2018-11-05 09:00:00.000,95.0
2795650,0056015040,JURADO,0027,2018-11-05 10:00:00.000,95.0
2795651,0056015040,JURADO,0027,2018-11-05 11:00:00.000,94.0
2795652,0056015040,JURADO,0027,2018-11-05 12:00:00.000,92.0
2795653,0056015040,JURADO,0027,2018-11-05 13:00:00.000,89.0
2795654,0056015040,JURADO,0027,2018-11-05 14:00:00.000,84.0
2795655,0056015040,JURADO,0027,2018-11-05 15:00:00.000,83.0
2795656,0056015040,JURADO,0027,2018-11-05 16:00:00.000,85.0
2795657,0056015040,JURADO,0027,2018-11-05 17:00:00.000,85.0
2795658,0056015040,JURADO,0027,2018-11-05 18:00:00.000,88.0
2795659,0056015040,JURADO,0027,2018-11-05 19:00:00.000,90.0
2795660,0056015040,JURADO,0027,2018-11-05 20:00:00.000,92.0
2795661,0056015040,JURADO,0027,2018-11-05 21:00:00.000,93.0
2795662,0056015040,JURADO,0027,2018-11-05 22:00:00.000,93.0
2795663,0056015040,JURADO,0027,2018-11-05 23:00:00.000,94.0
2795664,0056015040,JURADO,0027,2018-11-06 00:00:00.000,94.0
2795665,0056015040,JURADO,0027,2018-11-06 01:00:00.000,95.0
2795666,0056015040,JURADO,0027,2018-11-06 02:00:00.000,95.0
2795667,0056015040,JURADO,0027,2018-11-06 03:00:00.000,95.0
2795668,0056015040,JURADO,0027,2018-11-06 04:00:00.000,95.0
2795669,0056015040,JURADO,0027,2018-11-06 05:00:00.000,95.0
2795670,0056015040,JURADO,0027,2018-11-06 06:00:00.000,95.0
2795671,0056015040,JURADO,0027,2018-11-06 07:00:00.000,95.0
2795672,0056015040,JURADO,0027,2018-11-06 08:00:00.000,95.0
2795673,0056015040,JURADO,0027,2018-11-06 09:00:00.000,92.0
2795674,0056015040,JURADO,0027,2018-11-06 10:00:00.000,83.0
2795675,0056015040,JURADO,0027,2018-11-06 11:00:00.000,77.0
2795676,0056015040,JURADO,0027,2018-11-06 12:00:00.000,76.0
2795677,0056015040,JURADO,0027,2018-11-06 13:00:00.000,79.0
2795678,0056015040,JURADO,0027,2018-11-06 14:00:00.000,77.0
2795679,0056015040,JURADO,0027,2018-11-06 15:00:00.000,78.0
2795680,0056015040,JURADO,0027,2018-11-06 16:00:00.000,81.0
2795681,0056015040,JURADO,0027,2018-11-06 17:00:00.000,83.0
2795682,0056015040,JURADO,0027,2018-11-06 18:00:00.000,83.0
2795683,0056015040,JURADO,0027,2018-11-06 19:00:00.000,85.0
2795684,0056015040,JURADO,0027,2018-11-06 20:00:00.000,85.0
2795685,0056015040,JURADO,0027,2018-11-06 21:00:00.000,90.0
2795686,0056015040,JURADO,0027,2018-11-06 22:00:00.000,92.0
2795687,0056015040,JURADO,0027,2018-11-06 23:00:00.000,93.0
2795688,0056015040,JURADO,0027,2018-11-07 00:00:00.000,93.0
2795689,0056015040,JURADO,0027,2018-11-07 01:00:00.000,94.0
2795690,0056015040,JURADO,0027,2018-11-07 02:00:00.000,94.0
2795691,0056015040,JURADO,0027,2018-11-07 03:00:00.000,94.0
2795692,0056015040,JURADO,0027,2018-11-07 04:00:00.000,94.0
2795693,0056015040,JURADO,0027,2018-11-07 05:00:00.000,95.0
2795694,0056015040,JURADO,0027,2018-11-07 06:00:00.000,95.0
2795695,0056015040,JURADO,0027,2018-11-07 07:00:00.000,94.0
2795696,0056015040,JURADO,0027,2018-11-07 08:00:00.000,92.0
2795697,0056015040,JURADO,0027,2018-11-07 09:00:00.000,79.0
2795698,0056015040,JURADO,0027,2018-11-07 10:00:00.000,69.0
2795699,0056015040,JURADO,0027,2018-11-07 11:00:00.000,79.0
2795700,0056015040,JURADO,0027,2018-11-07 12:00:00.000,75.0
2795701,0056015040,JURADO,0027,2018-11-07 13:00:00.000,76.0
2795702,0056015040,JURADO,0027,2018-11-07 14:00:00.000,80.0
2795703,0056015040,JURADO,0027,2018-11-07 15:00:00.000,79.0
2795704,0056015040,JURADO,0027,2018-11-07 16:00:00.000,80.0
2795705,0056015040,JURADO,0027,2018-11-07 17:00:00.000,82.0
2795706,0056015040,JURADO,0027,2018-11-07 18:00:00.000,82.0
2795707,0056015040,JURADO,0027,2018-11-07 19:00:00.000,82.0
2795708,0056015040,JURADO,0027,2018-11-07 20:00:00.000,85.0
2795709,0056015040,JURADO,0027,2018-11-07 21:00:00.000,90.0
2795710,0056015040,JURADO,0027,2018-11-07 22:00:00.000,92.0
2795711,0056015040,JURADO,0027,2018-11-07 23:00:00.000,93.0
2795712,0056015040,JURADO,0027,2018-11-08 00:00:00.000,93.0
2795713,0056015040,JURADO,0027,2018-11-08 01:00:00.000,94.0
2795714,0056015040,JURADO,0027,2018-11-08 02:00:00.000,94.0
2795715,0056015040,JURADO,0027,2018-11-08 03:00:00.000,94.0
2795716,0056015040,JURADO,0027,2018-11-08 04:00:00.000,95.0
2795717,0056015040,JURADO,0027,2018-11-08 05:00:00.000,95.0
2795718,0056015040,JURADO,0027,2018-11-08 06:00:00.000,93.0
2795719,0056015040,JURADO,0027,2018-11-08 07:00:00.000,92.0
2795720,0056015040,JURADO,0027,2018-11-08 08:00:00.000,90.0
2795721,0056015040,JURADO,0027,2018-11-08 09:00:00.000,72.0
2795722,0056015040,JURADO,0027,2018-11-08 10:00:00.000,78.0
2795723,0056015040,JURADO,0027,2018-11-08 11:00:00.000,79.0
2795724,0056015040,JURADO,0027,2018-11-08 12:00:00.000,75.0
2795725,0056015040,JURADO,0027,2018-11-08 13:00:00.000,77.0
2795726,0056015040,JURADO,0027,2018-11-08 14:00:00.000,74.0
2795727,0056015040,JURADO,0027,2018-11-08 15:00:00.000,78.0
2795728,0056015040,JURADO,0027,2018-11-08 16:00:00.000,82.0
2795729,0056015040,JURADO,0027,2018-11-08 17:00:00.000,85.0
2795730,0056015040,JURADO,0027,2018-11-08 18:00:00.000,86.0
2795731,0056015040,JURADO,0027,2018-11-08 19:00:00.000,86.0
2795732,0056015040,JURADO,0027,2018-11-08 20:00:00.000,87.0
2795733,0056015040,JURADO,0027,2018-11-08 21:00:00.000,90.0
2795734,0056015040,JURADO,0027,2018-11-08 22:00:00.000,92.0
2795735,0056015040,JURADO,0027,2018-11-08 23:00:00.000,93.0
2795736,0056015040,JURADO,0027,2018-11-09 00:00:00.000,93.0
2795737,0056015040,JURADO,0027,2018-11-09 01:00:00.000,94.0
2795738,0056015040,JURADO,0027,2018-11-09 02:00:00.000,94.0
2795739,0056015040,JURADO,0027,2018-11-09 03:00:00.000,94.0
2795740,0056015040,JURADO,0027,2018-11-09 04:00:00.000,94.0
2795741,0056015040,JURADO,0027,2018-11-09 05:00:00.000,94.0
2795742,0056015040,JURADO,0027,2018-11-09 06:00:00.000,94.0
2795743,0056015040,JURADO,0027,2018-11-09 07:00:00.000,93.0
2795744,0056015040,JURADO,0027,2018-11-09 08:00:00.000,92.0
2795745,0056015040,JURADO,0027,2018-11-09 09:00:00.000,89.0
2795746,0056015040,JURADO,0027,2018-11-09 10:00:00.000,85.0
2795747,0056015040,JURADO,0027,2018-11-09 11:00:00.000,81.0
2795748,0056015040,JURADO,0027,2018-11-09 12:00:00.000,82.0
2795749,0056015040,JURADO,0027,2018-11-09 13:00:00.000,85.0
2795750,0056015040,JURADO,0027,2018-11-09 14:00:00.000,86.0
2795751,0056015040,JURADO,0027,2018-11-09 15:00:00.000,86.0
2795752,0056015040,JURADO,0027,2018-11-09 16:00:00.000,86.0
2795753,0056015040,JURADO,0027,2018-11-09 17:00:00.000,86.0
2795754,0056015040,JURADO,0027,2018-11-09 18:00:00.000,86.0
2795755,0056015040,JURADO,0027,2018-11-09 19:00:00.000,85.0
2795756,0056015040,JURADO,0027,2018-11-09 20:00:00.000,90.0
2795757,0056015040,JURADO,0027,2018-11-09 21:00:00.000,92.0
2795758,0056015040,JURADO,0027,2018-11-09 22:00:00.000,93.0
2795759,0056015040,JURADO,0027,2018-11-09 23:00:00.000,93.0
2795760,0056015040,JURADO,0027,2018-11-10 00:00:00.000,94.0
2795761,0056015040,JURADO,0027,2018-11-10 01:00:00.000,94.0
2795762,0056015040,JURADO,0027,2018-11-10 02:00:00.000,94.0
2795763,0056015040,JURADO,0027,2018-11-10 03:00:00.000,94.0
2795764,0056015040,JURADO,0027,2018-11-10 04:00:00.000,95.0
2795765,0056015040,JURADO,0027,2018-11-10 05:00:00.000,95.0
2795766,0056015040,JURADO,0027,2018-11-10 06:00:00.000,95.0
2795767,0056015040,JURADO,0027,2018-11-10 07:00:00.000,95.0
2795768,0056015040,JURADO,0027,2018-11-10 08:00:00.000,95.0
2795769,0056015040,JURADO,0027,2018-11-10 09:00:00.000,95.0
2795770,0056015040,JURADO,0027,2018-11-10 10:00:00.000,94.0
2795771,0056015040,JURADO,0027,2018-11-10 11:00:00.000,94.0
2795772,0056015040,JURADO,0027,2018-11-10 12:00:00.000,93.0
2795773,0056015040,JURADO,0027,2018-11-10 13:00:00.000,92.0
2795774,0056015040,JURADO,0027,2018-11-10 14:00:00.000,87.0
2795775,0056015040,JURADO,0027,2018-11-10 15:00:00.000,87.0
2795776,0056015040,JURADO,0027,2018-11-10 16:00:00.000,85.0
2795777,0056015040,JURADO,0027,2018-11-10 17:00:00.000,87.0
2795778,0056015040,JURADO,0027,2018-11-10 18:00:00.000,89.0
2795779,0056015040,JURADO,0027,2018-11-10 19:00:00.000,86.0
2795780,0056015040,JURADO,0027,2018-11-10 20:00:00.000,90.0
2795781,0056015040,JURADO,0027,2018-11-10 21:00:00.000,91.0
2795782,0056015040,JURADO,0027,2018-11-10 22:00:00.000,93.0
2795783,0056015040,JURADO,0027,2018-11-10 23:00:00.000,93.0
2795784,0056015040,JURADO,0027,2018-11-11 00:00:00.000,94.0
2795785,0056015040,JURADO,0027,2018-11-11 01:00:00.000,94.0
2795786,0056015040,JURADO,0027,2018-11-11 02:00:00.000,94.0
2795787,0056015040,JURADO,0027,2018-11-11 03:00:00.000,95.0
2795788,0056015040,JURADO,0027,2018-11-11 04:00:00.000,95.0
2795789,0056015040,JURADO,0027,2018-11-11 05:00:00.000,95.0
2795790,0056015040,JURADO,0027,2018-11-11 06:00:00.000,95.0
2795791,0056015040,JURADO,0027,2018-11-11 07:00:00.000,95.0
2795792,0056015040,JURADO,0027,2018-11-11 08:00:00.000,95.0
2795793,0056015040,JURADO,0027,2018-11-11 09:00:00.000,94.0
2795794,0056015040,JURADO,0027,2018-11-11 10:00:00.000,88.0
2795795,0056015040,JURADO,0027,2018-11-11 11:00:00.000,84.0
2795796,0056015040,JURADO,0027,2018-11-11 12:00:00.000,79.0
2795797,0056015040,JURADO,0027,2018-11-11 13:00:00.000,83.0
2795798,0056015040,JURADO,0027,2018-11-11 14:00:00.000,84.0
2795799,0056015040,JURADO,0027,2018-11-11 15:00:00.000,85.0
2795800,0056015040,JURADO,0027,2018-11-11 16:00:00.000,84.0
2795801,0056015040,JURADO,0027,2018-11-11 17:00:00.000,85.0
2795802,0056015040,JURADO,0027,2018-11-11 18:00:00.000,86.0
2795803,0056015040,JURADO,0027,2018-11-11 19:00:00.000,89.0
2795804,0056015040,JURADO,0027,2018-11-11 20:00:00.000,88.0
2795805,0056015040,JURADO,0027,2018-11-11 21:00:00.000,90.0
2795806,0056015040,JURADO,0027,2018-11-11 22:00:00.000,91.0
2795807,0056015040,JURADO,0027,2018-11-11 23:00:00.000,93.0
2795808,0056015040,JURADO,0027,2018-11-12 00:00:00.000,93.0
2795809,0056015040,JURADO,0027,2018-11-12 01:00:00.000,94.0
2795810,0056015040,JURADO,0027,2018-11-12 02:00:00.000,94.0
2795811,0056015040,JURADO,0027,2018-11-12 03:00:00.000,94.0
2795812,0056015040,JURADO,0027,2018-11-12 04:00:00.000,95.0
2795813,0056015040,JURADO,0027,2018-11-12 05:00:00.000,95.0
2795814,0056015040,JURADO,0027,2018-11-12 06:00:00.000,95.0
2795815,0056015040,JURADO,0027,2018-11-12 07:00:00.000,95.0
2795816,0056015040,JURADO,0027,2018-11-12 08:00:00.000,95.0
2795817,0056015040,JURADO,0027,2018-11-12 09:00:00.000,94.0
2795818,0056015040,JURADO,0027,2018-11-12 10:00:00.000,91.0
2795819,0056015040,JURADO,0027,2018-11-12 11:00:00.000,82.0
2795820,0056015040,JURADO,0027,2018-11-12 12:00:00.000,79.0
2795821,0056015040,JURADO,0027,2018-11-12 13:00:00.000,82.0
2795822,0056015040,JURADO,0027,2018-11-12 14:00:00.000,84.0
2795823,0056015040,JURADO,0027,2018-11-12 15:00:00.000,87.0
2795824,0056015040,JURADO,0027,2018-11-12 16:00:00.000,88.0
2795825,0056015040,JURADO,0027,2018-11-12 17:00:00.000,87.0
2795826,0056015040,JURADO,0027,2018-11-12 18:00:00.000,90.0
2795827,0056015040,JURADO,0027,2018-11-12 19:00:00.000,92.0
2795828,0056015040,JURADO,0027,2018-11-12 20:00:00.000,93.0
2795829,0056015040,JURADO,0027,2018-11-12 21:00:00.000,92.0
2795830,0056015040,JURADO,0027,2018-11-12 22:00:00.000,93.0
2795831,0056015040,JURADO,0027,2018-11-12 23:00:00.000,94.0
2795832,0056015040,JURADO,0027,2018-11-13 00:00:00.000,94.0
2795833,0056015040,JURADO,0027,2018-11-13 01:00:00.000,94.0
2795834,0056015040,JURADO,0027,2018-11-13 02:00:00.000,94.0
2795835,0056015040,JURADO,0027,2018-11-13 03:00:00.000,94.0
2795836,0056015040,JURADO,0027,2018-11-13 04:00:00.000,95.0
2795837,0056015040,JURADO,0027,2018-11-13 05:00:00.000,95.0
2795838,0056015040,JURADO,0027,2018-11-13 06:00:00.000,95.0
2795839,0056015040,JURADO,0027,2018-11-13 07:00:00.000,95.0
2795840,0056015040,JURADO,0027,2018-11-13 08:00:00.000,95.0
2795841,0056015040,JURADO,0027,2018-11-13 09:00:00.000,95.0
2795842,0056015040,JURADO,0027,2018-11-13 10:00:00.000,95.0
2795843,0056015040,JURADO,0027,2018-11-13 11:00:00.000,95.0
2795844,0056015040,JURADO,0027,2018-11-13 12:00:00.000,95.0
2795845,0056015040,JURADO,0027,2018-11-13 13:00:00.000,95.0
2795846,0056015040,JURADO,0027,2018-11-13 14:00:00.000,94.0
2795847,0056015040,JURADO,0027,2018-11-13 15:00:00.000,92.0
2795848,0056015040,JURADO,0027,2018-11-13 16:00:00.000,90.0
2795849,0056015040,JURADO,0027,2018-11-13 17:00:00.000,89.0
2795850,0056015040,JURADO,0027,2018-11-13 18:00:00.000,89.0
2795851,0056015040,JURADO,0027,2018-11-13 19:00:00.000,90.0
2795852,0056015040,JURADO,0027,2018-11-13 20:00:00.000,92.0
2795853,0056015040,JURADO,0027,2018-11-13 21:00:00.000,93.0
2795854,0056015040,JURADO,0027,2018-11-13 22:00:00.000,94.0
2795855,0056015040,JURADO,0027,2018-11-13 23:00:00.000,94.0
2795856,0056015040,JURADO,0027,2018-11-14 00:00:00.000,94.0
2795857,0056015040,JURADO,0027,2018-11-14 01:00:00.000,94.0
2795858,0056015040,JURADO,0027,2018-11-14 02:00:00.000,94.0
2795859,0056015040,JURADO,0027,2018-11-14 03:00:00.000,94.0
2795860,0056015040,JURADO,0027,2018-11-14 04:00:00.000,94.0
2795861,0056015040,JURADO,0027,2018-11-14 05:00:00.000,95.0
2795862,0056015040,JURADO,0027,2018-11-14 06:00:00.000,95.0
2795863,0056015040,JURADO,0027,2018-11-14 07:00:00.000,95.0
2795864,0056015040,JURADO,0027,2018-11-14 08:00:00.000,95.0
2795865,0056015040,JURADO,0027,2018-11-14 09:00:00.000,95.0
2795866,0056015040,JURADO,0027,2018-11-14 10:00:00.000,94.0
2795867,0056015040,JURADO,0027,2018-11-14 11:00:00.000,94.0
2795868,0056015040,JURADO,0027,2018-11-14 12:00:00.000,92.0
2795869,0056015040,JURADO,0027,2018-11-14 13:00:00.000,88.0
2795870,0056015040,JURADO,0027,2018-11-14 14:00:00.000,85.0
2795871,0056015040,JURADO,0027,2018-11-14 15:00:00.000,86.0
2795872,0056015040,JURADO,0027,2018-11-14 16:00:00.000,86.0
2795873,0056015040,JURADO,0027,2018-11-14 17:00:00.000,89.0
2795874,0056015040,JURADO,0027,2018-11-14 18:00:00.000,92.0
2795875,0056015040,JURADO,0027,2018-11-14 19:00:00.000,88.0
2795876,0056015040,JURADO,0027,2018-11-14 20:00:00.000,86.0
2795877,0056015040,JURADO,0027,2018-11-14 21:00:00.000,87.0
2795878,0056015040,JURADO,0027,2018-11-14 22:00:00.000,86.0
2795879,0056015040,JURADO,0027,2018-11-14 23:00:00.000,89.0
2795880,0056015040,JURADO,0027,2018-11-15 00:00:00.000,91.0
2795881,0056015040,JURADO,0027,2018-11-15 01:00:00.000,93.0
2795882,0056015040,JURADO,0027,2018-11-15 02:00:00.000,94.0
2795883,0056015040,JURADO,0027,2018-11-15 03:00:00.000,94.0
2795884,0056015040,JURADO,0027,2018-11-15 04:00:00.000,95.0
2795885,0056015040,JURADO,0027,2018-11-15 05:00:00.000,95.0
2795886,0056015040,JURADO,0027,2018-11-15 06:00:00.000,95.0
2795887,0056015040,JURADO,0027,2018-11-15 07:00:00.000,95.0
2795888,0056015040,JURADO,0027,2018-11-15 08:00:00.000,95.0
2795889,0056015040,JURADO,0027,2018-11-15 09:00:00.000,94.0
2795890,0056015040,JURADO,0027,2018-11-15 10:00:00.000,91.0
2795891,0056015040,JURADO,0027,2018-11-15 11:00:00.000,83.0
2795892,0056015040,JURADO,0027,2018-11-15 12:00:00.000,75.0
2795893,0056015040,JURADO,0027,2018-11-15 13:00:00.000,79.0
2795894,0056015040,JURADO,0027,2018-11-15 14:00:00.000,81.0
2795895,0056015040,JURADO,0027,2018-11-15 15:00:00.000,81.0
2795896,0056015040,JURADO,0027,2018-11-15 16:00:00.000,82.0
2795897,0056015040,JURADO,0027,2018-11-15 17:00:00.000,81.0
2795898,0056015040,JURADO,0027,2018-11-15 18:00:00.000,82.0
2795899,0056015040,JURADO,0027,2018-11-15 19:00:00.000,83.0
2795900,0056015040,JURADO,0027,2018-11-15 20:00:00.000,88.0
2795901,0056015040,JURADO,0027,2018-11-15 21:00:00.000,91.0
2795902,0056015040,JURADO,0027,2018-11-15 22:00:00.000,92.0
2795903,0056015040,JURADO,0027,2018-11-15 23:00:00.000,93.0
2795904,0056015040,JURADO,0027,2018-11-16 00:00:00.000,93.0
2795905,0056015040,JURADO,0027,2018-11-16 01:00:00.000,94.0
2795906,0056015040,JURADO,0027,2018-11-16 02:00:00.000,94.0
2795907,0056015040,JURADO,0027,2018-11-16 03:00:00.000,94.0
2795908,0056015040,JURADO,0027,2018-11-16 04:00:00.000,94.0
2795909,0056015040,JURADO,0027,2018-11-16 05:00:00.000,94.0
2795910,0056015040,JURADO,0027,2018-11-16 06:00:00.000,95.0
2795911,0056015040,JURADO,0027,2018-11-16 07:00:00.000,95.0
2795912,0056015040,JURADO,0027,2018-11-16 08:00:00.000,94.0
2795913,0056015040,JURADO,0027,2018-11-16 09:00:00.000,92.0
2795914,0056015040,JURADO,0027,2018-11-16 10:00:00.000,87.0
2795915,0056015040,JURADO,0027,2018-11-16 11:00:00.000,80.0
2795916,0056015040,JURADO,0027,2018-11-16 12:00:00.000,82.0
2795917,0056015040,JURADO,0027,2018-11-16 13:00:00.000,84.0
2795918,0056015040,JURADO,0027,2018-11-16 14:00:00.000,83.0
2795919,0056015040,JURADO,0027,2018-11-16 15:00:00.000,81.0
2795920,0056015040,JURADO,0027,2018-11-16 16:00:00.000,78.0
2795921,0056015040,JURADO,0027,2018-11-16 17:00:00.000,82.0
2795922,0056015040,JURADO,0027,2018-11-16 18:00:00.000,84.0
2795923,0056015040,JURADO,0027,2018-11-16 19:00:00.000,86.0
2795924,0056015040,JURADO,0027,2018-11-16 20:00:00.000,87.0
2795925,0056015040,JURADO,0027,2018-11-16 21:00:00.000,89.0
2795926,0056015040,JURADO,0027,2018-11-16 22:00:00.000,91.0
2795927,0056015040,JURADO,0027,2018-11-16 23:00:00.000,92.0
2795928,0056015040,JURADO,0027,2018-11-17 00:00:00.000,93.0
2795929,0056015040,JURADO,0027,2018-11-17 01:00:00.000,93.0
2795930,0056015040,JURADO,0027,2018-11-17 02:00:00.000,94.0
2795931,0056015040,JURADO,0027,2018-11-17 03:00:00.000,94.0
2795932,0056015040,JURADO,0027,2018-11-17 04:00:00.000,95.0
2795933,0056015040,JURADO,0027,2018-11-17 05:00:00.000,95.0
2795934,0056015040,JURADO,0027,2018-11-17 06:00:00.000,95.0
2795935,0056015040,JURADO,0027,2018-11-17 07:00:00.000,95.0
2795936,0056015040,JURADO,0027,2018-11-17 08:00:00.000,95.0
2795937,0056015040,JURADO,0027,2018-11-17 09:00:00.000,95.0
2795938,0056015040,JURADO,0027,2018-11-17 10:00:00.000,95.0
2795939,0056015040,JURADO,0027,2018-11-17 11:00:00.000,94.0
2795940,0056015040,JURADO,0027,2018-11-17 12:00:00.000,91.0
2795941,0056015040,JURADO,0027,2018-11-17 13:00:00.000,87.0
2795942,0056015040,JURADO,0027,2018-11-17 14:00:00.000,85.0
2795943,0056015040,JURADO,0027,2018-11-17 15:00:00.000,84.0
2795944,0056015040,JURADO,0027,2018-11-17 16:00:00.000,86.0
2795945,0056015040,JURADO,0027,2018-11-17 17:00:00.000,86.0
2795946,0056015040,JURADO,0027,2018-11-17 18:00:00.000,87.0
2795947,0056015040,JURADO,0027,2018-11-17 19:00:00.000,87.0
2795948,0056015040,JURADO,0027,2018-11-17 20:00:00.000,87.0
2795949,0056015040,JURADO,0027,2018-11-17 21:00:00.000,89.0
2795950,0056015040,JURADO,0027,2018-11-17 22:00:00.000,90.0
2795951,0056015040,JURADO,0027,2018-11-17 23:00:00.000,91.0
2795952,0056015040,JURADO,0027,2018-11-18 00:00:00.000,92.0
2795953,0056015040,JURADO,0027,2018-11-18 01:00:00.000,93.0
2795954,0056015040,JURADO,0027,2018-11-18 02:00:00.000,94.0
2795955,0056015040,JURADO,0027,2018-11-18 03:00:00.000,94.0
2795956,0056015040,JURADO,0027,2018-11-18 04:00:00.000,94.0
2795957,0056015040,JURADO,0027,2018-11-18 05:00:00.000,95.0
2795958,0056015040,JURADO,0027,2018-11-18 06:00:00.000,95.0
2795959,0056015040,JURADO,0027,2018-11-18 07:00:00.000,95.0
2795960,0056015040,JURADO,0027,2018-11-18 08:00:00.000,95.0
2795961,0056015040,JURADO,0027,2018-11-18 09:00:00.000,94.0
2795962,0056015040,JURADO,0027,2018-11-18 10:00:00.000,92.0
2795963,0056015040,JURADO,0027,2018-11-18 11:00:00.000,89.0
2795964,0056015040,JURADO,0027,2018-11-18 12:00:00.000,86.0
2795965,0056015040,JURADO,0027,2018-11-18 13:00:00.000,85.0
2795966,0056015040,JURADO,0027,2018-11-18 14:00:00.000,85.0
2795967,0056015040,JURADO,0027,2018-11-18 15:00:00.000,86.0
2795968,0056015040,JURADO,0027,2018-11-18 16:00:00.000,87.0
2795969,0056015040,JURADO,0027,2018-11-18 17:00:00.000,86.0
2795970,0056015040,JURADO,0027,2018-11-18 18:00:00.000,88.0
2795971,0056015040,JURADO,0027,2018-11-18 19:00:00.000,92.0
2795972,0056015040,JURADO,0027,2018-11-18 20:00:00.000,93.0
2795973,0056015040,JURADO,0027,2018-11-18 21:00:00.000,93.0
2795974,0056015040,JURADO,0027,2018-11-18 22:00:00.000,93.0
2795975,0056015040,JURADO,0027,2018-11-18 23:00:00.000,94.0
2795976,0056015040,JURADO,0027,2018-11-19 00:00:00.000,94.0
2795977,0056015040,JURADO,0027,2018-11-19 01:00:00.000,94.0
2795978,0056015040,JURADO,0027,2018-11-19 02:00:00.000,95.0
2795979,0056015040,JURADO,0027,2018-11-19 03:00:00.000,95.0
2795980,0056015040,JURADO,0027,2018-11-19 04:00:00.000,95.0
2795981,0056015040,JURADO,0027,2018-11-19 05:00:00.000,95.0
2795982,0056015040,JURADO,0027,2018-11-19 06:00:00.000,95.0
2795983,0056015040,JURADO,0027,2018-11-19 07:00:00.000,94.0
2795984,0056015040,JURADO,0027,2018-11-19 08:00:00.000,93.0
2795985,0056015040,JURADO,0027,2018-11-19 09:00:00.000,87.0
2795986,0056015040,JURADO,0027,2018-11-19 10:00:00.000,75.0
2795987,0056015040,JURADO,0027,2018-11-19 11:00:00.000,79.0
2795988,0056015040,JURADO,0027,2018-11-19 12:00:00.000,79.0
2795989,0056015040,JURADO,0027,2018-11-19 13:00:00.000,79.0
2795990,0056015040,JURADO,0027,2018-11-19 14:00:00.000,79.0
2795991,0056015040,JURADO,0027,2018-11-19 15:00:00.000,83.0
2795992,0056015040,JURADO,0027,2018-11-19 16:00:00.000,85.0
2795993,0056015040,JURADO,0027,2018-11-19 17:00:00.000,85.0
2795994,0056015040,JURADO,0027,2018-11-19 18:00:00.000,84.0
2795995,0056015040,JURADO,0027,2018-11-19 19:00:00.000,85.0
2795996,0056015040,JURADO,0027,2018-11-19 20:00:00.000,88.0
2795997,0056015040,JURADO,0027,2018-11-19 21:00:00.000,90.0
2795998,0056015040,JURADO,0027,2018-11-19 22:00:00.000,90.0
2795999,0056015040,JURADO,0027,2018-11-19 23:00:00.000,92.0
2796000,0056015040,JURADO,0027,2018-11-20 00:00:00.000,93.0
2796001,0056015040,JURADO,0027,2018-11-20 01:00:00.000,94.0
2796002,0056015040,JURADO,0027,2018-11-20 02:00:00.000,94.0
2796003,0056015040,JURADO,0027,2018-11-20 03:00:00.000,94.0
2796004,0056015040,JURADO,0027,2018-11-20 04:00:00.000,95.0
2796005,0056015040,JURADO,0027,2018-11-20 05:00:00.000,95.0
2796006,0056015040,JURADO,0027,2018-11-20 06:00:00.000,95.0
2796007,0056015040,JURADO,0027,2018-11-20 07:00:00.000,95.0
2796008,0056015040,JURADO,0027,2018-11-20 08:00:00.000,95.0
2796009,0056015040,JURADO,0027,2018-11-20 09:00:00.000,93.0
2796010,0056015040,JURADO,0027,2018-11-20 10:00:00.000,89.0
2796011,0056015040,JURADO,0027,2018-11-20 11:00:00.000,78.0
2796012,0056015040,JURADO,0027,2018-11-20 12:00:00.000,79.0
2796013,0056015040,JURADO,0027,2018-11-20 13:00:00.000,82.0
2796014,0056015040,JURADO,0027,2018-11-20 14:00:00.000,83.0
2796015,0056015040,JURADO,0027,2018-11-20 15:00:00.000,83.0
2796016,0056015040,JURADO,0027,2018-11-20 16:00:00.000,84.0
2796017,0056015040,JURADO,0027,2018-11-20 17:00:00.000,84.0
2796018,0056015040,JURADO,0027,2018-11-20 18:00:00.000,83.0
2796019,0056015040,JURADO,0027,2018-11-20 19:00:00.000,83.0
2796020,0056015040,JURADO,0027,2018-11-20 20:00:00.000,88.0
2796021,0056015040,JURADO,0027,2018-11-20 21:00:00.000,91.0
2796022,0056015040,JURADO,0027,2018-11-20 22:00:00.000,92.0
2796023,0056015040,JURADO,0027,2018-11-20 23:00:00.000,92.0
2796024,0056015040,JURADO,0027,2018-11-21 00:00:00.000,93.0
2796025,0056015040,JURADO,0027,2018-11-21 01:00:00.000,93.0
2796026,0056015040,JURADO,0027,2018-11-21 02:00:00.000,93.0
2796027,0056015040,JURADO,0027,2018-11-21 03:00:00.000,93.0
2796028,0056015040,JURADO,0027,2018-11-21 04:00:00.000,94.0
2796029,0056015040,JURADO,0027,2018-11-21 05:00:00.000,94.0
2796030,0056015040,JURADO,0027,2018-11-21 06:00:00.000,94.0
2796031,0056015040,JURADO,0027,2018-11-21 07:00:00.000,94.0
2796032,0056015040,JURADO,0027,2018-11-21 08:00:00.000,94.0
2796033,0056015040,JURADO,0027,2018-11-21 09:00:00.000,94.0
2796034,0056015040,JURADO,0027,2018-11-21 10:00:00.000,93.0
2796035,0056015040,JURADO,0027,2018-11-21 11:00:00.000,93.0
2796036,0056015040,JURADO,0027,2018-11-21 12:00:00.000,91.0
2796037,0056015040,JURADO,0027,2018-11-21 13:00:00.000,87.0
2796038,0056015040,JURADO,0027,2018-11-21 14:00:00.000,89.0
2796039,0056015040,JURADO,0027,2018-11-21 15:00:00.000,87.0
2796040,0056015040,JURADO,0027,2018-11-21 16:00:00.000,88.0
2796041,0056015040,JURADO,0027,2018-11-21 17:00:00.000,90.0
2796042,0056015040,JURADO,0027,2018-11-21 18:00:00.000,90.0
2796043,0056015040,JURADO,0027,2018-11-21 19:00:00.000,92.0
2796044,0056015040,JURADO,0027,2018-11-21 20:00:00.000,93.0
2796045,0056015040,JURADO,0027,2018-11-21 21:00:00.000,93.0
2796046,0056015040,JURADO,0027,2018-11-21 22:00:00.000,94.0
2796047,0056015040,JURADO,0027,2018-11-21 23:00:00.000,94.0
2796048,0056015040,JURADO,0027,2018-11-22 00:00:00.000,94.0
2796049,0056015040,JURADO,0027,2018-11-22 01:00:00.000,95.0
2796050,0056015040,JURADO,0027,2018-11-22 02:00:00.000,95.0
2796051,0056015040,JURADO,0027,2018-11-22 03:00:00.000,95.0
2796052,0056015040,JURADO,0027,2018-11-22 04:00:00.000,95.0
2796053,0056015040,JURADO,0027,2018-11-22 05:00:00.000,95.0
2796054,0056015040,JURADO,0027,2018-11-22 06:00:00.000,95.0
2796055,0056015040,JURADO,0027,2018-11-22 07:00:00.000,95.0
2796056,0056015040,JURADO,0027,2018-11-22 08:00:00.000,95.0
2796057,0056015040,JURADO,0027,2018-11-22 09:00:00.000,95.0
2796058,0056015040,JURADO,0027,2018-11-22 10:00:00.000,93.0
2796059,0056015040,JURADO,0027,2018-11-22 11:00:00.000,90.0
2796060,0056015040,JURADO,0027,2018-11-22 12:00:00.000,84.0
2796061,0056015040,JURADO,0027,2018-11-22 13:00:00.000,84.0
2796062,0056015040,JURADO,0027,2018-11-22 14:00:00.000,85.0
2796063,0056015040,JURADO,0027,2018-11-22 15:00:00.000,88.0
2796064,0056015040,JURADO,0027,2018-11-22 16:00:00.000,83.0
2796065,0056015040,JURADO,0027,2018-11-22 17:00:00.000,83.0
2796066,0056015040,JURADO,0027,2018-11-22 18:00:00.000,86.0
2796067,0056015040,JURADO,0027,2018-11-22 19:00:00.000,89.0
2796068,0056015040,JURADO,0027,2018-11-22 20:00:00.000,91.0
2796069,0056015040,JURADO,0027,2018-11-22 21:00:00.000,92.0
2796070,0056015040,JURADO,0027,2018-11-22 22:00:00.000,93.0
2796071,0056015040,JURADO,0027,2018-11-22 23:00:00.000,93.0
2796072,0056015040,JURADO,0027,2018-11-23 00:00:00.000,94.0
2796073,0056015040,JURADO,0027,2018-11-23 01:00:00.000,94.0
2796074,0056015040,JURADO,0027,2018-11-23 02:00:00.000,95.0
2796075,0056015040,JURADO,0027,2018-11-23 03:00:00.000,95.0
2796076,0056015040,JURADO,0027,2018-11-23 04:00:00.000,95.0
2796077,0056015040,JURADO,0027,2018-11-23 05:00:00.000,94.0
2796078,0056015040,JURADO,0027,2018-11-23 06:00:00.000,94.0
2796079,0056015040,JURADO,0027,2018-11-23 07:00:00.000,95.0
2796080,0056015040,JURADO,0027,2018-11-23 08:00:00.000,94.0
2796081,0056015040,JURADO,0027,2018-11-23 09:00:00.000,94.0
2796082,0056015040,JURADO,0027,2018-11-23 10:00:00.000,91.0
2796083,0056015040,JURADO,0027,2018-11-23 11:00:00.000,81.0
2796084,0056015040,JURADO,0027,2018-11-23 12:00:00.000,77.0
2796085,0056015040,JURADO,0027,2018-11-23 13:00:00.000,80.0
2796086,0056015040,JURADO,0027,2018-11-23 14:00:00.000,83.0
2796087,0056015040,JURADO,0027,2018-11-23 15:00:00.000,79.0
2796088,0056015040,JURADO,0027,2018-11-23 16:00:00.000,81.0
2796089,0056015040,JURADO,0027,2018-11-23 17:00:00.000,82.0
2796090,0056015040,JURADO,0027,2018-11-23 18:00:00.000,84.0
2796091,0056015040,JURADO,0027,2018-11-23 19:00:00.000,84.0
2796092,0056015040,JURADO,0027,2018-11-23 20:00:00.000,83.0
2796093,0056015040,JURADO,0027,2018-11-23 21:00:00.000,85.0
2796094,0056015040,JURADO,0027,2018-11-23 22:00:00.000,90.0
2796095,0056015040,JURADO,0027,2018-11-23 23:00:00.000,92.0
2796096,0056015040,JURADO,0027,2018-11-24 00:00:00.000,93.0
2796097,0056015040,JURADO,0027,2018-11-24 01:00:00.000,94.0
2796098,0056015040,JURADO,0027,2018-11-24 02:00:00.000,94.0
2796099,0056015040,JURADO,0027,2018-11-24 03:00:00.000,94.0
2796100,0056015040,JURADO,0027,2018-11-24 04:00:00.000,94.0
2796101,0056015040,JURADO,0027,2018-11-24 05:00:00.000,94.0
2796102,0056015040,JURADO,0027,2018-11-24 06:00:00.000,95.0
2796103,0056015040,JURADO,0027,2018-11-24 07:00:00.000,95.0
2796104,0056015040,JURADO,0027,2018-11-24 08:00:00.000,94.0
2796105,0056015040,JURADO,0027,2018-11-24 09:00:00.000,93.0
2796106,0056015040,JURADO,0027,2018-11-24 10:00:00.000,87.0
2796107,0056015040,JURADO,0027,2018-11-24 11:00:00.000,74.0
2796108,0056015040,JURADO,0027,2018-11-24 12:00:00.000,79.0
2796109,0056015040,JURADO,0027,2018-11-24 13:00:00.000,81.0
2796110,0056015040,JURADO,0027,2018-11-24 14:00:00.000,79.0
2796111,0056015040,JURADO,0027,2018-11-24 15:00:00.000,83.0
2796112,0056015040,JURADO,0027,2018-11-24 16:00:00.000,84.0
2796113,0056015040,JURADO,0027,2018-11-24 17:00:00.000,83.0
2796114,0056015040,JURADO,0027,2018-11-24 18:00:00.000,84.0
2796115,0056015040,JURADO,0027,2018-11-24 19:00:00.000,88.0
2796116,0056015040,JURADO,0027,2018-11-24 20:00:00.000,90.0
2796117,0056015040,JURADO,0027,2018-11-24 21:00:00.000,92.0
2796118,0056015040,JURADO,0027,2018-11-24 22:00:00.000,93.0
2796119,0056015040,JURADO,0027,2018-11-24 23:00:00.000,93.0
2796120,0056015040,JURADO,0027,2018-11-25 00:00:00.000,94.0
2796121,0056015040,JURADO,0027,2018-11-25 01:00:00.000,94.0
2796122,0056015040,JURADO,0027,2018-11-25 02:00:00.000,95.0
2796123,0056015040,JURADO,0027,2018-11-25 03:00:00.000,95.0
2796124,0056015040,JURADO,0027,2018-11-25 04:00:00.000,95.0
2796125,0056015040,JURADO,0027,2018-11-25 05:00:00.000,95.0
2796126,0056015040,JURADO,0027,2018-11-25 06:00:00.000,95.0
2796127,0056015040,JURADO,0027,2018-11-25 07:00:00.000,94.0
2796128,0056015040,JURADO,0027,2018-11-25 08:00:00.000,92.0
2796129,0056015040,JURADO,0027,2018-11-25 09:00:00.000,82.0
2796130,0056015040,JURADO,0027,2018-11-25 10:00:00.000,71.0
2796131,0056015040,JURADO,0027,2018-11-25 11:00:00.000,74.0
2796132,0056015040,JURADO,0027,2018-11-25 12:00:00.000,76.0
2796133,0056015040,JURADO,0027,2018-11-25 13:00:00.000,76.0
2796134,0056015040,JURADO,0027,2018-11-25 14:00:00.000,74.0
2796135,0056015040,JURADO,0027,2018-11-25 15:00:00.000,74.0
2796136,0056015040,JURADO,0027,2018-11-25 16:00:00.000,79.0
2796137,0056015040,JURADO,0027,2018-11-25 17:00:00.000,78.0
2796138,0056015040,JURADO,0027,2018-11-25 18:00:00.000,77.0
2796139,0056015040,JURADO,0027,2018-11-25 19:00:00.000,86.0
2796140,0056015040,JURADO,0027,2018-11-25 20:00:00.000,90.0
2796141,0056015040,JURADO,0027,2018-11-25 21:00:00.000,91.0
2796142,0056015040,JURADO,0027,2018-11-25 22:00:00.000,92.0
2796143,0056015040,JURADO,0027,2018-11-25 23:00:00.000,93.0
2796144,0056015040,JURADO,0027,2018-11-26 00:00:00.000,93.0
2796145,0056015040,JURADO,0027,2018-11-26 01:00:00.000,94.0
2796146,0056015040,JURADO,0027,2018-11-26 02:00:00.000,94.0
2796147,0056015040,JURADO,0027,2018-11-26 03:00:00.000,94.0
2796148,0056015040,JURADO,0027,2018-11-26 04:00:00.000,94.0
2796149,0056015040,JURADO,0027,2018-11-26 05:00:00.000,94.0
2796150,0056015040,JURADO,0027,2018-11-26 06:00:00.000,94.0
2796151,0056015040,JURADO,0027,2018-11-26 07:00:00.000,94.0
2796152,0056015040,JURADO,0027,2018-11-26 08:00:00.000,93.0
2796153,0056015040,JURADO,0027,2018-11-26 09:00:00.000,89.0
2796154,0056015040,JURADO,0027,2018-11-26 10:00:00.000,81.0
2796155,0056015040,JURADO,0027,2018-11-26 11:00:00.000,77.0
2796156,0056015040,JURADO,0027,2018-11-26 12:00:00.000,75.0
2796157,0056015040,JURADO,0027,2018-11-26 13:00:00.000,73.0
2796158,0056015040,JURADO,0027,2018-11-26 14:00:00.000,81.0
2796159,0056015040,JURADO,0027,2018-11-26 15:00:00.000,84.0
2796160,0056015040,JURADO,0027,2018-11-26 16:00:00.000,88.0
2796161,0056015040,JURADO,0027,2018-11-26 17:00:00.000,89.0
2796162,0056015040,JURADO,0027,2018-11-26 18:00:00.000,92.0
2796163,0056015040,JURADO,0027,2018-11-26 19:00:00.000,93.0
2796164,0056015040,JURADO,0027,2018-11-26 20:00:00.000,94.0
2796165,0056015040,JURADO,0027,2018-11-26 21:00:00.000,94.0
2796166,0056015040,JURADO,0027,2018-11-26 22:00:00.000,95.0
2796167,0056015040,JURADO,0027,2018-11-26 23:00:00.000,95.0
2796168,0056015040,JURADO,0027,2018-11-27 00:00:00.000,95.0
2796169,0056015040,JURADO,0027,2018-11-27 01:00:00.000,95.0
2796170,0056015040,JURADO,0027,2018-11-27 02:00:00.000,95.0
2796171,0056015040,JURADO,0027,2018-11-27 03:00:00.000,95.0
2796172,0056015040,JURADO,0027,2018-11-27 04:00:00.000,96.0
2796173,0056015040,JURADO,0027,2018-11-27 05:00:00.000,96.0
2796174,0056015040,JURADO,0027,2018-11-27 06:00:00.000,96.0
2796175,0056015040,JURADO,0027,2018-11-27 07:00:00.000,96.0
2796176,0056015040,JURADO,0027,2018-11-27 08:00:00.000,96.0
2796177,0056015040,JURADO,0027,2018-11-27 09:00:00.000,95.0
2796178,0056015040,JURADO,0027,2018-11-27 10:00:00.000,95.0
2796179,0056015040,JURADO,0027,2018-11-27 11:00:00.000,94.0
2796180,0056015040,JURADO,0027,2018-11-27 12:00:00.000,88.0
2796181,0056015040,JURADO,0027,2018-11-27 13:00:00.000,85.0
2796182,0056015040,JURADO,0027,2018-11-27 14:00:00.000,84.0
2796183,0056015040,JURADO,0027,2018-11-27 15:00:00.000,83.0
2796184,0056015040,JURADO,0027,2018-11-27 16:00:00.000,82.0
2796185,0056015040,JURADO,0027,2018-11-27 17:00:00.000,89.0
2796186,0056015040,JURADO,0027,2018-11-27 18:00:00.000,92.0
2796187,0056015040,JURADO,0027,2018-11-27 19:00:00.000,93.0
2796188,0056015040,JURADO,0027,2018-11-27 20:00:00.000,94.0
2796189,0056015040,JURADO,0027,2018-11-27 21:00:00.000,94.0
2796190,0056015040,JURADO,0027,2018-11-27 22:00:00.000,94.0
2796191,0056015040,JURADO,0027,2018-11-27 23:00:00.000,95.0
2796192,0056015040,JURADO,0027,2018-11-28 00:00:00.000,95.0
2796193,0056015040,JURADO,0027,2018-11-28 01:00:00.000,95.0
2796194,0056015040,JURADO,0027,2018-11-28 02:00:00.000,95.0
2796195,0056015040,JURADO,0027,2018-11-28 03:00:00.000,94.0
2796196,0056015040,JURADO,0027,2018-11-28 04:00:00.000,94.0
2796197,0056015040,JURADO,0027,2018-11-28 05:00:00.000,94.0
2796198,0056015040,JURADO,0027,2018-11-28 06:00:00.000,94.0
2796199,0056015040,JURADO,0027,2018-11-28 07:00:00.000,93.0
2796200,0056015040,JURADO,0027,2018-11-28 08:00:00.000,93.0
2796201,0056015040,JURADO,0027,2018-11-28 09:00:00.000,89.0
2796202,0056015040,JURADO,0027,2018-11-28 10:00:00.000,84.0
2796203,0056015040,JURADO,0027,2018-11-28 11:00:00.000,70.0
2796204,0056015040,JURADO,0027,2018-11-28 12:00:00.000,75.0
2796205,0056015040,JURADO,0027,2018-11-28 13:00:00.000,75.0
2796206,0056015040,JURADO,0027,2018-11-28 14:00:00.000,72.0
2796207,0056015040,JURADO,0027,2018-11-28 15:00:00.000,70.0
2796208,0056015040,JURADO,0027,2018-11-28 16:00:00.000,72.0
2796209,0056015040,JURADO,0027,2018-11-28 17:00:00.000,77.0
2796210,0056015040,JURADO,0027,2018-11-28 18:00:00.000,81.0
2796211,0056015040,JURADO,0027,2018-11-28 19:00:00.000,82.0
2796212,0056015040,JURADO,0027,2018-11-28 20:00:00.000,87.0
2796213,0056015040,JURADO,0027,2018-11-28 21:00:00.000,90.0
2796214,0056015040,JURADO,0027,2018-11-28 22:00:00.000,92.0
2796215,0056015040,JURADO,0027,2018-11-28 23:00:00.000,93.0
2796216,0056015040,JURADO,0027,2018-11-29 00:00:00.000,93.0
2796217,0056015040,JURADO,0027,2018-11-29 01:00:00.000,94.0
2796218,0056015040,JURADO,0027,2018-11-29 02:00:00.000,94.0
2796219,0056015040,JURADO,0027,2018-11-29 03:00:00.000,95.0
2796220,0056015040,JURADO,0027,2018-11-29 04:00:00.000,95.0
2796221,0056015040,JURADO,0027,2018-11-29 05:00:00.000,95.0
2796222,0056015040,JURADO,0027,2018-11-29 06:00:00.000,95.0
2796223,0056015040,JURADO,0027,2018-11-29 07:00:00.000,95.0
2796224,0056015040,JURADO,0027,2018-11-29 08:00:00.000,94.0
2796225,0056015040,JURADO,0027,2018-11-29 09:00:00.000,93.0
2796226,0056015040,JURADO,0027,2018-11-29 10:00:00.000,87.0
2796227,0056015040,JURADO,0027,2018-11-29 11:00:00.000,77.0
2796228,0056015040,JURADO,0027,2018-11-29 12:00:00.000,77.0
2796229,0056015040,JURADO,0027,2018-11-29 13:00:00.000,77.0
2796230,0056015040,JURADO,0027,2018-11-29 14:00:00.000,80.0
2796231,0056015040,JURADO,0027,2018-11-29 15:00:00.000,78.0
2796232,0056015040,JURADO,0027,2018-11-29 16:00:00.000,82.0
2796233,0056015040,JURADO,0027,2018-11-29 17:00:00.000,81.0
2796234,0056015040,JURADO,0027,2018-11-29 18:00:00.000,84.0
2796235,0056015040,JURADO,0027,2018-11-29 19:00:00.000,88.0
2796236,0056015040,JURADO,0027,2018-11-29 20:00:00.000,90.0
2796237,0056015040,JURADO,0027,2018-11-29 21:00:00.000,91.0
2796238,0056015040,JURADO,0027,2018-11-29 22:00:00.000,92.0
2796239,0056015040,JURADO,0027,2018-11-29 23:00:00.000,93.0
2796240,0056015040,JURADO,0027,2018-11-30 00:00:00.000,93.0
2796241,0056015040,JURADO,0027,2018-11-30 01:00:00.000,93.0
2796242,0056015040,JURADO,0027,2018-11-30 02:00:00.000,94.0
2796243,0056015040,JURADO,0027,2018-11-30 03:00:00.000,94.0
2796244,0056015040,JURADO,0027,2018-11-30 04:00:00.000,94.0
2796245,0056015040,JURADO,0027,2018-11-30 05:00:00.000,94.0
2796246,0056015040,JURADO,0027,2018-11-30 06:00:00.000,94.0
2796247,0056015040,JURADO,0027,2018-11-30 07:00:00.000,94.0
2796248,0056015040,JURADO,0027,2018-11-30 08:00:00.000,92.0
2796249,0056015040,JURADO,0027,2018-11-30 09:00:00.000,81.0
2796250,0056015040,JURADO,0027,2018-11-30 10:00:00.000,77.0
2796251,0056015040,JURADO,0027,2018-11-30 11:00:00.000,78.0
2796252,0056015040,JURADO,0027,2018-11-30 12:00:00.000,82.0
2796253,0056015040,JURADO,0027,2018-11-30 13:00:00.000,79.0
2796254,0056015040,JURADO,0027,2018-11-30 14:00:00.000,79.0
2796255,0056015040,JURADO,0027,2018-11-30 15:00:00.000,82.0
2796256,0056015040,JURADO,0027,2018-11-30 16:00:00.000,81.0
2796257,0056015040,JURADO,0027,2018-11-30 17:00:00.000,84.0
2796258,0056015040,JURADO,0027,2018-11-30 18:00:00.000,84.0
2796259,0056015040,JURADO,0027,2018-11-30 19:00:00.000,84.0
2796260,0056015040,JURADO,0027,2018-11-30 20:00:00.000,85.0
2796261,0056015040,JURADO,0027,2018-11-30 21:00:00.000,84.0
2796262,0056015040,JURADO,0027,2018-11-30 22:00:00.000,84.0
2796263,0056015040,JURADO,0027,2018-11-30 23:00:00.000,84.0
2796264,0056015040,JURADO,0027,2018-12-01 00:00:00.000,89.0
2796265,0056015040,JURADO,0027,2018-12-01 01:00:00.000,92.0
2796266,0056015040,JURADO,0027,2018-12-01 02:00:00.000,94.0
2796267,0056015040,JURADO,0027,2018-12-01 03:00:00.000,94.0
2796268,0056015040,JURADO,0027,2018-12-01 04:00:00.000,94.0
2796269,0056015040,JURADO,0027,2018-12-01 05:00:00.000,95.0
2796270,0056015040,JURADO,0027,2018-12-01 06:00:00.000,95.0
2796271,0056015040,JURADO,0027,2018-12-01 07:00:00.000,95.0
2796272,0056015040,JURADO,0027,2018-12-01 08:00:00.000,95.0
2796273,0056015040,JURADO,0027,2018-12-01 09:00:00.000,94.0
2796274,0056015040,JURADO,0027,2018-12-01 10:00:00.000,93.0
2796275,0056015040,JURADO,0027,2018-12-01 11:00:00.000,89.0
2796276,0056015040,JURADO,0027,2018-12-01 12:00:00.000,82.0
2796277,0056015040,JURADO,0027,2018-12-01 13:00:00.000,81.0
2796278,0056015040,JURADO,0027,2018-12-01 14:00:00.000,79.0
2796279,0056015040,JURADO,0027,2018-12-01 15:00:00.000,79.0
2796280,0056015040,JURADO,0027,2018-12-01 16:00:00.000,79.0
2796281,0056015040,JURADO,0027,2018-12-01 17:00:00.000,80.0
2796282,0056015040,JURADO,0027,2018-12-01 18:00:00.000,83.0
2796283,0056015040,JURADO,0027,2018-12-01 19:00:00.000,82.0
2796284,0056015040,JURADO,0027,2018-12-01 20:00:00.000,86.0
2796285,0056015040,JURADO,0027,2018-12-01 21:00:00.000,90.0
2796286,0056015040,JURADO,0027,2018-12-01 22:00:00.000,92.0
2796287,0056015040,JURADO,0027,2018-12-01 23:00:00.000,93.0
2796288,0056015040,JURADO,0027,2018-12-02 00:00:00.000,94.0
2796289,0056015040,JURADO,0027,2018-12-02 01:00:00.000,94.0
2796290,0056015040,JURADO,0027,2018-12-02 02:00:00.000,94.0
2796291,0056015040,JURADO,0027,2018-12-02 03:00:00.000,94.0
2796292,0056015040,JURADO,0027,2018-12-02 04:00:00.000,94.0
2796293,0056015040,JURADO,0027,2018-12-02 05:00:00.000,94.0
2796294,0056015040,JURADO,0027,2018-12-02 06:00:00.000,94.0
2796295,0056015040,JURADO,0027,2018-12-02 07:00:00.000,94.0
2796296,0056015040,JURADO,0027,2018-12-02 08:00:00.000,93.0
2796297,0056015040,JURADO,0027,2018-12-02 09:00:00.000,89.0
2796298,0056015040,JURADO,0027,2018-12-02 10:00:00.000,87.0
2796299,0056015040,JURADO,0027,2018-12-02 11:00:00.000,82.0
2796300,0056015040,JURADO,0027,2018-12-02 12:00:00.000,73.0
2796301,0056015040,JURADO,0027,2018-12-02 13:00:00.000,76.0
2796302,0056015040,JURADO,0027,2018-12-02 14:00:00.000,78.0
2796303,0056015040,JURADO,0027,2018-12-02 15:00:00.000,77.0
2796304,0056015040,JURADO,0027,2018-12-02 16:00:00.000,77.0
2796305,0056015040,JURADO,0027,2018-12-02 17:00:00.000,78.0
2796306,0056015040,JURADO,0027,2018-12-02 18:00:00.000,79.0
2796307,0056015040,JURADO,0027,2018-12-02 19:00:00.000,79.0
2796308,0056015040,JURADO,0027,2018-12-02 20:00:00.000,86.0
2796309,0056015040,JURADO,0027,2018-12-02 21:00:00.000,90.0
2796310,0056015040,JURADO,0027,2018-12-02 22:00:00.000,91.0
2796311,0056015040,JURADO,0027,2018-12-02 23:00:00.000,92.0
2796312,0056015040,JURADO,0027,2018-12-03 00:00:00.000,93.0
2796313,0056015040,JURADO,0027,2018-12-03 01:00:00.000,93.0
2796314,0056015040,JURADO,0027,2018-12-03 02:00:00.000,94.0
2796315,0056015040,JURADO,0027,2018-12-03 03:00:00.000,94.0
2796316,0056015040,JURADO,0027,2018-12-03 04:00:00.000,94.0
2796317,0056015040,JURADO,0027,2018-12-03 05:00:00.000,94.0
2796318,0056015040,JURADO,0027,2018-12-03 06:00:00.000,94.0
2796319,0056015040,JURADO,0027,2018-12-03 07:00:00.000,94.0
2796320,0056015040,JURADO,0027,2018-12-03 08:00:00.000,94.0
2796321,0056015040,JURADO,0027,2018-12-03 09:00:00.000,92.0
2796322,0056015040,JURADO,0027,2018-12-03 10:00:00.000,90.0
2796323,0056015040,JURADO,0027,2018-12-03 11:00:00.000,85.0
2796324,0056015040,JURADO,0027,2018-12-03 12:00:00.000,81.0
2796325,0056015040,JURADO,0027,2018-12-03 13:00:00.000,78.0
2796326,0056015040,JURADO,0027,2018-12-03 14:00:00.000,78.0
2796327,0056015040,JURADO,0027,2018-12-03 15:00:00.000,77.0
2796328,0056015040,JURADO,0027,2018-12-03 16:00:00.000,81.0
2796329,0056015040,JURADO,0027,2018-12-03 17:00:00.000,88.0
2796330,0056015040,JURADO,0027,2018-12-03 18:00:00.000,88.0
2796331,0056015040,JURADO,0027,2018-12-03 19:00:00.000,89.0
2796332,0056015040,JURADO,0027,2018-12-03 20:00:00.000,90.0
2796333,0056015040,JURADO,0027,2018-12-03 21:00:00.000,92.0
2796334,0056015040,JURADO,0027,2018-12-03 22:00:00.000,93.0
2796335,0056015040,JURADO,0027,2018-12-03 23:00:00.000,93.0
2796336,0056015040,JURADO,0027,2018-12-04 00:00:00.000,94.0
2796337,0056015040,JURADO,0027,2018-12-04 01:00:00.000,94.0
2796338,0056015040,JURADO,0027,2018-12-04 02:00:00.000,95.0
2796339,0056015040,JURADO,0027,2018-12-04 03:00:00.000,95.0
2796340,0056015040,JURADO,0027,2018-12-04 04:00:00.000,95.0
2796341,0056015040,JURADO,0027,2018-12-04 05:00:00.000,95.0
2796342,0056015040,JURADO,0027,2018-12-04 06:00:00.000,95.0
2796343,0056015040,JURADO,0027,2018-12-04 07:00:00.000,95.0
2796344,0056015040,JURADO,0027,2018-12-04 08:00:00.000,94.0
2796345,0056015040,JURADO,0027,2018-12-04 09:00:00.000,92.0
2796346,0056015040,JURADO,0027,2018-12-04 10:00:00.000,81.0
2796347,0056015040,JURADO,0027,2018-12-04 11:00:00.000,82.0
2796348,0056015040,JURADO,0027,2018-12-04 12:00:00.000,82.0
2796349,0056015040,JURADO,0027,2018-12-04 13:00:00.000,87.0
2796350,0056015040,JURADO,0027,2018-12-04 14:00:00.000,85.0
2796351,0056015040,JURADO,0027,2018-12-04 15:00:00.000,85.0
2796352,0056015040,JURADO,0027,2018-12-04 16:00:00.000,86.0
2796353,0056015040,JURADO,0027,2018-12-04 17:00:00.000,85.0
2796354,0056015040,JURADO,0027,2018-12-04 18:00:00.000,85.0
2796355,0056015040,JURADO,0027,2018-12-04 19:00:00.000,87.0
2796356,0056015040,JURADO,0027,2018-12-04 20:00:00.000,91.0
2796357,0056015040,JURADO,0027,2018-12-04 21:00:00.000,92.0
2796358,0056015040,JURADO,0027,2018-12-04 22:00:00.000,93.0
2796359,0056015040,JURADO,0027,2018-12-04 23:00:00.000,94.0
2796360,0056015040,JURADO,0027,2018-12-05 00:00:00.000,94.0
2796361,0056015040,JURADO,0027,2018-12-05 01:00:00.000,94.0
2796362,0056015040,JURADO,0027,2018-12-05 02:00:00.000,95.0
2796363,0056015040,JURADO,0027,2018-12-05 03:00:00.000,95.0
2796364,0056015040,JURADO,0027,2018-12-05 04:00:00.000,95.0
2796365,0056015040,JURADO,0027,2018-12-05 05:00:00.000,95.0
2796366,0056015040,JURADO,0027,2018-12-05 06:00:00.000,95.0
2796367,0056015040,JURADO,0027,2018-12-05 07:00:00.000,95.0
2796368,0056015040,JURADO,0027,2018-12-05 08:00:00.000,93.0
2796369,0056015040,JURADO,0027,2018-12-05 09:00:00.000,91.0
2796370,0056015040,JURADO,0027,2018-12-05 10:00:00.000,73.0
2796371,0056015040,JURADO,0027,2018-12-05 11:00:00.000,64.0
2796372,0056015040,JURADO,0027,2018-12-05 12:00:00.000,74.0
2796373,0056015040,JURADO,0027,2018-12-05 13:00:00.000,77.0
2796374,0056015040,JURADO,0027,2018-12-05 14:00:00.000,81.0
2796375,0056015040,JURADO,0027,2018-12-05 15:00:00.000,83.0
2796376,0056015040,JURADO,0027,2018-12-05 16:00:00.000,84.0
2796377,0056015040,JURADO,0027,2018-12-05 17:00:00.000,86.0
2796378,0056015040,JURADO,0027,2018-12-05 18:00:00.000,90.0
2796379,0056015040,JURADO,0027,2018-12-05 19:00:00.000,92.0
2796380,0056015040,JURADO,0027,2018-12-05 20:00:00.000,93.0
2796381,0056015040,JURADO,0027,2018-12-05 21:00:00.000,94.0
2796382,0056015040,JURADO,0027,2018-12-05 22:00:00.000,94.0
2796383,0056015040,JURADO,0027,2018-12-05 23:00:00.000,94.0
2796384,0056015040,JURADO,0027,2018-12-06 00:00:00.000,94.0
2796385,0056015040,JURADO,0027,2018-12-06 01:00:00.000,95.0
2796386,0056015040,JURADO,0027,2018-12-06 02:00:00.000,95.0
2796387,0056015040,JURADO,0027,2018-12-06 03:00:00.000,95.0
2796388,0056015040,JURADO,0027,2018-12-06 04:00:00.000,95.0
2796389,0056015040,JURADO,0027,2018-12-06 05:00:00.000,95.0
2796390,0056015040,JURADO,0027,2018-12-06 06:00:00.000,95.0
2796391,0056015040,JURADO,0027,2018-12-06 07:00:00.000,95.0
2796392,0056015040,JURADO,0027,2018-12-06 08:00:00.000,93.0
2796393,0056015040,JURADO,0027,2018-12-06 09:00:00.000,90.0
2796394,0056015040,JURADO,0027,2018-12-06 10:00:00.000,80.0
2796395,0056015040,JURADO,0027,2018-12-06 11:00:00.000,75.0
2796396,0056015040,JURADO,0027,2018-12-06 12:00:00.000,75.0
2796397,0056015040,JURADO,0027,2018-12-06 13:00:00.000,74.0
2796398,0056015040,JURADO,0027,2018-12-06 14:00:00.000,75.0
2796399,0056015040,JURADO,0027,2018-12-06 15:00:00.000,76.0
2796400,0056015040,JURADO,0027,2018-12-06 16:00:00.000,76.0
2796401,0056015040,JURADO,0027,2018-12-06 17:00:00.000,79.0
2796402,0056015040,JURADO,0027,2018-12-06 18:00:00.000,80.0
2796403,0056015040,JURADO,0027,2018-12-06 19:00:00.000,80.0
2796404,0056015040,JURADO,0027,2018-12-06 20:00:00.000,81.0
2796405,0056015040,JURADO,0027,2018-12-06 21:00:00.000,84.0
2796406,0056015040,JURADO,0027,2018-12-06 22:00:00.000,90.0
2796407,0056015040,JURADO,0027,2018-12-06 23:00:00.000,91.0
2796408,0056015040,JURADO,0027,2018-12-07 00:00:00.000,92.0
2796409,0056015040,JURADO,0027,2018-12-07 01:00:00.000,93.0
2796410,0056015040,JURADO,0027,2018-12-07 02:00:00.000,94.0
2796411,0056015040,JURADO,0027,2018-12-07 03:00:00.000,94.0
2796412,0056015040,JURADO,0027,2018-12-07 04:00:00.000,94.0
2796413,0056015040,JURADO,0027,2018-12-07 05:00:00.000,95.0
2796414,0056015040,JURADO,0027,2018-12-07 06:00:00.000,95.0
2796415,0056015040,JURADO,0027,2018-12-07 07:00:00.000,94.0
2796416,0056015040,JURADO,0027,2018-12-07 08:00:00.000,93.0
2796417,0056015040,JURADO,0027,2018-12-07 09:00:00.000,83.0
2796418,0056015040,JURADO,0027,2018-12-07 10:00:00.000,71.0
2796419,0056015040,JURADO,0027,2018-12-07 11:00:00.000,71.0
2796420,0056015040,JURADO,0027,2018-12-07 12:00:00.000,75.0
2796421,0056015040,JURADO,0027,2018-12-07 13:00:00.000,77.0
2796422,0056015040,JURADO,0027,2018-12-07 14:00:00.000,80.0
2796423,0056015040,JURADO,0027,2018-12-07 15:00:00.000,82.0
2796424,0056015040,JURADO,0027,2018-12-07 16:00:00.000,85.0
2796425,0056015040,JURADO,0027,2018-12-07 17:00:00.000,86.0
2796426,0056015040,JURADO,0027,2018-12-07 18:00:00.000,85.0
2796427,0056015040,JURADO,0027,2018-12-07 19:00:00.000,85.0
2796428,0056015040,JURADO,0027,2018-12-07 20:00:00.000,85.0
2796429,0056015040,JURADO,0027,2018-12-07 21:00:00.000,90.0
2796430,0056015040,JURADO,0027,2018-12-07 22:00:00.000,91.0
2796431,0056015040,JURADO,0027,2018-12-07 23:00:00.000,92.0
2796432,0056015040,JURADO,0027,2018-12-08 00:00:00.000,93.0
2796433,0056015040,JURADO,0027,2018-12-08 01:00:00.000,93.0
2796434,0056015040,JURADO,0027,2018-12-08 02:00:00.000,93.0
2796435,0056015040,JURADO,0027,2018-12-08 03:00:00.000,93.0
2796436,0056015040,JURADO,0027,2018-12-08 04:00:00.000,94.0
2796437,0056015040,JURADO,0027,2018-12-08 05:00:00.000,94.0
2796438,0056015040,JURADO,0027,2018-12-08 06:00:00.000,94.0
2796439,0056015040,JURADO,0027,2018-12-08 07:00:00.000,94.0
2796440,0056015040,JURADO,0027,2018-12-08 08:00:00.000,94.0
2796441,0056015040,JURADO,0027,2018-12-08 09:00:00.000,94.0
2796442,0056015040,JURADO,0027,2018-12-08 10:00:00.000,90.0
2796443,0056015040,JURADO,0027,2018-12-08 11:00:00.000,87.0
2796444,0056015040,JURADO,0027,2018-12-08 12:00:00.000,85.0
2796445,0056015040,JURADO,0027,2018-12-08 13:00:00.000,81.0
2796446,0056015040,JURADO,0027,2018-12-08 14:00:00.000,78.0
2796447,0056015040,JURADO,0027,2018-12-08 15:00:00.000,80.0
2796448,0056015040,JURADO,0027,2018-12-08 16:00:00.000,80.0
2796449,0056015040,JURADO,0027,2018-12-08 17:00:00.000,83.0
2796450,0056015040,JURADO,0027,2018-12-08 18:00:00.000,83.0
2796451,0056015040,JURADO,0027,2018-12-08 19:00:00.000,83.0
2796452,0056015040,JURADO,0027,2018-12-08 20:00:00.000,87.0
2796453,0056015040,JURADO,0027,2018-12-08 21:00:00.000,90.0
2796454,0056015040,JURADO,0027,2018-12-08 22:00:00.000,92.0
2796455,0056015040,JURADO,0027,2018-12-08 23:00:00.000,93.0
2796456,0056015040,JURADO,0027,2018-12-09 00:00:00.000,93.0
2796457,0056015040,JURADO,0027,2018-12-09 01:00:00.000,94.0
2796458,0056015040,JURADO,0027,2018-12-09 02:00:00.000,94.0
2796459,0056015040,JURADO,0027,2018-12-09 03:00:00.000,95.0
2796460,0056015040,JURADO,0027,2018-12-09 04:00:00.000,95.0
2796461,0056015040,JURADO,0027,2018-12-09 05:00:00.000,95.0
2796462,0056015040,JURADO,0027,2018-12-09 06:00:00.000,96.0
2796463,0056015040,JURADO,0027,2018-12-09 07:00:00.000,95.0
2796464,0056015040,JURADO,0027,2018-12-09 08:00:00.000,94.0
2796465,0056015040,JURADO,0027,2018-12-09 09:00:00.000,90.0
2796466,0056015040,JURADO,0027,2018-12-09 10:00:00.000,74.0
2796467,0056015040,JURADO,0027,2018-12-09 11:00:00.000,76.0
2796468,0056015040,JURADO,0027,2018-12-09 12:00:00.000,76.0
2796469,0056015040,JURADO,0027,2018-12-09 13:00:00.000,78.0
2796470,0056015040,JURADO,0027,2018-12-09 14:00:00.000,74.0
2796471,0056015040,JURADO,0027,2018-12-09 15:00:00.000,77.0
2796472,0056015040,JURADO,0027,2018-12-09 16:00:00.000,77.0
2796473,0056015040,JURADO,0027,2018-12-09 17:00:00.000,80.0
2796474,0056015040,JURADO,0027,2018-12-09 18:00:00.000,83.0
2796475,0056015040,JURADO,0027,2018-12-09 19:00:00.000,84.0
2796476,0056015040,JURADO,0027,2018-12-09 20:00:00.000,89.0
2796477,0056015040,JURADO,0027,2018-12-09 21:00:00.000,91.0
2796478,0056015040,JURADO,0027,2018-12-09 22:00:00.000,92.0
2796479,0056015040,JURADO,0027,2018-12-09 23:00:00.000,93.0
2796480,0056015040,JURADO,0027,2018-12-10 00:00:00.000,94.0
2796481,0056015040,JURADO,0027,2018-12-10 01:00:00.000,94.0
2796482,0056015040,JURADO,0027,2018-12-10 02:00:00.000,94.0
2796483,0056015040,JURADO,0027,2018-12-10 03:00:00.000,95.0
2796484,0056015040,JURADO,0027,2018-12-10 04:00:00.000,95.0
2796485,0056015040,JURADO,0027,2018-12-10 05:00:00.000,95.0
2796486,0056015040,JURADO,0027,2018-12-10 06:00:00.000,94.0
2796487,0056015040,JURADO,0027,2018-12-10 07:00:00.000,94.0
2796488,0056015040,JURADO,0027,2018-12-10 08:00:00.000,92.0
2796489,0056015040,JURADO,0027,2018-12-10 09:00:00.000,88.0
2796490,0056015040,JURADO,0027,2018-12-10 10:00:00.000,74.0
2796491,0056015040,JURADO,0027,2018-12-10 11:00:00.000,75.0
2796492,0056015040,JURADO,0027,2018-12-10 12:00:00.000,76.0
2796493,0056015040,JURADO,0027,2018-12-10 13:00:00.000,76.0
2796494,0056015040,JURADO,0027,2018-12-10 14:00:00.000,77.0
2796495,0056015040,JURADO,0027,2018-12-10 15:00:00.000,80.0
2796496,0056015040,JURADO,0027,2018-12-10 16:00:00.000,81.0
2796497,0056015040,JURADO,0027,2018-12-10 17:00:00.000,82.0
2796498,0056015040,JURADO,0027,2018-12-10 18:00:00.000,86.0
2796499,0056015040,JURADO,0027,2018-12-10 19:00:00.000,89.0
2796500,0056015040,JURADO,0027,2018-12-10 20:00:00.000,92.0
2796501,0056015040,JURADO,0027,2018-12-10 21:00:00.000,92.0
2796502,0056015040,JURADO,0027,2018-12-10 22:00:00.000,93.0
2796503,0056015040,JURADO,0027,2018-12-10 23:00:00.000,93.0
2796504,0056015040,JURADO,0027,2018-12-11 00:00:00.000,93.0
2796505,0056015040,JURADO,0027,2018-12-11 01:00:00.000,91.0
2796506,0056015040,JURADO,0027,2018-12-11 02:00:00.000,90.0
2796507,0056015040,JURADO,0027,2018-12-11 03:00:00.000,88.0
2796508,0056015040,JURADO,0027,2018-12-11 04:00:00.000,86.0
2796509,0056015040,JURADO,0027,2018-12-11 05:00:00.000,86.0
2796510,0056015040,JURADO,0027,2018-12-11 06:00:00.000,89.0
2796511,0056015040,JURADO,0027,2018-12-11 07:00:00.000,88.0
2796512,0056015040,JURADO,0027,2018-12-11 08:00:00.000,82.0
2796513,0056015040,JURADO,0027,2018-12-11 09:00:00.000,72.0
2796514,0056015040,JURADO,0027,2018-12-11 10:00:00.000,67.0
2796515,0056015040,JURADO,0027,2018-12-11 11:00:00.000,59.0
2796516,0056015040,JURADO,0027,2018-12-11 12:00:00.000,57.0
2796517,0056015040,JURADO,0027,2018-12-11 13:00:00.000,71.0
2796518,0056015040,JURADO,0027,2018-12-11 14:00:00.000,76.0
2796519,0056015040,JURADO,0027,2018-12-11 15:00:00.000,86.0
2796520,0056015040,JURADO,0027,2018-12-11 16:00:00.000,87.0
2796521,0056015040,JURADO,0027,2018-12-11 17:00:00.000,88.0
2796522,0056015040,JURADO,0027,2018-12-11 18:00:00.000,90.0
2796523,0056015040,JURADO,0027,2018-12-11 19:00:00.000,91.0
2796524,0056015040,JURADO,0027,2018-12-11 20:00:00.000,92.0
2796525,0056015040,JURADO,0027,2018-12-11 21:00:00.000,93.0
2796526,0056015040,JURADO,0027,2018-12-11 22:00:00.000,92.0
2796527,0056015040,JURADO,0027,2018-12-11 23:00:00.000,90.0
2796528,0056015040,JURADO,0027,2018-12-12 00:00:00.000,88.0
2796529,0056015040,JURADO,0027,2018-12-12 01:00:00.000,83.0
2796530,0056015040,JURADO,0027,2018-12-12 02:00:00.000,85.0
2796531,0056015040,JURADO,0027,2018-12-12 03:00:00.000,86.0
2796532,0056015040,JURADO,0027,2018-12-12 04:00:00.000,86.0
2796533,0056015040,JURADO,0027,2018-12-12 05:00:00.000,85.0
2796534,0056015040,JURADO,0027,2018-12-12 06:00:00.000,88.0
2796535,0056015040,JURADO,0027,2018-12-12 07:00:00.000,90.0
2796536,0056015040,JURADO,0027,2018-12-12 08:00:00.000,83.0
2796537,0056015040,JURADO,0027,2018-12-12 09:00:00.000,72.0
2796538,0056015040,JURADO,0027,2018-12-12 10:00:00.000,67.0
2796539,0056015040,JURADO,0027,2018-12-12 11:00:00.000,67.0
2796540,0056015040,JURADO,0027,2018-12-12 12:00:00.000,72.0
2796541,0056015040,JURADO,0027,2018-12-12 13:00:00.000,71.0
2796542,0056015040,JURADO,0027,2018-12-12 14:00:00.000,72.0
2796543,0056015040,JURADO,0027,2018-12-12 15:00:00.000,74.0
2796544,0056015040,JURADO,0027,2018-12-12 16:00:00.000,76.0
2796545,0056015040,JURADO,0027,2018-12-12 17:00:00.000,82.0
2796546,0056015040,JURADO,0027,2018-12-12 18:00:00.000,81.0
2796547,0056015040,JURADO,0027,2018-12-12 19:00:00.000,86.0
2796548,0056015040,JURADO,0027,2018-12-12 20:00:00.000,90.0
2796549,0056015040,JURADO,0027,2018-12-12 21:00:00.000,91.0
2796550,0056015040,JURADO,0027,2018-12-12 22:00:00.000,91.0
2796551,0056015040,JURADO,0027,2018-12-12 23:00:00.000,89.0
2796552,0056015040,JURADO,0027,2018-12-13 00:00:00.000,83.0
2796553,0056015040,JURADO,0027,2018-12-13 01:00:00.000,83.0
2796554,0056015040,JURADO,0027,2018-12-13 02:00:00.000,82.0
2796555,0056015040,JURADO,0027,2018-12-13 03:00:00.000,85.0
2796556,0056015040,JURADO,0027,2018-12-13 04:00:00.000,84.0
2796557,0056015040,JURADO,0027,2018-12-13 05:00:00.000,82.0
2796558,0056015040,JURADO,0027,2018-12-13 06:00:00.000,86.0
2796559,0056015040,JURADO,0027,2018-12-13 07:00:00.000,86.0
2796560,0056015040,JURADO,0027,2018-12-13 08:00:00.000,85.0
2796561,0056015040,JURADO,0027,2018-12-13 09:00:00.000,79.0
2796562,0056015040,JURADO,0027,2018-12-13 10:00:00.000,69.0
2796563,0056015040,JURADO,0027,2018-12-13 11:00:00.000,72.0
2796564,0056015040,JURADO,0027,2018-12-13 12:00:00.000,75.0
2796565,0056015040,JURADO,0027,2018-12-13 13:00:00.000,76.0
2796566,0056015040,JURADO,0027,2018-12-13 14:00:00.000,78.0
2796567,0056015040,JURADO,0027,2018-12-13 15:00:00.000,81.0
2796568,0056015040,JURADO,0027,2018-12-13 16:00:00.000,83.0
2796569,0056015040,JURADO,0027,2018-12-13 17:00:00.000,84.0
2796570,0056015040,JURADO,0027,2018-12-13 18:00:00.000,86.0
2796571,0056015040,JURADO,0027,2018-12-13 19:00:00.000,87.0
2796572,0056015040,JURADO,0027,2018-12-13 20:00:00.000,88.0
2796573,0056015040,JURADO,0027,2018-12-13 21:00:00.000,90.0
2796574,0056015040,JURADO,0027,2018-12-13 22:00:00.000,92.0
2796575,0056015040,JURADO,0027,2018-12-13 23:00:00.000,92.0
2796576,0056015040,JURADO,0027,2018-12-14 00:00:00.000,93.0
2796577,0056015040,JURADO,0027,2018-12-14 01:00:00.000,93.0
2796578,0056015040,JURADO,0027,2018-12-14 02:00:00.000,94.0
2796579,0056015040,JURADO,0027,2018-12-14 03:00:00.000,94.0
2796580,0056015040,JURADO,0027,2018-12-14 04:00:00.000,94.0
2796581,0056015040,JURADO,0027,2018-12-14 05:00:00.000,94.0
2796582,0056015040,JURADO,0027,2018-12-14 06:00:00.000,94.0
2796583,0056015040,JURADO,0027,2018-12-14 07:00:00.000,94.0
2796584,0056015040,JURADO,0027,2018-12-14 08:00:00.000,93.0
2796585,0056015040,JURADO,0027,2018-12-14 09:00:00.000,90.0
2796586,0056015040,JURADO,0027,2018-12-14 10:00:00.000,86.0
2796587,0056015040,JURADO,0027,2018-12-14 11:00:00.000,73.0
2796588,0056015040,JURADO,0027,2018-12-14 12:00:00.000,75.0
2796589,0056015040,JURADO,0027,2018-12-14 13:00:00.000,78.0
2796590,0056015040,JURADO,0027,2018-12-14 14:00:00.000,81.0
2796591,0056015040,JURADO,0027,2018-12-14 15:00:00.000,85.0
2796592,0056015040,JURADO,0027,2018-12-14 16:00:00.000,85.0
2796593,0056015040,JURADO,0027,2018-12-14 17:00:00.000,84.0
2796594,0056015040,JURADO,0027,2018-12-14 18:00:00.000,83.0
2796595,0056015040,JURADO,0027,2018-12-14 19:00:00.000,84.0
2796596,0056015040,JURADO,0027,2018-12-14 20:00:00.000,87.0
2796597,0056015040,JURADO,0027,2018-12-14 21:00:00.000,90.0
2796598,0056015040,JURADO,0027,2018-12-14 22:00:00.000,92.0
2796599,0056015040,JURADO,0027,2018-12-14 23:00:00.000,93.0
2796600,0056015040,JURADO,0027,2018-12-15 00:00:00.000,93.0
2796601,0056015040,JURADO,0027,2018-12-15 01:00:00.000,94.0
2796602,0056015040,JURADO,0027,2018-12-15 02:00:00.000,94.0
2796603,0056015040,JURADO,0027,2018-12-15 03:00:00.000,94.0
2796604,0056015040,JURADO,0027,2018-12-15 04:00:00.000,94.0
2796605,0056015040,JURADO,0027,2018-12-15 05:00:00.000,95.0
2796606,0056015040,JURADO,0027,2018-12-15 06:00:00.000,95.0
2796607,0056015040,JURADO,0027,2018-12-15 07:00:00.000,95.0
2796608,0056015040,JURADO,0027,2018-12-15 08:00:00.000,95.0
2796609,0056015040,JURADO,0027,2018-12-15 09:00:00.000,93.0
2796610,0056015040,JURADO,0027,2018-12-15 10:00:00.000,91.0
2796611,0056015040,JURADO,0027,2018-12-15 11:00:00.000,84.0
2796612,0056015040,JURADO,0027,2018-12-15 12:00:00.000,81.0
2796613,0056015040,JURADO,0027,2018-12-15 13:00:00.000,83.0
2796614,0056015040,JURADO,0027,2018-12-15 14:00:00.000,83.0
2796615,0056015040,JURADO,0027,2018-12-15 15:00:00.000,83.0
2796616,0056015040,JURADO,0027,2018-12-15 16:00:00.000,83.0
2796617,0056015040,JURADO,0027,2018-12-15 17:00:00.000,82.0
2796618,0056015040,JURADO,0027,2018-12-15 18:00:00.000,82.0
2796619,0056015040,JURADO,0027,2018-12-15 19:00:00.000,84.0
2796620,0056015040,JURADO,0027,2018-12-15 20:00:00.000,89.0
2796621,0056015040,JURADO,0027,2018-12-15 21:00:00.000,91.0
2796622,0056015040,JURADO,0027,2018-12-15 22:00:00.000,92.0
2796623,0056015040,JURADO,0027,2018-12-15 23:00:00.000,93.0
2796624,0056015040,JURADO,0027,2018-12-16 00:00:00.000,94.0
2796625,0056015040,JURADO,0027,2018-12-16 01:00:00.000,94.0
2796626,0056015040,JURADO,0027,2018-12-16 02:00:00.000,94.0
2796627,0056015040,JURADO,0027,2018-12-16 03:00:00.000,93.0
2796628,0056015040,JURADO,0027,2018-12-16 04:00:00.000,93.0
2796629,0056015040,JURADO,0027,2018-12-16 05:00:00.000,91.0
2796630,0056015040,JURADO,0027,2018-12-16 06:00:00.000,91.0
2796631,0056015040,JURADO,0027,2018-12-16 07:00:00.000,91.0
2796632,0056015040,JURADO,0027,2018-12-16 08:00:00.000,87.0
2796633,0056015040,JURADO,0027,2018-12-16 09:00:00.000,79.0
2796634,0056015040,JURADO,0027,2018-12-16 10:00:00.000,69.0
2796635,0056015040,JURADO,0027,2018-12-16 11:00:00.000,71.0
2796636,0056015040,JURADO,0027,2018-12-16 12:00:00.000,71.0
2796637,0056015040,JURADO,0027,2018-12-16 13:00:00.000,70.0
2796638,0056015040,JURADO,0027,2018-12-16 14:00:00.000,73.0
2796639,0056015040,JURADO,0027,2018-12-16 15:00:00.000,70.0
2796640,0056015040,JURADO,0027,2018-12-16 16:00:00.000,74.0
2796641,0056015040,JURADO,0027,2018-12-16 17:00:00.000,76.0
2796642,0056015040,JURADO,0027,2018-12-16 18:00:00.000,81.0
2796643,0056015040,JURADO,0027,2018-12-16 19:00:00.000,84.0
2796644,0056015040,JURADO,0027,2018-12-16 20:00:00.000,90.0
2796645,0056015040,JURADO,0027,2018-12-16 21:00:00.000,91.0
2796646,0056015040,JURADO,0027,2018-12-16 22:00:00.000,92.0
2796647,0056015040,JURADO,0027,2018-12-16 23:00:00.000,90.0
2796648,0056015040,JURADO,0027,2018-12-17 00:00:00.000,85.0
2796649,0056015040,JURADO,0027,2018-12-17 01:00:00.000,85.0
2796650,0056015040,JURADO,0027,2018-12-17 02:00:00.000,87.0
2796651,0056015040,JURADO,0027,2018-12-17 03:00:00.000,87.0
2796652,0056015040,JURADO,0027,2018-12-17 04:00:00.000,90.0
2796653,0056015040,JURADO,0027,2018-12-17 05:00:00.000,90.0
2796654,0056015040,JURADO,0027,2018-12-17 06:00:00.000,89.0
2796655,0056015040,JURADO,0027,2018-12-17 07:00:00.000,88.0
2796656,0056015040,JURADO,0027,2018-12-17 08:00:00.000,86.0
2796657,0056015040,JURADO,0027,2018-12-17 09:00:00.000,78.0
2796658,0056015040,JURADO,0027,2018-12-17 10:00:00.000,70.0
2796659,0056015040,JURADO,0027,2018-12-17 11:00:00.000,64.0
2796660,0056015040,JURADO,0027,2018-12-17 12:00:00.000,55.0
2796661,0056015040,JURADO,0027,2018-12-17 13:00:00.000,73.0
2796662,0056015040,JURADO,0027,2018-12-17 14:00:00.000,77.0
2796663,0056015040,JURADO,0027,2018-12-17 15:00:00.000,79.0
2796664,0056015040,JURADO,0027,2018-12-17 16:00:00.000,73.0
2796665,0056015040,JURADO,0027,2018-12-17 17:00:00.000,74.0
2796666,0056015040,JURADO,0027,2018-12-17 18:00:00.000,77.0
2796667,0056015040,JURADO,0027,2018-12-17 19:00:00.000,87.0
2796668,0056015040,JURADO,0027,2018-12-17 20:00:00.000,90.0
2796669,0056015040,JURADO,0027,2018-12-17 21:00:00.000,92.0
2796670,0056015040,JURADO,0027,2018-12-17 22:00:00.000,93.0
2796671,0056015040,JURADO,0027,2018-12-17 23:00:00.000,93.0
2796672,0056015040,JURADO,0027,2018-12-18 00:00:00.000,93.0
2796673,0056015040,JURADO,0027,2018-12-18 01:00:00.000,92.0
2796674,0056015040,JURADO,0027,2018-12-18 02:00:00.000,91.0
2796675,0056015040,JURADO,0027,2018-12-18 03:00:00.000,89.0
2796676,0056015040,JURADO,0027,2018-12-18 04:00:00.000,88.0
2796677,0056015040,JURADO,0027,2018-12-18 05:00:00.000,87.0
2796678,0056015040,JURADO,0027,2018-12-18 06:00:00.000,86.0
2796679,0056015040,JURADO,0027,2018-12-18 07:00:00.000,86.0
2796680,0056015040,JURADO,0027,2018-12-18 08:00:00.000,87.0
2796681,0056015040,JURADO,0027,2018-12-18 09:00:00.000,87.0
2796682,0056015040,JURADO,0027,2018-12-18 10:00:00.000,85.0
2796683,0056015040,JURADO,0027,2018-12-18 11:00:00.000,68.0
2796684,0056015040,JURADO,0027,2018-12-18 12:00:00.000,62.0
2796685,0056015040,JURADO,0027,2018-12-18 13:00:00.000,69.0
2796686,0056015040,JURADO,0027,2018-12-18 14:00:00.000,70.0
2796687,0056015040,JURADO,0027,2018-12-18 15:00:00.000,72.0
2796688,0056015040,JURADO,0027,2018-12-18 16:00:00.000,75.0
2796689,0056015040,JURADO,0027,2018-12-18 17:00:00.000,78.0
2796690,0056015040,JURADO,0027,2018-12-18 18:00:00.000,85.0
2796691,0056015040,JURADO,0027,2018-12-18 19:00:00.000,89.0
2796692,0056015040,JURADO,0027,2018-12-18 20:00:00.000,91.0
2796693,0056015040,JURADO,0027,2018-12-18 21:00:00.000,92.0
2796694,0056015040,JURADO,0027,2018-12-18 22:00:00.000,92.0
2796695,0056015040,JURADO,0027,2018-12-18 23:00:00.000,93.0
2796696,0056015040,JURADO,0027,2018-12-19 00:00:00.000,93.0
2796697,0056015040,JURADO,0027,2018-12-19 01:00:00.000,93.0
2796698,0056015040,JURADO,0027,2018-12-19 02:00:00.000,93.0
2796699,0056015040,JURADO,0027,2018-12-19 03:00:00.000,92.0
2796700,0056015040,JURADO,0027,2018-12-19 04:00:00.000,91.0
2796701,0056015040,JURADO,0027,2018-12-19 05:00:00.000,91.0
2796702,0056015040,JURADO,0027,2018-12-19 06:00:00.000,90.0
2796703,0056015040,JURADO,0027,2018-12-19 07:00:00.000,90.0
2796704,0056015040,JURADO,0027,2018-12-19 08:00:00.000,87.0
2796705,0056015040,JURADO,0027,2018-12-19 09:00:00.000,79.0
2796706,0056015040,JURADO,0027,2018-12-19 10:00:00.000,69.0
2796707,0056015040,JURADO,0027,2018-12-19 11:00:00.000,66.0
2796708,0056015040,JURADO,0027,2018-12-19 12:00:00.000,72.0
2796709,0056015040,JURADO,0027,2018-12-19 13:00:00.000,69.0
2796710,0056015040,JURADO,0027,2018-12-19 14:00:00.000,71.0
2796711,0056015040,JURADO,0027,2018-12-19 15:00:00.000,72.0
2796712,0056015040,JURADO,0027,2018-12-19 16:00:00.000,73.0
2796713,0056015040,JURADO,0027,2018-12-19 17:00:00.000,78.0
2796714,0056015040,JURADO,0027,2018-12-19 18:00:00.000,80.0
2796715,0056015040,JURADO,0027,2018-12-19 19:00:00.000,86.0
2796716,0056015040,JURADO,0027,2018-12-19 20:00:00.000,90.0
2796717,0056015040,JURADO,0027,2018-12-19 21:00:00.000,91.0
2796718,0056015040,JURADO,0027,2018-12-19 22:00:00.000,92.0
2796719,0056015040,JURADO,0027,2018-12-19 23:00:00.000,93.0
2796720,0056015040,JURADO,0027,2018-12-20 00:00:00.000,93.0
2796721,0056015040,JURADO,0027,2018-12-20 01:00:00.000,93.0
2796722,0056015040,JURADO,0027,2018-12-20 02:00:00.000,93.0
2796723,0056015040,JURADO,0027,2018-12-20 03:00:00.000,93.0
2796724,0056015040,JURADO,0027,2018-12-20 04:00:00.000,92.0
2796725,0056015040,JURADO,0027,2018-12-20 05:00:00.000,92.0
2796726,0056015040,JURADO,0027,2018-12-20 06:00:00.000,92.0
2796727,0056015040,JURADO,0027,2018-12-20 07:00:00.000,91.0
2796728,0056015040,JURADO,0027,2018-12-20 08:00:00.000,91.0
2796729,0056015040,JURADO,0027,2018-12-20 09:00:00.000,90.0
2796730,0056015040,JURADO,0027,2018-12-20 10:00:00.000,87.0
2796731,0056015040,JURADO,0027,2018-12-20 11:00:00.000,81.0
2796732,0056015040,JURADO,0027,2018-12-20 12:00:00.000,77.0
2796733,0056015040,JURADO,0027,2018-12-20 13:00:00.000,74.0
2796734,0056015040,JURADO,0027,2018-12-20 14:00:00.000,75.0
2796735,0056015040,JURADO,0027,2018-12-20 15:00:00.000,80.0
2796736,0056015040,JURADO,0027,2018-12-20 16:00:00.000,80.0
2796737,0056015040,JURADO,0027,2018-12-20 17:00:00.000,82.0
2796738,0056015040,JURADO,0027,2018-12-20 18:00:00.000,83.0
2796739,0056015040,JURADO,0027,2018-12-20 19:00:00.000,83.0
2796740,0056015040,JURADO,0027,2018-12-20 20:00:00.000,88.0
2796741,0056015040,JURADO,0027,2018-12-20 21:00:00.000,91.0
2796742,0056015040,JURADO,0027,2018-12-20 22:00:00.000,92.0
2796743,0056015040,JURADO,0027,2018-12-20 23:00:00.000,93.0
2796744,0056015040,JURADO,0027,2018-12-21 00:00:00.000,93.0
2796745,0056015040,JURADO,0027,2018-12-21 01:00:00.000,94.0
2796746,0056015040,JURADO,0027,2018-12-21 02:00:00.000,94.0
2796747,0056015040,JURADO,0027,2018-12-21 03:00:00.000,94.0
2796748,0056015040,JURADO,0027,2018-12-21 04:00:00.000,94.0
2796749,0056015040,JURADO,0027,2018-12-21 05:00:00.000,94.0
2796750,0056015040,JURADO,0027,2018-12-21 06:00:00.000,94.0
2796751,0056015040,JURADO,0027,2018-12-21 07:00:00.000,94.0
2796752,0056015040,JURADO,0027,2018-12-21 08:00:00.000,92.0
2796753,0056015040,JURADO,0027,2018-12-21 09:00:00.000,90.0
2796754,0056015040,JURADO,0027,2018-12-21 10:00:00.000,72.0
2796755,0056015040,JURADO,0027,2018-12-21 11:00:00.000,70.0
2796756,0056015040,JURADO,0027,2018-12-21 12:00:00.000,73.0
2796757,0056015040,JURADO,0027,2018-12-21 13:00:00.000,76.0
2796758,0056015040,JURADO,0027,2018-12-21 14:00:00.000,79.0
2796759,0056015040,JURADO,0027,2018-12-21 15:00:00.000,79.0
2796760,0056015040,JURADO,0027,2018-12-21 16:00:00.000,86.0
2796761,0056015040,JURADO,0027,2018-12-21 17:00:00.000,82.0
2796762,0056015040,JURADO,0027,2018-12-21 18:00:00.000,86.0
2796763,0056015040,JURADO,0027,2018-12-21 19:00:00.000,90.0
2796764,0056015040,JURADO,0027,2018-12-21 20:00:00.000,92.0
2796765,0056015040,JURADO,0027,2018-12-21 21:00:00.000,93.0
2796766,0056015040,JURADO,0027,2018-12-21 22:00:00.000,93.0
2796767,0056015040,JURADO,0027,2018-12-21 23:00:00.000,94.0
2796768,0056015040,JURADO,0027,2018-12-22 00:00:00.000,93.0
2796769,0056015040,JURADO,0027,2018-12-22 01:00:00.000,93.0
2796770,0056015040,JURADO,0027,2018-12-22 02:00:00.000,93.0
2796771,0056015040,JURADO,0027,2018-12-22 03:00:00.000,92.0
2796772,0056015040,JURADO,0027,2018-12-22 04:00:00.000,91.0
2796773,0056015040,JURADO,0027,2018-12-22 05:00:00.000,90.0
2796774,0056015040,JURADO,0027,2018-12-22 06:00:00.000,90.0
2796775,0056015040,JURADO,0027,2018-12-22 07:00:00.000,90.0
2796776,0056015040,JURADO,0027,2018-12-22 08:00:00.000,85.0
2796777,0056015040,JURADO,0027,2018-12-22 09:00:00.000,73.0
2796778,0056015040,JURADO,0027,2018-12-22 10:00:00.000,65.0
2796779,0056015040,JURADO,0027,2018-12-22 11:00:00.000,66.0
2796780,0056015040,JURADO,0027,2018-12-22 12:00:00.000,72.0
2796781,0056015040,JURADO,0027,2018-12-22 13:00:00.000,70.0
2796782,0056015040,JURADO,0027,2018-12-22 14:00:00.000,69.0
2796783,0056015040,JURADO,0027,2018-12-22 15:00:00.000,72.0
2796784,0056015040,JURADO,0027,2018-12-22 16:00:00.000,75.0
2796785,0056015040,JURADO,0027,2018-12-22 17:00:00.000,80.0
2796786,0056015040,JURADO,0027,2018-12-22 18:00:00.000,81.0
2796787,0056015040,JURADO,0027,2018-12-22 19:00:00.000,84.0
2796788,0056015040,JURADO,0027,2018-12-22 20:00:00.000,89.0
2796789,0056015040,JURADO,0027,2018-12-22 21:00:00.000,90.0
2796790,0056015040,JURADO,0027,2018-12-22 22:00:00.000,91.0
2796791,0056015040,JURADO,0027,2018-12-22 23:00:00.000,89.0
2796792,0056015040,JURADO,0027,2018-12-23 00:00:00.000,90.0
2796793,0056015040,JURADO,0027,2018-12-23 01:00:00.000,88.0
2796794,0056015040,JURADO,0027,2018-12-23 02:00:00.000,87.0
2796795,0056015040,JURADO,0027,2018-12-23 03:00:00.000,86.0
2796796,0056015040,JURADO,0027,2018-12-23 04:00:00.000,86.0
2796797,0056015040,JURADO,0027,2018-12-23 05:00:00.000,87.0
2796798,0056015040,JURADO,0027,2018-12-23 06:00:00.000,84.0
2796799,0056015040,JURADO,0027,2018-12-23 07:00:00.000,84.0
2796800,0056015040,JURADO,0027,2018-12-23 08:00:00.000,80.0
2796801,0056015040,JURADO,0027,2018-12-23 09:00:00.000,70.0
2796802,0056015040,JURADO,0027,2018-12-23 10:00:00.000,64.0
2796803,0056015040,JURADO,0027,2018-12-23 11:00:00.000,69.0
2796804,0056015040,JURADO,0027,2018-12-23 12:00:00.000,73.0
2796805,0056015040,JURADO,0027,2018-12-23 13:00:00.000,80.0
2796806,0056015040,JURADO,0027,2018-12-23 14:00:00.000,75.0
2796807,0056015040,JURADO,0027,2018-12-23 15:00:00.000,75.0
2796808,0056015040,JURADO,0027,2018-12-23 16:00:00.000,75.0
2796809,0056015040,JURADO,0027,2018-12-23 17:00:00.000,79.0
2796810,0056015040,JURADO,0027,2018-12-23 18:00:00.000,79.0
2796811,0056015040,JURADO,0027,2018-12-23 19:00:00.000,84.0
2796812,0056015040,JURADO,0027,2018-12-23 20:00:00.000,89.0
2796813,0056015040,JURADO,0027,2018-12-23 21:00:00.000,91.0
2796814,0056015040,JURADO,0027,2018-12-23 22:00:00.000,92.0
2796815,0056015040,JURADO,0027,2018-12-23 23:00:00.000,92.0
2796816,0056015040,JURADO,0027,2018-12-24 00:00:00.000,91.0
2796817,0056015040,JURADO,0027,2018-12-24 01:00:00.000,90.0
2796818,0056015040,JURADO,0027,2018-12-24 02:00:00.000,88.0
2796819,0056015040,JURADO,0027,2018-12-24 03:00:00.000,86.0
2796820,0056015040,JURADO,0027,2018-12-24 04:00:00.000,85.0
2796821,0056015040,JURADO,0027,2018-12-24 05:00:00.000,86.0
2796822,0056015040,JURADO,0027,2018-12-24 06:00:00.000,85.0
2796823,0056015040,JURADO,0027,2018-12-24 07:00:00.000,87.0
2796824,0056015040,JURADO,0027,2018-12-24 08:00:00.000,87.0
2796825,0056015040,JURADO,0027,2018-12-24 09:00:00.000,83.0
2796826,0056015040,JURADO,0027,2018-12-24 10:00:00.000,69.0
2796827,0056015040,JURADO,0027,2018-12-24 11:00:00.000,65.0
2796828,0056015040,JURADO,0027,2018-12-24 12:00:00.000,71.0
2796829,0056015040,JURADO,0027,2018-12-24 13:00:00.000,71.0
2796830,0056015040,JURADO,0027,2018-12-24 14:00:00.000,69.0
2796831,0056015040,JURADO,0027,2018-12-24 15:00:00.000,71.0
2796832,0056015040,JURADO,0027,2018-12-24 16:00:00.000,74.0
2796833,0056015040,JURADO,0027,2018-12-24 17:00:00.000,79.0
2796834,0056015040,JURADO,0027,2018-12-24 18:00:00.000,80.0
2796835,0056015040,JURADO,0027,2018-12-24 19:00:00.000,83.0
2796836,0056015040,JURADO,0027,2018-12-24 20:00:00.000,88.0
2796837,0056015040,JURADO,0027,2018-12-24 21:00:00.000,89.0
2796838,0056015040,JURADO,0027,2018-12-24 22:00:00.000,91.0
2796839,0056015040,JURADO,0027,2018-12-24 23:00:00.000,92.0
2796840,0056015040,JURADO,0027,2018-12-25 00:00:00.000,92.0
2796841,0056015040,JURADO,0027,2018-12-25 01:00:00.000,91.0
2796842,0056015040,JURADO,0027,2018-12-25 02:00:00.000,87.0
2796843,0056015040,JURADO,0027,2018-12-25 03:00:00.000,84.0
2796844,0056015040,JURADO,0027,2018-12-25 04:00:00.000,83.0
2796845,0056015040,JURADO,0027,2018-12-25 05:00:00.000,82.0
2796846,0056015040,JURADO,0027,2018-12-25 06:00:00.000,83.0
2796847,0056015040,JURADO,0027,2018-12-25 07:00:00.000,85.0
2796848,0056015040,JURADO,0027,2018-12-25 08:00:00.000,78.0
2796849,0056015040,JURADO,0027,2018-12-25 09:00:00.000,75.0
2796850,0056015040,JURADO,0027,2018-12-25 10:00:00.000,70.0
2796851,0056015040,JURADO,0027,2018-12-25 11:00:00.000,57.0
2796852,0056015040,JURADO,0027,2018-12-25 12:00:00.000,71.0
2796853,0056015040,JURADO,0027,2018-12-25 13:00:00.000,72.0
2796854,0056015040,JURADO,0027,2018-12-25 14:00:00.000,70.0
2796855,0056015040,JURADO,0027,2018-12-25 15:00:00.000,71.0
2796856,0056015040,JURADO,0027,2018-12-25 16:00:00.000,72.0
2796857,0056015040,JURADO,0027,2018-12-25 17:00:00.000,73.0
2796858,0056015040,JURADO,0027,2018-12-25 18:00:00.000,75.0
2796859,0056015040,JURADO,0027,2018-12-25 19:00:00.000,83.0
2796860,0056015040,JURADO,0027,2018-12-25 20:00:00.000,88.0
2796861,0056015040,JURADO,0027,2018-12-25 21:00:00.000,89.0
2796862,0056015040,JURADO,0027,2018-12-25 22:00:00.000,90.0
2796863,0056015040,JURADO,0027,2018-12-25 23:00:00.000,90.0
2796864,0056015040,JURADO,0027,2018-12-26 00:00:00.000,86.0
2796865,0056015040,JURADO,0027,2018-12-26 01:00:00.000,85.0
2796866,0056015040,JURADO,0027,2018-12-26 02:00:00.000,81.0
2796867,0056015040,JURADO,0027,2018-12-26 03:00:00.000,80.0
2796868,0056015040,JURADO,0027,2018-12-26 04:00:00.000,80.0
2796869,0056015040,JURADO,0027,2018-12-26 05:00:00.000,81.0
2796870,0056015040,JURADO,0027,2018-12-26 06:00:00.000,84.0
2796871,0056015040,JURADO,0027,2018-12-26 07:00:00.000,84.0
2796872,0056015040,JURADO,0027,2018-12-26 08:00:00.000,82.0
2796873,0056015040,JURADO,0027,2018-12-26 09:00:00.000,70.0
2796874,0056015040,JURADO,0027,2018-12-26 10:00:00.000,66.0
2796875,0056015040,JURADO,0027,2018-12-26 11:00:00.000,65.0
2796876,0056015040,JURADO,0027,2018-12-26 12:00:00.000,69.0
2796877,0056015040,JURADO,0027,2018-12-26 13:00:00.000,69.0
2796878,0056015040,JURADO,0027,2018-12-26 14:00:00.000,65.0
2796879,0056015040,JURADO,0027,2018-12-26 15:00:00.000,68.0
2796880,0056015040,JURADO,0027,2018-12-26 16:00:00.000,68.0
2796881,0056015040,JURADO,0027,2018-12-26 17:00:00.000,71.0
2796882,0056015040,JURADO,0027,2018-12-26 18:00:00.000,72.0
2796883,0056015040,JURADO,0027,2018-12-26 19:00:00.000,81.0
2796884,0056015040,JURADO,0027,2018-12-26 20:00:00.000,87.0
2796885,0056015040,JURADO,0027,2018-12-26 21:00:00.000,89.0
2796886,0056015040,JURADO,0027,2018-12-26 22:00:00.000,89.0
2796887,0056015040,JURADO,0027,2018-12-26 23:00:00.000,89.0
2796888,0056015040,JURADO,0027,2018-12-27 00:00:00.000,88.0
2796889,0056015040,JURADO,0027,2018-12-27 01:00:00.000,85.0
2796890,0056015040,JURADO,0027,2018-12-27 02:00:00.000,85.0
2796891,0056015040,JURADO,0027,2018-12-27 03:00:00.000,85.0
2796892,0056015040,JURADO,0027,2018-12-27 04:00:00.000,84.0
2796893,0056015040,JURADO,0027,2018-12-27 05:00:00.000,84.0
2796894,0056015040,JURADO,0027,2018-12-27 06:00:00.000,86.0
2796895,0056015040,JURADO,0027,2018-12-27 07:00:00.000,85.0
2796896,0056015040,JURADO,0027,2018-12-27 08:00:00.000,82.0
2796897,0056015040,JURADO,0027,2018-12-27 09:00:00.000,73.0
2796898,0056015040,JURADO,0027,2018-12-27 10:00:00.000,66.0
2796899,0056015040,JURADO,0027,2018-12-27 11:00:00.000,67.0
2796900,0056015040,JURADO,0027,2018-12-27 12:00:00.000,70.0
2796901,0056015040,JURADO,0027,2018-12-27 13:00:00.000,71.0
2796902,0056015040,JURADO,0027,2018-12-27 14:00:00.000,70.0
2796903,0056015040,JURADO,0027,2018-12-27 15:00:00.000,70.0
2796904,0056015040,JURADO,0027,2018-12-27 16:00:00.000,70.0
2796905,0056015040,JURADO,0027,2018-12-27 17:00:00.000,72.0
2796906,0056015040,JURADO,0027,2018-12-27 18:00:00.000,77.0
2796907,0056015040,JURADO,0027,2018-12-27 19:00:00.000,79.0
2796908,0056015040,JURADO,0027,2018-12-27 20:00:00.000,84.0
2796909,0056015040,JURADO,0027,2018-12-27 21:00:00.000,88.0
2796910,0056015040,JURADO,0027,2018-12-27 22:00:00.000,89.0
2796911,0056015040,JURADO,0027,2018-12-27 23:00:00.000,90.0
2796912,0056015040,JURADO,0027,2018-12-28 00:00:00.000,87.0
2796913,0056015040,JURADO,0027,2018-12-28 01:00:00.000,86.0
2796914,0056015040,JURADO,0027,2018-12-28 02:00:00.000,87.0
2796915,0056015040,JURADO,0027,2018-12-28 03:00:00.000,87.0
2796916,0056015040,JURADO,0027,2018-12-28 04:00:00.000,87.0
2796917,0056015040,JURADO,0027,2018-12-28 05:00:00.000,87.0
2796918,0056015040,JURADO,0027,2018-12-28 06:00:00.000,85.0
2796919,0056015040,JURADO,0027,2018-12-28 07:00:00.000,86.0
2796920,0056015040,JURADO,0027,2018-12-28 08:00:00.000,82.0
2796921,0056015040,JURADO,0027,2018-12-28 09:00:00.000,73.0
2796922,0056015040,JURADO,0027,2018-12-28 10:00:00.000,67.0
2796923,0056015040,JURADO,0027,2018-12-28 11:00:00.000,73.0
2796924,0056015040,JURADO,0027,2018-12-28 12:00:00.000,74.0
2796925,0056015040,JURADO,0027,2018-12-28 13:00:00.000,75.0
2796926,0056015040,JURADO,0027,2018-12-28 14:00:00.000,70.0
2796927,0056015040,JURADO,0027,2018-12-28 15:00:00.000,73.0
2796928,0056015040,JURADO,0027,2018-12-28 16:00:00.000,70.0
2796929,0056015040,JURADO,0027,2018-12-28 17:00:00.000,72.0
2796930,0056015040,JURADO,0027,2018-12-28 18:00:00.000,76.0
2796931,0056015040,JURADO,0027,2018-12-28 19:00:00.000,82.0
2796932,0056015040,JURADO,0027,2018-12-28 20:00:00.000,87.0
2796933,0056015040,JURADO,0027,2018-12-28 21:00:00.000,89.0
2796934,0056015040,JURADO,0027,2018-12-28 22:00:00.000,91.0
2796935,0056015040,JURADO,0027,2018-12-28 23:00:00.000,92.0
2796936,0056015040,JURADO,0027,2018-12-29 00:00:00.000,92.0
2796937,0056015040,JURADO,0027,2018-12-29 01:00:00.000,91.0
2796938,0056015040,JURADO,0027,2018-12-29 02:00:00.000,89.0
2796939,0056015040,JURADO,0027,2018-12-29 03:00:00.000,86.0
2796940,0056015040,JURADO,0027,2018-12-29 04:00:00.000,87.0
2796941,0056015040,JURADO,0027,2018-12-29 05:00:00.000,87.0
2796942,0056015040,JURADO,0027,2018-12-29 06:00:00.000,87.0
2796943,0056015040,JURADO,0027,2018-12-29 07:00:00.000,87.0
2796944,0056015040,JURADO,0027,2018-12-29 08:00:00.000,80.0
2796945,0056015040,JURADO,0027,2018-12-29 09:00:00.000,72.0
2796946,0056015040,JURADO,0027,2018-12-29 10:00:00.000,67.0
2796947,0056015040,JURADO,0027,2018-12-29 11:00:00.000,68.0
2796948,0056015040,JURADO,0027,2018-12-29 12:00:00.000,74.0
2796949,0056015040,JURADO,0027,2018-12-29 13:00:00.000,68.0
2796950,0056015040,JURADO,0027,2018-12-29 14:00:00.000,69.0
2796951,0056015040,JURADO,0027,2018-12-29 15:00:00.000,70.0
2796952,0056015040,JURADO,0027,2018-12-29 16:00:00.000,70.0
2796953,0056015040,JURADO,0027,2018-12-29 17:00:00.000,70.0
2796954,0056015040,JURADO,0027,2018-12-29 18:00:00.000,72.0
2796955,0056015040,JURADO,0027,2018-12-29 19:00:00.000,77.0
2796956,0056015040,JURADO,0027,2018-12-29 20:00:00.000,84.0
2796957,0056015040,JURADO,0027,2018-12-29 21:00:00.000,87.0
2796958,0056015040,JURADO,0027,2018-12-29 22:00:00.000,89.0
2796959,0056015040,JURADO,0027,2018-12-29 23:00:00.000,90.0
2796960,0056015040,JURADO,0027,2018-12-30 00:00:00.000,91.0
2796961,0056015040,JURADO,0027,2018-12-30 01:00:00.000,88.0
2796962,0056015040,JURADO,0027,2018-12-30 02:00:00.000,84.0
2796963,0056015040,JURADO,0027,2018-12-30 03:00:00.000,83.0
2796964,0056015040,JURADO,0027,2018-12-30 04:00:00.000,84.0
2796965,0056015040,JURADO,0027,2018-12-30 05:00:00.000,85.0
2796966,0056015040,JURADO,0027,2018-12-30 06:00:00.000,85.0
2796967,0056015040,JURADO,0027,2018-12-30 07:00:00.000,86.0
2796968,0056015040,JURADO,0027,2018-12-30 08:00:00.000,81.0
2796969,0056015040,JURADO,0027,2018-12-30 09:00:00.000,71.0
2796970,0056015040,JURADO,0027,2018-12-30 10:00:00.000,66.0
2796971,0056015040,JURADO,0027,2018-12-30 11:00:00.000,68.0
2796972,0056015040,JURADO,0027,2018-12-30 12:00:00.000,71.0
2796973,0056015040,JURADO,0027,2018-12-30 13:00:00.000,67.0
2796974,0056015040,JURADO,0027,2018-12-30 14:00:00.000,67.0
2796975,0056015040,JURADO,0027,2018-12-30 15:00:00.000,70.0
2796976,0056015040,JURADO,0027,2018-12-30 16:00:00.000,71.0
2796977,0056015040,JURADO,0027,2018-12-30 17:00:00.000,74.0
2796978,0056015040,JURADO,0027,2018-12-30 18:00:00.000,78.0
2796979,0056015040,JURADO,0027,2018-12-30 19:00:00.000,81.0
2796980,0056015040,JURADO,0027,2018-12-30 20:00:00.000,85.0
2796981,0056015040,JURADO,0027,2018-12-30 21:00:00.000,88.0
2796982,0056015040,JURADO,0027,2018-12-30 22:00:00.000,89.0
2796983,0056015040,JURADO,0027,2018-12-30 23:00:00.000,88.0
2796984,0056015040,JURADO,0027,2018-12-31 00:00:00.000,87.0
2796985,0056015040,JURADO,0027,2018-12-31 01:00:00.000,86.0
2796986,0056015040,JURADO,0027,2018-12-31 02:00:00.000,86.0
2796987,0056015040,JURADO,0027,2018-12-31 03:00:00.000,82.0
2796988,0056015040,JURADO,0027,2018-12-31 04:00:00.000,82.0
2796989,0056015040,JURADO,0027,2018-12-31 05:00:00.000,78.0
2796990,0056015040,JURADO,0027,2018-12-31 06:00:00.000,77.0
2796991,0056015040,JURADO,0027,2018-12-31 07:00:00.000,78.0
2796992,0056015040,JURADO,0027,2018-12-31 08:00:00.000,79.0
2796993,0056015040,JURADO,0027,2018-12-31 09:00:00.000,76.0
2796994,0056015040,JURADO,0027,2018-12-31 10:00:00.000,67.0
2796995,0056015040,JURADO,0027,2018-12-31 11:00:00.000,56.0
2796996,0056015040,JURADO,0027,2018-12-31 12:00:00.000,69.0
2796997,0056015040,JURADO,0027,2018-12-31 13:00:00.000,70.0
2796998,0056015040,JURADO,0027,2018-12-31 14:00:00.000,68.0
2796999,0056015040,JURADO,0027,2018-12-31 15:00:00.000,69.0
2797000,0056015040,JURADO,0027,2018-12-31 16:00:00.000,70.0
2797001,0056015040,JURADO,0027,2018-12-31 17:00:00.000,71.0
2797002,0056015040,JURADO,0027,2018-12-31 18:00:00.000,73.0
2797003,0056015040,JURADO,0027,2018-12-31 19:00:00.000,83.0
2797004,0056015040,JURADO,0027,2018-12-31 20:00:00.000,87.0
2797005,0056015040,JURADO,0027,2018-12-31 21:00:00.000,89.0
2797006,0056015040,JURADO,0027,2018-12-31 22:00:00.000,91.0
2797007,0056015040,JURADO,0027,2018-12-31 23:00:00.000,88.0
2797008,0056015040,JURADO,0027,2019-01-01 00:00:00.000,85.0
2797009,0056015040,JURADO,0027,2019-01-01 01:00:00.000,85.0
2797010,0056015040,JURADO,0027,2019-01-01 02:00:00.000,87.0
2797011,0056015040,JURADO,0027,2019-01-01 03:00:00.000,86.0
2797012,0056015040,JURADO,0027,2019-01-01 04:00:00.000,87.0
6310267,0056015040,JURADO,0027,2019-01-01 05:00:00.000,88.0
6310268,0056015040,JURADO,0027,2019-01-01 06:00:00.000,90.0
6310269,0056015040,JURADO,0027,2019-01-01 07:00:00.000,89.0
6310270,0056015040,JURADO,0027,2019-01-01 08:00:00.000,85.0
6310271,0056015040,JURADO,0027,2019-01-01 09:00:00.000,74.0
6310272,0056015040,JURADO,0027,2019-01-01 10:00:00.000,66.0
6310273,0056015040,JURADO,0027,2019-01-01 11:00:00.000,70.0
6310274,0056015040,JURADO,0027,2019-01-01 12:00:00.000,70.0
6310275,0056015040,JURADO,0027,2019-01-01 13:00:00.000,69.0
6310276,0056015040,JURADO,0027,2019-01-01 14:00:00.000,71.0
6310277,0056015040,JURADO,0027,2019-01-01 15:00:00.000,69.0
6310278,0056015040,JURADO,0027,2019-01-01 16:00:00.000,72.0
6310279,0056015040,JURADO,0027,2019-01-01 17:00:00.000,74.0
6310280,0056015040,JURADO,0027,2019-01-01 18:00:00.000,79.0
6310281,0056015040,JURADO,0027,2019-01-01 19:00:00.000,80.0
6310282,0056015040,JURADO,0027,2019-01-01 20:00:00.000,85.0
6310283,0056015040,JURADO,0027,2019-01-01 21:00:00.000,86.0
6310284,0056015040,JURADO,0027,2019-01-01 22:00:00.000,87.0
6310285,0056015040,JURADO,0027,2019-01-01 23:00:00.000,86.0
6310286,0056015040,JURADO,0027,2019-01-02 00:00:00.000,78.0
6310287,0056015040,JURADO,0027,2019-01-02 01:00:00.000,75.0
6310288,0056015040,JURADO,0027,2019-01-02 02:00:00.000,77.0
6310289,0056015040,JURADO,0027,2019-01-02 03:00:00.000,79.0
6310290,0056015040,JURADO,0027,2019-01-02 04:00:00.000,81.0
6310291,0056015040,JURADO,0027,2019-01-02 05:00:00.000,81.0
6310292,0056015040,JURADO,0027,2019-01-02 06:00:00.000,84.0
6310293,0056015040,JURADO,0027,2019-01-02 07:00:00.000,84.0
6310294,0056015040,JURADO,0027,2019-01-02 08:00:00.000,78.0
6310295,0056015040,JURADO,0027,2019-01-02 09:00:00.000,69.0
6310296,0056015040,JURADO,0027,2019-01-02 10:00:00.000,64.0
6310297,0056015040,JURADO,0027,2019-01-02 11:00:00.000,68.0
6310298,0056015040,JURADO,0027,2019-01-02 12:00:00.000,68.0
6310299,0056015040,JURADO,0027,2019-01-02 13:00:00.000,71.0
6310300,0056015040,JURADO,0027,2019-01-02 14:00:00.000,71.0
6310301,0056015040,JURADO,0027,2019-01-02 15:00:00.000,72.0
6310302,0056015040,JURADO,0027,2019-01-02 16:00:00.000,69.0
6310303,0056015040,JURADO,0027,2019-01-02 17:00:00.000,71.0
6310304,0056015040,JURADO,0027,2019-01-02 18:00:00.000,72.0
6310305,0056015040,JURADO,0027,2019-01-02 19:00:00.000,77.0
6310306,0056015040,JURADO,0027,2019-01-02 20:00:00.000,85.0
6310307,0056015040,JURADO,0027,2019-01-02 21:00:00.000,89.0
6310308,0056015040,JURADO,0027,2019-01-02 22:00:00.000,90.0
6310309,0056015040,JURADO,0027,2019-01-02 23:00:00.000,91.0
6310310,0056015040,JURADO,0027,2019-01-03 00:00:00.000,91.0
6310311,0056015040,JURADO,0027,2019-01-03 01:00:00.000,89.0
6310312,0056015040,JURADO,0027,2019-01-03 02:00:00.000,86.0
6310313,0056015040,JURADO,0027,2019-01-03 03:00:00.000,82.0
6310314,0056015040,JURADO,0027,2019-01-03 04:00:00.000,81.0
6310315,0056015040,JURADO,0027,2019-01-03 05:00:00.000,82.0
6310316,0056015040,JURADO,0027,2019-01-03 06:00:00.000,82.0
6310317,0056015040,JURADO,0027,2019-01-03 07:00:00.000,86.0
6310318,0056015040,JURADO,0027,2019-01-03 08:00:00.000,82.0
6310319,0056015040,JURADO,0027,2019-01-03 09:00:00.000,70.0
6310320,0056015040,JURADO,0027,2019-01-03 10:00:00.000,64.0
6310321,0056015040,JURADO,0027,2019-01-03 11:00:00.000,61.0
6310322,0056015040,JURADO,0027,2019-01-03 12:00:00.000,69.0
6310323,0056015040,JURADO,0027,2019-01-03 13:00:00.000,72.0
6310324,0056015040,JURADO,0027,2019-01-03 14:00:00.000,73.0
6310325,0056015040,JURADO,0027,2019-01-03 15:00:00.000,72.0
6310326,0056015040,JURADO,0027,2019-01-03 16:00:00.000,70.0
6310327,0056015040,JURADO,0027,2019-01-03 17:00:00.000,73.0
6310328,0056015040,JURADO,0027,2019-01-03 18:00:00.000,76.0
6310329,0056015040,JURADO,0027,2019-01-03 19:00:00.000,83.0
6310330,0056015040,JURADO,0027,2019-01-03 20:00:00.000,85.0
6310331,0056015040,JURADO,0027,2019-01-03 21:00:00.000,88.0
6310332,0056015040,JURADO,0027,2019-01-03 22:00:00.000,89.0
6310333,0056015040,JURADO,0027,2019-01-03 23:00:00.000,84.0
6310334,0056015040,JURADO,0027,2019-01-04 00:00:00.000,76.0
6310335,0056015040,JURADO,0027,2019-01-04 01:00:00.000,78.0
6310336,0056015040,JURADO,0027,2019-01-04 02:00:00.000,80.0
6310337,0056015040,JURADO,0027,2019-01-04 03:00:00.000,84.0
6310338,0056015040,JURADO,0027,2019-01-04 04:00:00.000,85.0
6310339,0056015040,JURADO,0027,2019-01-04 05:00:00.000,85.0
6310340,0056015040,JURADO,0027,2019-01-04 06:00:00.000,86.0
6310341,0056015040,JURADO,0027,2019-01-04 07:00:00.000,84.0
6310342,0056015040,JURADO,0027,2019-01-04 08:00:00.000,79.0
6310343,0056015040,JURADO,0027,2019-01-04 09:00:00.000,69.0
6310344,0056015040,JURADO,0027,2019-01-04 10:00:00.000,65.0
6310345,0056015040,JURADO,0027,2019-01-04 11:00:00.000,67.0
6310346,0056015040,JURADO,0027,2019-01-04 12:00:00.000,71.0
6310347,0056015040,JURADO,0027,2019-01-04 13:00:00.000,71.0
6310348,0056015040,JURADO,0027,2019-01-04 14:00:00.000,74.0
6310349,0056015040,JURADO,0027,2019-01-04 15:00:00.000,75.0
6310350,0056015040,JURADO,0027,2019-01-04 16:00:00.000,75.0
6310351,0056015040,JURADO,0027,2019-01-04 17:00:00.000,76.0
6310352,0056015040,JURADO,0027,2019-01-04 18:00:00.000,78.0
6310353,0056015040,JURADO,0027,2019-01-04 19:00:00.000,82.0
6310354,0056015040,JURADO,0027,2019-01-04 20:00:00.000,86.0
6310355,0056015040,JURADO,0027,2019-01-04 21:00:00.000,89.0
6310356,0056015040,JURADO,0027,2019-01-04 22:00:00.000,90.0
6310357,0056015040,JURADO,0027,2019-01-04 23:00:00.000,91.0
6310358,0056015040,JURADO,0027,2019-01-05 00:00:00.000,92.0
6310359,0056015040,JURADO,0027,2019-01-05 01:00:00.000,91.0
6310360,0056015040,JURADO,0027,2019-01-05 02:00:00.000,88.0
6310361,0056015040,JURADO,0027,2019-01-05 03:00:00.000,86.0
6310362,0056015040,JURADO,0027,2019-01-05 04:00:00.000,86.0
6310363,0056015040,JURADO,0027,2019-01-05 05:00:00.000,86.0
6310364,0056015040,JURADO,0027,2019-01-05 06:00:00.000,86.0
6310365,0056015040,JURADO,0027,2019-01-05 07:00:00.000,83.0
6310366,0056015040,JURADO,0027,2019-01-05 08:00:00.000,80.0
6310367,0056015040,JURADO,0027,2019-01-05 09:00:00.000,76.0
6310368,0056015040,JURADO,0027,2019-01-05 10:00:00.000,72.0
6310369,0056015040,JURADO,0027,2019-01-05 11:00:00.000,66.0
6310370,0056015040,JURADO,0027,2019-01-05 12:00:00.000,70.0
6310371,0056015040,JURADO,0027,2019-01-05 13:00:00.000,72.0
6310372,0056015040,JURADO,0027,2019-01-05 14:00:00.000,74.0
6310373,0056015040,JURADO,0027,2019-01-05 15:00:00.000,76.0
6310374,0056015040,JURADO,0027,2019-01-05 16:00:00.000,75.0
6310375,0056015040,JURADO,0027,2019-01-05 17:00:00.000,79.0
6310376,0056015040,JURADO,0027,2019-01-05 18:00:00.000,81.0
6310377,0056015040,JURADO,0027,2019-01-05 19:00:00.000,82.0
6310378,0056015040,JURADO,0027,2019-01-05 20:00:00.000,82.0
6310379,0056015040,JURADO,0027,2019-01-05 21:00:00.000,81.0
6310380,0056015040,JURADO,0027,2019-01-05 22:00:00.000,70.0
6310381,0056015040,JURADO,0027,2019-01-05 23:00:00.000,71.0
6310382,0056015040,JURADO,0027,2019-01-06 00:00:00.000,70.0
6310383,0056015040,JURADO,0027,2019-01-06 01:00:00.000,71.0
6310384,0056015040,JURADO,0027,2019-01-06 02:00:00.000,73.0
6310385,0056015040,JURADO,0027,2019-01-06 03:00:00.000,74.0
6310386,0056015040,JURADO,0027,2019-01-06 04:00:00.000,75.0
6310387,0056015040,JURADO,0027,2019-01-06 05:00:00.000,77.0
6310388,0056015040,JURADO,0027,2019-01-06 06:00:00.000,77.0
6310389,0056015040,JURADO,0027,2019-01-06 07:00:00.000,75.0
6310390,0056015040,JURADO,0027,2019-01-06 08:00:00.000,72.0
6310391,0056015040,JURADO,0027,2019-01-06 09:00:00.000,68.0
6310392,0056015040,JURADO,0027,2019-01-06 10:00:00.000,59.0
6310393,0056015040,JURADO,0027,2019-01-06 11:00:00.000,54.0
6310394,0056015040,JURADO,0027,2019-01-06 12:00:00.000,64.0
6310395,0056015040,JURADO,0027,2019-01-06 13:00:00.000,70.0
6310396,0056015040,JURADO,0027,2019-01-06 14:00:00.000,71.0
6310397,0056015040,JURADO,0027,2019-01-06 15:00:00.000,72.0
6310398,0056015040,JURADO,0027,2019-01-06 16:00:00.000,76.0
6310399,0056015040,JURADO,0027,2019-01-06 17:00:00.000,73.0
6310400,0056015040,JURADO,0027,2019-01-06 18:00:00.000,78.0
6310401,0056015040,JURADO,0027,2019-01-06 19:00:00.000,78.0
6310402,0056015040,JURADO,0027,2019-01-06 20:00:00.000,75.0
6310403,0056015040,JURADO,0027,2019-01-06 21:00:00.000,69.0
6310404,0056015040,JURADO,0027,2019-01-06 22:00:00.000,69.0
6310405,0056015040,JURADO,0027,2019-01-06 23:00:00.000,70.0
6310406,0056015040,JURADO,0027,2019-01-07 00:00:00.000,72.0
6310407,0056015040,JURADO,0027,2019-01-07 01:00:00.000,75.0
6310408,0056015040,JURADO,0027,2019-01-07 02:00:00.000,79.0
6310409,0056015040,JURADO,0027,2019-01-07 03:00:00.000,80.0
6310410,0056015040,JURADO,0027,2019-01-07 04:00:00.000,78.0
6310411,0056015040,JURADO,0027,2019-01-07 05:00:00.000,80.0
6310412,0056015040,JURADO,0027,2019-01-07 06:00:00.000,82.0
6310413,0056015040,JURADO,0027,2019-01-07 07:00:00.000,83.0
6310414,0056015040,JURADO,0027,2019-01-07 08:00:00.000,80.0
6310415,0056015040,JURADO,0027,2019-01-07 09:00:00.000,70.0
6310416,0056015040,JURADO,0027,2019-01-07 10:00:00.000,64.0
6310417,0056015040,JURADO,0027,2019-01-07 11:00:00.000,69.0
6310418,0056015040,JURADO,0027,2019-01-07 12:00:00.000,72.0
6310419,0056015040,JURADO,0027,2019-01-07 13:00:00.000,71.0
6310420,0056015040,JURADO,0027,2019-01-07 14:00:00.000,70.0
6310421,0056015040,JURADO,0027,2019-01-07 15:00:00.000,76.0
6310422,0056015040,JURADO,0027,2019-01-07 16:00:00.000,78.0
6310423,0056015040,JURADO,0027,2019-01-07 17:00:00.000,79.0
6310424,0056015040,JURADO,0027,2019-01-07 18:00:00.000,80.0
6310425,0056015040,JURADO,0027,2019-01-07 19:00:00.000,81.0
6310426,0056015040,JURADO,0027,2019-01-07 20:00:00.000,86.0
6310427,0056015040,JURADO,0027,2019-01-07 21:00:00.000,88.0
6310428,0056015040,JURADO,0027,2019-01-07 22:00:00.000,90.0
6310429,0056015040,JURADO,0027,2019-01-07 23:00:00.000,91.0
6310430,0056015040,JURADO,0027,2019-01-08 00:00:00.000,91.0
6310431,0056015040,JURADO,0027,2019-01-08 01:00:00.000,90.0
6310432,0056015040,JURADO,0027,2019-01-08 02:00:00.000,88.0
6310433,0056015040,JURADO,0027,2019-01-08 03:00:00.000,87.0
6310434,0056015040,JURADO,0027,2019-01-08 04:00:00.000,84.0
6310435,0056015040,JURADO,0027,2019-01-08 05:00:00.000,84.0
6310436,0056015040,JURADO,0027,2019-01-08 06:00:00.000,81.0
6310437,0056015040,JURADO,0027,2019-01-08 07:00:00.000,82.0
6310438,0056015040,JURADO,0027,2019-01-08 08:00:00.000,76.0
6310439,0056015040,JURADO,0027,2019-01-08 09:00:00.000,69.0
6310440,0056015040,JURADO,0027,2019-01-08 10:00:00.000,67.0
6310441,0056015040,JURADO,0027,2019-01-08 11:00:00.000,69.0
6310442,0056015040,JURADO,0027,2019-01-08 12:00:00.000,71.0
6310443,0056015040,JURADO,0027,2019-01-08 13:00:00.000,74.0
6310444,0056015040,JURADO,0027,2019-01-08 14:00:00.000,72.0
6310445,0056015040,JURADO,0027,2019-01-08 15:00:00.000,73.0
6310446,0056015040,JURADO,0027,2019-01-08 16:00:00.000,78.0
6310447,0056015040,JURADO,0027,2019-01-08 17:00:00.000,79.0
6310448,0056015040,JURADO,0027,2019-01-08 18:00:00.000,80.0
6310449,0056015040,JURADO,0027,2019-01-08 19:00:00.000,82.0
6310450,0056015040,JURADO,0027,2019-01-08 20:00:00.000,83.0
6310451,0056015040,JURADO,0027,2019-01-08 21:00:00.000,85.0
6310452,0056015040,JURADO,0027,2019-01-08 22:00:00.000,87.0
6310453,0056015040,JURADO,0027,2019-01-08 23:00:00.000,87.0
6310454,0056015040,JURADO,0027,2019-01-09 00:00:00.000,88.0
6310455,0056015040,JURADO,0027,2019-01-09 01:00:00.000,88.0
6310456,0056015040,JURADO,0027,2019-01-09 02:00:00.000,89.0
6310457,0056015040,JURADO,0027,2019-01-09 03:00:00.000,90.0
6310458,0056015040,JURADO,0027,2019-01-09 04:00:00.000,90.0
6310459,0056015040,JURADO,0027,2019-01-09 05:00:00.000,91.0
6310460,0056015040,JURADO,0027,2019-01-09 06:00:00.000,91.0
6310461,0056015040,JURADO,0027,2019-01-09 07:00:00.000,90.0
6310462,0056015040,JURADO,0027,2019-01-09 08:00:00.000,89.0
6310463,0056015040,JURADO,0027,2019-01-09 09:00:00.000,83.0
6310464,0056015040,JURADO,0027,2019-01-09 10:00:00.000,78.0
6310465,0056015040,JURADO,0027,2019-01-09 11:00:00.000,69.0
6310466,0056015040,JURADO,0027,2019-01-09 12:00:00.000,71.0
6310467,0056015040,JURADO,0027,2019-01-09 13:00:00.000,72.0
6310468,0056015040,JURADO,0027,2019-01-09 14:00:00.000,73.0
6310469,0056015040,JURADO,0027,2019-01-09 15:00:00.000,72.0
6310470,0056015040,JURADO,0027,2019-01-09 16:00:00.000,72.0
6310471,0056015040,JURADO,0027,2019-01-09 17:00:00.000,76.0
6310472,0056015040,JURADO,0027,2019-01-09 18:00:00.000,78.0
6310473,0056015040,JURADO,0027,2019-01-09 19:00:00.000,80.0
6310474,0056015040,JURADO,0027,2019-01-09 20:00:00.000,86.0
6310475,0056015040,JURADO,0027,2019-01-09 21:00:00.000,89.0
6310476,0056015040,JURADO,0027,2019-01-09 22:00:00.000,90.0
6310477,0056015040,JURADO,0027,2019-01-09 23:00:00.000,91.0
6310478,0056015040,JURADO,0027,2019-01-10 00:00:00.000,91.0
6310479,0056015040,JURADO,0027,2019-01-10 01:00:00.000,92.0
6310480,0056015040,JURADO,0027,2019-01-10 02:00:00.000,91.0
6310481,0056015040,JURADO,0027,2019-01-10 03:00:00.000,91.0
6310482,0056015040,JURADO,0027,2019-01-10 04:00:00.000,91.0
6310483,0056015040,JURADO,0027,2019-01-10 05:00:00.000,91.0
6310484,0056015040,JURADO,0027,2019-01-10 06:00:00.000,91.0
6310485,0056015040,JURADO,0027,2019-01-10 07:00:00.000,91.0
6310486,0056015040,JURADO,0027,2019-01-10 08:00:00.000,87.0
6310487,0056015040,JURADO,0027,2019-01-10 09:00:00.000,76.0
6310488,0056015040,JURADO,0027,2019-01-10 10:00:00.000,66.0
6310489,0056015040,JURADO,0027,2019-01-10 11:00:00.000,52.0
6310490,0056015040,JURADO,0027,2019-01-10 12:00:00.000,44.0
6310491,0056015040,JURADO,0027,2019-01-10 13:00:00.000,64.0
6310492,0056015040,JURADO,0027,2019-01-10 14:00:00.000,62.0
6310493,0056015040,JURADO,0027,2019-01-10 15:00:00.000,63.0
6310494,0056015040,JURADO,0027,2019-01-10 16:00:00.000,65.0
6310495,0056015040,JURADO,0027,2019-01-10 17:00:00.000,67.0
6310496,0056015040,JURADO,0027,2019-01-10 18:00:00.000,69.0
6310497,0056015040,JURADO,0027,2019-01-10 19:00:00.000,71.0
6310498,0056015040,JURADO,0027,2019-01-10 20:00:00.000,81.0
6310499,0056015040,JURADO,0027,2019-01-10 21:00:00.000,84.0
6310500,0056015040,JURADO,0027,2019-01-10 22:00:00.000,87.0
6310501,0056015040,JURADO,0027,2019-01-10 23:00:00.000,89.0
6310502,0056015040,JURADO,0027,2019-01-11 00:00:00.000,89.0
6310503,0056015040,JURADO,0027,2019-01-11 01:00:00.000,89.0
6310504,0056015040,JURADO,0027,2019-01-11 02:00:00.000,89.0
6310505,0056015040,JURADO,0027,2019-01-11 03:00:00.000,88.0
6310506,0056015040,JURADO,0027,2019-01-11 04:00:00.000,86.0
6310507,0056015040,JURADO,0027,2019-01-11 05:00:00.000,87.0
6310508,0056015040,JURADO,0027,2019-01-11 06:00:00.000,88.0
6310509,0056015040,JURADO,0027,2019-01-11 07:00:00.000,88.0
6310510,0056015040,JURADO,0027,2019-01-11 08:00:00.000,83.0
6310511,0056015040,JURADO,0027,2019-01-11 09:00:00.000,71.0
6310512,0056015040,JURADO,0027,2019-01-11 10:00:00.000,59.0
6310513,0056015040,JURADO,0027,2019-01-11 11:00:00.000,52.0
6310514,0056015040,JURADO,0027,2019-01-11 12:00:00.000,44.0
6310515,0056015040,JURADO,0027,2019-01-11 13:00:00.000,65.0
6310516,0056015040,JURADO,0027,2019-01-11 14:00:00.000,60.0
6310517,0056015040,JURADO,0027,2019-01-11 15:00:00.000,65.0
6310518,0056015040,JURADO,0027,2019-01-11 16:00:00.000,64.0
6310519,0056015040,JURADO,0027,2019-01-11 17:00:00.000,69.0
6310520,0056015040,JURADO,0027,2019-01-11 18:00:00.000,70.0
6310521,0056015040,JURADO,0027,2019-01-11 19:00:00.000,71.0
6310522,0056015040,JURADO,0027,2019-01-11 20:00:00.000,81.0
6310523,0056015040,JURADO,0027,2019-01-11 21:00:00.000,86.0
6310524,0056015040,JURADO,0027,2019-01-11 22:00:00.000,88.0
6310525,0056015040,JURADO,0027,2019-01-11 23:00:00.000,88.0
6310526,0056015040,JURADO,0027,2019-01-12 00:00:00.000,80.0
6310527,0056015040,JURADO,0027,2019-01-12 01:00:00.000,79.0
6310528,0056015040,JURADO,0027,2019-01-12 02:00:00.000,81.0
6310529,0056015040,JURADO,0027,2019-01-12 03:00:00.000,85.0
6310530,0056015040,JURADO,0027,2019-01-12 04:00:00.000,87.0
6310531,0056015040,JURADO,0027,2019-01-12 05:00:00.000,88.0
6310532,0056015040,JURADO,0027,2019-01-12 06:00:00.000,89.0
6310533,0056015040,JURADO,0027,2019-01-12 07:00:00.000,89.0
6310534,0056015040,JURADO,0027,2019-01-12 08:00:00.000,85.0
6310535,0056015040,JURADO,0027,2019-01-12 09:00:00.000,69.0
6310536,0056015040,JURADO,0027,2019-01-12 10:00:00.000,58.0
6310537,0056015040,JURADO,0027,2019-01-12 11:00:00.000,51.0
6310538,0056015040,JURADO,0027,2019-01-12 12:00:00.000,65.0
6310539,0056015040,JURADO,0027,2019-01-12 13:00:00.000,69.0
6310540,0056015040,JURADO,0027,2019-01-12 14:00:00.000,65.0
6310541,0056015040,JURADO,0027,2019-01-12 15:00:00.000,65.0
6310542,0056015040,JURADO,0027,2019-01-12 16:00:00.000,66.0
6310543,0056015040,JURADO,0027,2019-01-12 17:00:00.000,69.0
6310544,0056015040,JURADO,0027,2019-01-12 18:00:00.000,70.0
6310545,0056015040,JURADO,0027,2019-01-12 19:00:00.000,71.0
6310546,0056015040,JURADO,0027,2019-01-12 20:00:00.000,80.0
6310547,0056015040,JURADO,0027,2019-01-12 21:00:00.000,85.0
6310548,0056015040,JURADO,0027,2019-01-12 22:00:00.000,87.0
6310549,0056015040,JURADO,0027,2019-01-12 23:00:00.000,89.0
6310550,0056015040,JURADO,0027,2019-01-13 00:00:00.000,87.0
6310551,0056015040,JURADO,0027,2019-01-13 01:00:00.000,85.0
6310552,0056015040,JURADO,0027,2019-01-13 02:00:00.000,85.0
6310553,0056015040,JURADO,0027,2019-01-13 03:00:00.000,84.0
6310554,0056015040,JURADO,0027,2019-01-13 04:00:00.000,85.0
6310555,0056015040,JURADO,0027,2019-01-13 05:00:00.000,85.0
6310556,0056015040,JURADO,0027,2019-01-13 06:00:00.000,87.0
6310557,0056015040,JURADO,0027,2019-01-13 07:00:00.000,87.0
6310558,0056015040,JURADO,0027,2019-01-13 08:00:00.000,80.0
6310559,0056015040,JURADO,0027,2019-01-13 09:00:00.000,69.0
6310560,0056015040,JURADO,0027,2019-01-13 10:00:00.000,65.0
6310561,0056015040,JURADO,0027,2019-01-13 11:00:00.000,70.0
6310562,0056015040,JURADO,0027,2019-01-13 12:00:00.000,68.0
6310563,0056015040,JURADO,0027,2019-01-13 13:00:00.000,70.0
6310564,0056015040,JURADO,0027,2019-01-13 14:00:00.000,70.0
6310565,0056015040,JURADO,0027,2019-01-13 15:00:00.000,71.0
6310566,0056015040,JURADO,0027,2019-01-13 16:00:00.000,71.0
6310567,0056015040,JURADO,0027,2019-01-13 17:00:00.000,72.0
6310568,0056015040,JURADO,0027,2019-01-13 18:00:00.000,74.0
6310569,0056015040,JURADO,0027,2019-01-13 19:00:00.000,78.0
6310570,0056015040,JURADO,0027,2019-01-13 20:00:00.000,84.0
6310571,0056015040,JURADO,0027,2019-01-13 21:00:00.000,87.0
6310572,0056015040,JURADO,0027,2019-01-13 22:00:00.000,88.0
6310573,0056015040,JURADO,0027,2019-01-13 23:00:00.000,90.0
6310574,0056015040,JURADO,0027,2019-01-14 00:00:00.000,89.0
6310575,0056015040,JURADO,0027,2019-01-14 01:00:00.000,87.0
6310576,0056015040,JURADO,0027,2019-01-14 02:00:00.000,85.0
6310577,0056015040,JURADO,0027,2019-01-14 03:00:00.000,84.0
6310578,0056015040,JURADO,0027,2019-01-14 04:00:00.000,85.0
6310579,0056015040,JURADO,0027,2019-01-14 05:00:00.000,88.0
6310580,0056015040,JURADO,0027,2019-01-14 06:00:00.000,89.0
6310581,0056015040,JURADO,0027,2019-01-14 07:00:00.000,90.0
6310582,0056015040,JURADO,0027,2019-01-14 08:00:00.000,90.0
6310583,0056015040,JURADO,0027,2019-01-14 09:00:00.000,77.0
6310584,0056015040,JURADO,0027,2019-01-14 10:00:00.000,68.0
6310585,0056015040,JURADO,0027,2019-01-14 11:00:00.000,72.0
6310586,0056015040,JURADO,0027,2019-01-14 12:00:00.000,75.0
6310587,0056015040,JURADO,0027,2019-01-14 13:00:00.000,77.0
6310588,0056015040,JURADO,0027,2019-01-14 14:00:00.000,80.0
6310589,0056015040,JURADO,0027,2019-01-14 15:00:00.000,80.0
6310590,0056015040,JURADO,0027,2019-01-14 16:00:00.000,78.0
6310591,0056015040,JURADO,0027,2019-01-14 17:00:00.000,79.0
6310592,0056015040,JURADO,0027,2019-01-14 18:00:00.000,80.0
6310593,0056015040,JURADO,0027,2019-01-14 19:00:00.000,82.0
6310594,0056015040,JURADO,0027,2019-01-14 20:00:00.000,86.0
6310595,0056015040,JURADO,0027,2019-01-14 21:00:00.000,89.0
6310596,0056015040,JURADO,0027,2019-01-14 22:00:00.000,90.0
6310597,0056015040,JURADO,0027,2019-01-14 23:00:00.000,90.0
6310598,0056015040,JURADO,0027,2019-01-15 00:00:00.000,89.0
6310599,0056015040,JURADO,0027,2019-01-15 01:00:00.000,87.0
6310600,0056015040,JURADO,0027,2019-01-15 02:00:00.000,85.0
6310601,0056015040,JURADO,0027,2019-01-15 03:00:00.000,86.0
6310602,0056015040,JURADO,0027,2019-01-15 04:00:00.000,86.0
6310603,0056015040,JURADO,0027,2019-01-15 05:00:00.000,85.0
6310604,0056015040,JURADO,0027,2019-01-15 06:00:00.000,86.0
6310605,0056015040,JURADO,0027,2019-01-15 07:00:00.000,87.0
6310606,0056015040,JURADO,0027,2019-01-15 08:00:00.000,84.0
6310607,0056015040,JURADO,0027,2019-01-15 09:00:00.000,72.0
6310608,0056015040,JURADO,0027,2019-01-15 10:00:00.000,65.0
6310609,0056015040,JURADO,0027,2019-01-15 11:00:00.000,70.0
6310610,0056015040,JURADO,0027,2019-01-15 12:00:00.000,70.0
6310611,0056015040,JURADO,0027,2019-01-15 13:00:00.000,70.0
6310612,0056015040,JURADO,0027,2019-01-15 14:00:00.000,71.0
6310613,0056015040,JURADO,0027,2019-01-15 15:00:00.000,71.0
6310614,0056015040,JURADO,0027,2019-01-15 16:00:00.000,72.0
6310615,0056015040,JURADO,0027,2019-01-15 17:00:00.000,74.0
6310616,0056015040,JURADO,0027,2019-01-15 18:00:00.000,76.0
6310617,0056015040,JURADO,0027,2019-01-15 19:00:00.000,77.0
6310618,0056015040,JURADO,0027,2019-01-15 20:00:00.000,83.0
6310619,0056015040,JURADO,0027,2019-01-15 21:00:00.000,81.0
6310620,0056015040,JURADO,0027,2019-01-15 22:00:00.000,75.0
6310621,0056015040,JURADO,0027,2019-01-15 23:00:00.000,76.0
6310622,0056015040,JURADO,0027,2019-01-16 00:00:00.000,76.0
6310623,0056015040,JURADO,0027,2019-01-16 01:00:00.000,78.0
6310624,0056015040,JURADO,0027,2019-01-16 02:00:00.000,77.0
6310625,0056015040,JURADO,0027,2019-01-16 03:00:00.000,77.0
6310626,0056015040,JURADO,0027,2019-01-16 04:00:00.000,78.0
6310627,0056015040,JURADO,0027,2019-01-16 05:00:00.000,78.0
6310628,0056015040,JURADO,0027,2019-01-16 06:00:00.000,79.0
6310629,0056015040,JURADO,0027,2019-01-16 07:00:00.000,79.0
6310630,0056015040,JURADO,0027,2019-01-16 08:00:00.000,77.0
6310631,0056015040,JURADO,0027,2019-01-16 09:00:00.000,73.0
6310632,0056015040,JURADO,0027,2019-01-16 10:00:00.000,67.0
6310633,0056015040,JURADO,0027,2019-01-16 11:00:00.000,58.0
6310634,0056015040,JURADO,0027,2019-01-16 12:00:00.000,57.0
6310635,0056015040,JURADO,0027,2019-01-16 13:00:00.000,70.0
6310636,0056015040,JURADO,0027,2019-01-16 14:00:00.000,72.0
6310637,0056015040,JURADO,0027,2019-01-16 15:00:00.000,70.0
6310638,0056015040,JURADO,0027,2019-01-16 16:00:00.000,73.0
6310639,0056015040,JURADO,0027,2019-01-16 17:00:00.000,67.0
6310640,0056015040,JURADO,0027,2019-01-16 18:00:00.000,66.0
6310641,0056015040,JURADO,0027,2019-01-16 19:00:00.000,68.0
6310642,0056015040,JURADO,0027,2019-01-16 20:00:00.000,71.0
6310643,0056015040,JURADO,0027,2019-01-16 21:00:00.000,72.0
6310644,0056015040,JURADO,0027,2019-01-16 22:00:00.000,72.0
6310645,0056015040,JURADO,0027,2019-01-16 23:00:00.000,72.0
6310646,0056015040,JURADO,0027,2019-01-17 00:00:00.000,73.0
6310647,0056015040,JURADO,0027,2019-01-17 01:00:00.000,73.0
6310648,0056015040,JURADO,0027,2019-01-17 02:00:00.000,72.0
6310649,0056015040,JURADO,0027,2019-01-17 03:00:00.000,74.0
6310650,0056015040,JURADO,0027,2019-01-17 04:00:00.000,76.0
6310651,0056015040,JURADO,0027,2019-01-17 05:00:00.000,76.0
6310652,0056015040,JURADO,0027,2019-01-17 06:00:00.000,77.0
6310653,0056015040,JURADO,0027,2019-01-17 07:00:00.000,78.0
6310654,0056015040,JURADO,0027,2019-01-17 08:00:00.000,74.0
6310655,0056015040,JURADO,0027,2019-01-17 09:00:00.000,68.0
6310656,0056015040,JURADO,0027,2019-01-17 10:00:00.000,62.0
6310657,0056015040,JURADO,0027,2019-01-17 11:00:00.000,57.0
6310658,0056015040,JURADO,0027,2019-01-17 12:00:00.000,65.0
6310659,0056015040,JURADO,0027,2019-01-17 13:00:00.000,70.0
6310660,0056015040,JURADO,0027,2019-01-17 14:00:00.000,73.0
6310661,0056015040,JURADO,0027,2019-01-17 15:00:00.000,76.0
6310662,0056015040,JURADO,0027,2019-01-17 16:00:00.000,77.0
6310663,0056015040,JURADO,0027,2019-01-17 17:00:00.000,78.0
6310664,0056015040,JURADO,0027,2019-01-17 18:00:00.000,73.0
6310665,0056015040,JURADO,0027,2019-01-17 19:00:00.000,69.0
6310666,0056015040,JURADO,0027,2019-01-17 20:00:00.000,70.0
6310667,0056015040,JURADO,0027,2019-01-17 21:00:00.000,72.0
6310668,0056015040,JURADO,0027,2019-01-17 22:00:00.000,73.0
6310669,0056015040,JURADO,0027,2019-01-17 23:00:00.000,74.0
6310670,0056015040,JURADO,0027,2019-01-18 00:00:00.000,77.0
6310671,0056015040,JURADO,0027,2019-01-18 01:00:00.000,80.0
6310672,0056015040,JURADO,0027,2019-01-18 02:00:00.000,83.0
6310673,0056015040,JURADO,0027,2019-01-18 03:00:00.000,83.0
6310674,0056015040,JURADO,0027,2019-01-18 04:00:00.000,83.0
6310675,0056015040,JURADO,0027,2019-01-18 05:00:00.000,80.0
6310676,0056015040,JURADO,0027,2019-01-18 06:00:00.000,80.0
6310677,0056015040,JURADO,0027,2019-01-18 07:00:00.000,82.0
6310678,0056015040,JURADO,0027,2019-01-18 08:00:00.000,81.0
6310679,0056015040,JURADO,0027,2019-01-18 09:00:00.000,69.0
6310680,0056015040,JURADO,0027,2019-01-18 10:00:00.000,62.0
6310681,0056015040,JURADO,0027,2019-01-18 11:00:00.000,60.0
6310682,0056015040,JURADO,0027,2019-01-18 12:00:00.000,71.0
6310683,0056015040,JURADO,0027,2019-01-18 13:00:00.000,75.0
6310684,0056015040,JURADO,0027,2019-01-18 14:00:00.000,75.0
6310685,0056015040,JURADO,0027,2019-01-18 15:00:00.000,80.0
6310686,0056015040,JURADO,0027,2019-01-18 16:00:00.000,83.0
6310687,0056015040,JURADO,0027,2019-01-18 17:00:00.000,80.0
6310688,0056015040,JURADO,0027,2019-01-18 18:00:00.000,83.0
6310689,0056015040,JURADO,0027,2019-01-18 19:00:00.000,85.0
6310690,0056015040,JURADO,0027,2019-01-18 20:00:00.000,86.0
6310691,0056015040,JURADO,0027,2019-01-18 21:00:00.000,85.0
6310692,0056015040,JURADO,0027,2019-01-18 22:00:00.000,74.0
6310693,0056015040,JURADO,0027,2019-01-18 23:00:00.000,75.0
6310694,0056015040,JURADO,0027,2019-01-19 00:00:00.000,74.0
6310695,0056015040,JURADO,0027,2019-01-19 01:00:00.000,75.0
6310696,0056015040,JURADO,0027,2019-01-19 02:00:00.000,76.0
6310697,0056015040,JURADO,0027,2019-01-19 03:00:00.000,77.0
6310698,0056015040,JURADO,0027,2019-01-19 04:00:00.000,78.0
6310699,0056015040,JURADO,0027,2019-01-19 05:00:00.000,79.0
6310700,0056015040,JURADO,0027,2019-01-19 06:00:00.000,82.0
6310701,0056015040,JURADO,0027,2019-01-19 07:00:00.000,82.0
6310702,0056015040,JURADO,0027,2019-01-19 08:00:00.000,77.0
6310703,0056015040,JURADO,0027,2019-01-19 09:00:00.000,69.0
6310704,0056015040,JURADO,0027,2019-01-19 10:00:00.000,63.0
6310705,0056015040,JURADO,0027,2019-01-19 11:00:00.000,57.0
6310706,0056015040,JURADO,0027,2019-01-19 12:00:00.000,71.0
6310707,0056015040,JURADO,0027,2019-01-19 13:00:00.000,76.0
6310708,0056015040,JURADO,0027,2019-01-19 14:00:00.000,78.0
6310709,0056015040,JURADO,0027,2019-01-19 15:00:00.000,78.0
6310710,0056015040,JURADO,0027,2019-01-19 16:00:00.000,80.0
6310711,0056015040,JURADO,0027,2019-01-19 17:00:00.000,82.0
6310712,0056015040,JURADO,0027,2019-01-19 18:00:00.000,84.0
6310713,0056015040,JURADO,0027,2019-01-19 19:00:00.000,85.0
6310714,0056015040,JURADO,0027,2019-01-19 20:00:00.000,88.0
6310715,0056015040,JURADO,0027,2019-01-19 21:00:00.000,90.0
6310716,0056015040,JURADO,0027,2019-01-19 22:00:00.000,91.0
6310717,0056015040,JURADO,0027,2019-01-19 23:00:00.000,92.0
6310718,0056015040,JURADO,0027,2019-01-20 00:00:00.000,92.0
6310719,0056015040,JURADO,0027,2019-01-20 01:00:00.000,92.0
6310720,0056015040,JURADO,0027,2019-01-20 02:00:00.000,92.0
6310721,0056015040,JURADO,0027,2019-01-20 03:00:00.000,92.0
6310722,0056015040,JURADO,0027,2019-01-20 04:00:00.000,93.0
6310723,0056015040,JURADO,0027,2019-01-20 05:00:00.000,93.0
6310724,0056015040,JURADO,0027,2019-01-20 06:00:00.000,94.0
6310725,0056015040,JURADO,0027,2019-01-20 07:00:00.000,94.0
6310726,0056015040,JURADO,0027,2019-01-20 08:00:00.000,94.0
6310727,0056015040,JURADO,0027,2019-01-20 09:00:00.000,94.0
6310728,0056015040,JURADO,0027,2019-01-20 10:00:00.000,93.0
6310729,0056015040,JURADO,0027,2019-01-20 11:00:00.000,90.0
6310730,0056015040,JURADO,0027,2019-01-20 12:00:00.000,87.0
6310731,0056015040,JURADO,0027,2019-01-20 13:00:00.000,83.0
6310732,0056015040,JURADO,0027,2019-01-20 14:00:00.000,85.0
6310733,0056015040,JURADO,0027,2019-01-20 15:00:00.000,83.0
6310734,0056015040,JURADO,0027,2019-01-20 16:00:00.000,84.0
6310735,0056015040,JURADO,0027,2019-01-20 17:00:00.000,86.0
6310736,0056015040,JURADO,0027,2019-01-20 18:00:00.000,86.0
6310737,0056015040,JURADO,0027,2019-01-20 19:00:00.000,88.0
6310738,0056015040,JURADO,0027,2019-01-20 20:00:00.000,90.0
6310739,0056015040,JURADO,0027,2019-01-20 21:00:00.000,91.0
6310740,0056015040,JURADO,0027,2019-01-20 22:00:00.000,93.0
6310741,0056015040,JURADO,0027,2019-01-20 23:00:00.000,93.0
6310742,0056015040,JURADO,0027,2019-01-21 00:00:00.000,93.0
6310743,0056015040,JURADO,0027,2019-01-21 01:00:00.000,93.0
6310744,0056015040,JURADO,0027,2019-01-21 02:00:00.000,93.0
6310745,0056015040,JURADO,0027,2019-01-21 03:00:00.000,94.0
6310746,0056015040,JURADO,0027,2019-01-21 04:00:00.000,93.0
6310747,0056015040,JURADO,0027,2019-01-21 05:00:00.000,92.0
6310748,0056015040,JURADO,0027,2019-01-21 06:00:00.000,90.0
6310749,0056015040,JURADO,0027,2019-01-21 07:00:00.000,86.0
6310750,0056015040,JURADO,0027,2019-01-21 08:00:00.000,80.0
6310751,0056015040,JURADO,0027,2019-01-21 09:00:00.000,71.0
6310752,0056015040,JURADO,0027,2019-01-21 10:00:00.000,68.0
6310753,0056015040,JURADO,0027,2019-01-21 11:00:00.000,65.0
6310754,0056015040,JURADO,0027,2019-01-21 12:00:00.000,63.0
6310755,0056015040,JURADO,0027,2019-01-21 13:00:00.000,61.0
6310756,0056015040,JURADO,0027,2019-01-21 14:00:00.000,75.0
6310757,0056015040,JURADO,0027,2019-01-21 15:00:00.000,77.0
6310758,0056015040,JURADO,0027,2019-01-21 16:00:00.000,78.0
6310759,0056015040,JURADO,0027,2019-01-21 17:00:00.000,79.0
6310760,0056015040,JURADO,0027,2019-01-21 18:00:00.000,83.0
6310761,0056015040,JURADO,0027,2019-01-21 19:00:00.000,85.0
6310762,0056015040,JURADO,0027,2019-01-21 20:00:00.000,85.0
6310763,0056015040,JURADO,0027,2019-01-21 21:00:00.000,77.0
6310764,0056015040,JURADO,0027,2019-01-21 22:00:00.000,77.0
6310765,0056015040,JURADO,0027,2019-01-21 23:00:00.000,79.0
6310766,0056015040,JURADO,0027,2019-01-22 00:00:00.000,79.0
6310767,0056015040,JURADO,0027,2019-01-22 01:00:00.000,81.0
6310768,0056015040,JURADO,0027,2019-01-22 02:00:00.000,85.0
6310769,0056015040,JURADO,0027,2019-01-22 03:00:00.000,85.0
6310770,0056015040,JURADO,0027,2019-01-22 04:00:00.000,83.0
6310771,0056015040,JURADO,0027,2019-01-22 05:00:00.000,83.0
6310772,0056015040,JURADO,0027,2019-01-22 06:00:00.000,83.0
6310773,0056015040,JURADO,0027,2019-01-22 07:00:00.000,82.0
6310774,0056015040,JURADO,0027,2019-01-22 08:00:00.000,79.0
6310775,0056015040,JURADO,0027,2019-01-22 09:00:00.000,74.0
6310776,0056015040,JURADO,0027,2019-01-22 10:00:00.000,67.0
6310777,0056015040,JURADO,0027,2019-01-22 11:00:00.000,69.0
6310778,0056015040,JURADO,0027,2019-01-22 12:00:00.000,73.0
6310779,0056015040,JURADO,0027,2019-01-22 13:00:00.000,79.0
6310780,0056015040,JURADO,0027,2019-01-22 14:00:00.000,78.0
6310781,0056015040,JURADO,0027,2019-01-22 15:00:00.000,79.0
6310782,0056015040,JURADO,0027,2019-01-22 16:00:00.000,81.0
6310783,0056015040,JURADO,0027,2019-01-22 17:00:00.000,82.0
6310784,0056015040,JURADO,0027,2019-01-22 18:00:00.000,83.0
6310785,0056015040,JURADO,0027,2019-01-22 19:00:00.000,85.0
6310786,0056015040,JURADO,0027,2019-01-22 20:00:00.000,87.0
6310787,0056015040,JURADO,0027,2019-01-22 21:00:00.000,86.0
6310788,0056015040,JURADO,0027,2019-01-22 22:00:00.000,82.0
6310789,0056015040,JURADO,0027,2019-01-22 23:00:00.000,81.0
6310790,0056015040,JURADO,0027,2019-01-23 00:00:00.000,82.0
6310791,0056015040,JURADO,0027,2019-01-23 01:00:00.000,82.0
6310792,0056015040,JURADO,0027,2019-01-23 02:00:00.000,81.0
6310793,0056015040,JURADO,0027,2019-01-23 03:00:00.000,80.0
6310794,0056015040,JURADO,0027,2019-01-23 04:00:00.000,82.0
6310795,0056015040,JURADO,0027,2019-01-23 05:00:00.000,82.0
6310796,0056015040,JURADO,0027,2019-01-23 06:00:00.000,82.0
6310797,0056015040,JURADO,0027,2019-01-23 07:00:00.000,81.0
6310798,0056015040,JURADO,0027,2019-01-23 08:00:00.000,78.0
6310799,0056015040,JURADO,0027,2019-01-23 09:00:00.000,71.0
6310800,0056015040,JURADO,0027,2019-01-23 10:00:00.000,66.0
6310801,0056015040,JURADO,0027,2019-01-23 11:00:00.000,70.0
6310802,0056015040,JURADO,0027,2019-01-23 12:00:00.000,76.0
6310803,0056015040,JURADO,0027,2019-01-23 13:00:00.000,77.0
6310804,0056015040,JURADO,0027,2019-01-23 14:00:00.000,77.0
6310805,0056015040,JURADO,0027,2019-01-23 15:00:00.000,77.0
6310806,0056015040,JURADO,0027,2019-01-23 16:00:00.000,78.0
6310807,0056015040,JURADO,0027,2019-01-23 17:00:00.000,78.0
6310808,0056015040,JURADO,0027,2019-01-23 18:00:00.000,82.0
6310809,0056015040,JURADO,0027,2019-01-23 19:00:00.000,83.0
6310810,0056015040,JURADO,0027,2019-01-23 20:00:00.000,86.0
6310811,0056015040,JURADO,0027,2019-01-23 21:00:00.000,89.0
6310812,0056015040,JURADO,0027,2019-01-23 22:00:00.000,90.0
6310813,0056015040,JURADO,0027,2019-01-23 23:00:00.000,90.0
6310814,0056015040,JURADO,0027,2019-01-24 00:00:00.000,89.0
6310815,0056015040,JURADO,0027,2019-01-24 01:00:00.000,87.0
6310816,0056015040,JURADO,0027,2019-01-24 02:00:00.000,86.0
6310817,0056015040,JURADO,0027,2019-01-24 03:00:00.000,86.0
6310818,0056015040,JURADO,0027,2019-01-24 04:00:00.000,83.0
6310819,0056015040,JURADO,0027,2019-01-24 05:00:00.000,78.0
6310820,0056015040,JURADO,0027,2019-01-24 06:00:00.000,78.0
6310821,0056015040,JURADO,0027,2019-01-24 07:00:00.000,81.0
6310822,0056015040,JURADO,0027,2019-01-24 08:00:00.000,79.0
6310823,0056015040,JURADO,0027,2019-01-24 09:00:00.000,72.0
6310824,0056015040,JURADO,0027,2019-01-24 10:00:00.000,68.0
6310825,0056015040,JURADO,0027,2019-01-24 11:00:00.000,71.0
6310826,0056015040,JURADO,0027,2019-01-24 12:00:00.000,72.0
6310827,0056015040,JURADO,0027,2019-01-24 13:00:00.000,76.0
6310828,0056015040,JURADO,0027,2019-01-24 14:00:00.000,76.0
6310829,0056015040,JURADO,0027,2019-01-24 15:00:00.000,74.0
6310830,0056015040,JURADO,0027,2019-01-24 16:00:00.000,75.0
6310831,0056015040,JURADO,0027,2019-01-24 17:00:00.000,77.0
6310832,0056015040,JURADO,0027,2019-01-24 18:00:00.000,79.0
6310833,0056015040,JURADO,0027,2019-01-24 19:00:00.000,81.0
6310834,0056015040,JURADO,0027,2019-01-24 20:00:00.000,83.0
6310835,0056015040,JURADO,0027,2019-01-24 21:00:00.000,86.0
6310836,0056015040,JURADO,0027,2019-01-24 22:00:00.000,88.0
6310837,0056015040,JURADO,0027,2019-01-24 23:00:00.000,89.0
6310838,0056015040,JURADO,0027,2019-01-25 00:00:00.000,89.0
6310839,0056015040,JURADO,0027,2019-01-25 01:00:00.000,86.0
6310840,0056015040,JURADO,0027,2019-01-25 02:00:00.000,80.0
6310841,0056015040,JURADO,0027,2019-01-25 03:00:00.000,81.0
6310842,0056015040,JURADO,0027,2019-01-25 04:00:00.000,82.0
6310843,0056015040,JURADO,0027,2019-01-25 05:00:00.000,82.0
6310844,0056015040,JURADO,0027,2019-01-25 06:00:00.000,82.0
6310845,0056015040,JURADO,0027,2019-01-25 07:00:00.000,82.0
6310846,0056015040,JURADO,0027,2019-01-25 08:00:00.000,80.0
6310847,0056015040,JURADO,0027,2019-01-25 09:00:00.000,75.0
6310848,0056015040,JURADO,0027,2019-01-25 10:00:00.000,66.0
6310849,0056015040,JURADO,0027,2019-01-25 11:00:00.000,65.0
6310850,0056015040,JURADO,0027,2019-01-25 12:00:00.000,66.0
6310851,0056015040,JURADO,0027,2019-01-25 13:00:00.000,69.0
6310852,0056015040,JURADO,0027,2019-01-25 14:00:00.000,71.0
6310853,0056015040,JURADO,0027,2019-01-25 15:00:00.000,68.0
6310854,0056015040,JURADO,0027,2019-01-25 16:00:00.000,71.0
6310855,0056015040,JURADO,0027,2019-01-25 17:00:00.000,75.0
6310856,0056015040,JURADO,0027,2019-01-25 18:00:00.000,77.0
6310857,0056015040,JURADO,0027,2019-01-25 19:00:00.000,81.0
6310858,0056015040,JURADO,0027,2019-01-25 20:00:00.000,85.0
6310859,0056015040,JURADO,0027,2019-01-25 21:00:00.000,88.0
6310860,0056015040,JURADO,0027,2019-01-25 22:00:00.000,90.0
6310861,0056015040,JURADO,0027,2019-01-25 23:00:00.000,91.0
6310862,0056015040,JURADO,0027,2019-01-26 00:00:00.000,90.0
6310863,0056015040,JURADO,0027,2019-01-26 01:00:00.000,84.0
6310864,0056015040,JURADO,0027,2019-01-26 02:00:00.000,78.0
6310865,0056015040,JURADO,0027,2019-01-26 03:00:00.000,77.0
6310866,0056015040,JURADO,0027,2019-01-26 04:00:00.000,75.0
6310867,0056015040,JURADO,0027,2019-01-26 05:00:00.000,78.0
6310868,0056015040,JURADO,0027,2019-01-26 06:00:00.000,80.0
6310869,0056015040,JURADO,0027,2019-01-26 07:00:00.000,82.0
6310870,0056015040,JURADO,0027,2019-01-26 08:00:00.000,80.0
6310871,0056015040,JURADO,0027,2019-01-26 09:00:00.000,70.0
6310872,0056015040,JURADO,0027,2019-01-26 10:00:00.000,65.0
6310873,0056015040,JURADO,0027,2019-01-26 11:00:00.000,68.0
6310874,0056015040,JURADO,0027,2019-01-26 12:00:00.000,71.0
6310875,0056015040,JURADO,0027,2019-01-26 13:00:00.000,68.0
6310876,0056015040,JURADO,0027,2019-01-26 14:00:00.000,70.0
6310877,0056015040,JURADO,0027,2019-01-26 15:00:00.000,70.0
6310878,0056015040,JURADO,0027,2019-01-26 16:00:00.000,68.0
6310879,0056015040,JURADO,0027,2019-01-26 17:00:00.000,72.0
6310880,0056015040,JURADO,0027,2019-01-26 18:00:00.000,77.0
6310881,0056015040,JURADO,0027,2019-01-26 19:00:00.000,82.0
6310882,0056015040,JURADO,0027,2019-01-26 20:00:00.000,85.0
6310883,0056015040,JURADO,0027,2019-01-26 21:00:00.000,88.0
6310884,0056015040,JURADO,0027,2019-01-26 22:00:00.000,88.0
6310885,0056015040,JURADO,0027,2019-01-26 23:00:00.000,84.0
6310886,0056015040,JURADO,0027,2019-01-27 00:00:00.000,77.0
6310887,0056015040,JURADO,0027,2019-01-27 01:00:00.000,72.0
6310888,0056015040,JURADO,0027,2019-01-27 02:00:00.000,75.0
6310889,0056015040,JURADO,0027,2019-01-27 03:00:00.000,79.0
6310890,0056015040,JURADO,0027,2019-01-27 04:00:00.000,81.0
6310891,0056015040,JURADO,0027,2019-01-27 05:00:00.000,80.0
6310892,0056015040,JURADO,0027,2019-01-27 06:00:00.000,82.0
6310893,0056015040,JURADO,0027,2019-01-27 07:00:00.000,82.0
6310894,0056015040,JURADO,0027,2019-01-27 08:00:00.000,77.0
6310895,0056015040,JURADO,0027,2019-01-27 09:00:00.000,71.0
6310896,0056015040,JURADO,0027,2019-01-27 10:00:00.000,64.0
6310897,0056015040,JURADO,0027,2019-01-27 11:00:00.000,54.0
6310898,0056015040,JURADO,0027,2019-01-27 12:00:00.000,53.0
6310899,0056015040,JURADO,0027,2019-01-27 13:00:00.000,67.0
6310900,0056015040,JURADO,0027,2019-01-27 14:00:00.000,68.0
6310901,0056015040,JURADO,0027,2019-01-27 15:00:00.000,70.0
6310902,0056015040,JURADO,0027,2019-01-27 16:00:00.000,71.0
6310903,0056015040,JURADO,0027,2019-01-27 17:00:00.000,72.0
6310904,0056015040,JURADO,0027,2019-01-27 18:00:00.000,74.0
6310905,0056015040,JURADO,0027,2019-01-27 19:00:00.000,76.0
6310906,0056015040,JURADO,0027,2019-01-27 20:00:00.000,82.0
6310907,0056015040,JURADO,0027,2019-01-27 21:00:00.000,86.0
6310908,0056015040,JURADO,0027,2019-01-27 22:00:00.000,88.0
6310909,0056015040,JURADO,0027,2019-01-27 23:00:00.000,89.0
6310910,0056015040,JURADO,0027,2019-01-28 00:00:00.000,91.0
6310911,0056015040,JURADO,0027,2019-01-28 01:00:00.000,91.0
6310912,0056015040,JURADO,0027,2019-01-28 02:00:00.000,92.0
6310913,0056015040,JURADO,0027,2019-01-28 03:00:00.000,92.0
6310914,0056015040,JURADO,0027,2019-01-28 04:00:00.000,93.0
6310915,0056015040,JURADO,0027,2019-01-28 05:00:00.000,93.0
6310916,0056015040,JURADO,0027,2019-01-28 06:00:00.000,93.0
6310917,0056015040,JURADO,0027,2019-01-28 07:00:00.000,92.0
6310918,0056015040,JURADO,0027,2019-01-28 08:00:00.000,89.0
6310919,0056015040,JURADO,0027,2019-01-28 09:00:00.000,79.0
6310920,0056015040,JURADO,0027,2019-01-28 10:00:00.000,70.0
6310921,0056015040,JURADO,0027,2019-01-28 11:00:00.000,72.0
6310922,0056015040,JURADO,0027,2019-01-28 12:00:00.000,75.0
6310923,0056015040,JURADO,0027,2019-01-28 13:00:00.000,75.0
6310924,0056015040,JURADO,0027,2019-01-28 14:00:00.000,76.0
6310925,0056015040,JURADO,0027,2019-01-28 15:00:00.000,75.0
6310926,0056015040,JURADO,0027,2019-01-28 16:00:00.000,72.0
6310927,0056015040,JURADO,0027,2019-01-28 17:00:00.000,87.0
6310928,0056015040,JURADO,0027,2019-01-28 18:00:00.000,90.0
6310929,0056015040,JURADO,0027,2019-01-28 19:00:00.000,91.0
6310930,0056015040,JURADO,0027,2019-01-28 20:00:00.000,92.0
6310931,0056015040,JURADO,0027,2019-01-28 21:00:00.000,92.0
6310932,0056015040,JURADO,0027,2019-01-28 22:00:00.000,92.0
6310933,0056015040,JURADO,0027,2019-01-28 23:00:00.000,91.0
6310934,0056015040,JURADO,0027,2019-01-29 00:00:00.000,90.0
6310935,0056015040,JURADO,0027,2019-01-29 01:00:00.000,89.0
6310936,0056015040,JURADO,0027,2019-01-29 02:00:00.000,89.0
6310937,0056015040,JURADO,0027,2019-01-29 03:00:00.000,89.0
6310938,0056015040,JURADO,0027,2019-01-29 04:00:00.000,88.0
6310939,0056015040,JURADO,0027,2019-01-29 05:00:00.000,86.0
6310940,0056015040,JURADO,0027,2019-01-29 06:00:00.000,89.0
6310941,0056015040,JURADO,0027,2019-01-29 07:00:00.000,90.0
6310942,0056015040,JURADO,0027,2019-01-29 08:00:00.000,88.0
6310943,0056015040,JURADO,0027,2019-01-29 09:00:00.000,78.0
6310944,0056015040,JURADO,0027,2019-01-29 10:00:00.000,69.0
6310945,0056015040,JURADO,0027,2019-01-29 11:00:00.000,70.0
6310946,0056015040,JURADO,0027,2019-01-29 12:00:00.000,71.0
6310947,0056015040,JURADO,0027,2019-01-29 13:00:00.000,72.0
6310948,0056015040,JURADO,0027,2019-01-29 14:00:00.000,72.0
6310949,0056015040,JURADO,0027,2019-01-29 15:00:00.000,73.0
6310950,0056015040,JURADO,0027,2019-01-29 16:00:00.000,72.0
6310951,0056015040,JURADO,0027,2019-01-29 17:00:00.000,75.0
6310952,0056015040,JURADO,0027,2019-01-29 18:00:00.000,77.0
6310953,0056015040,JURADO,0027,2019-01-29 19:00:00.000,80.0
6310954,0056015040,JURADO,0027,2019-01-29 20:00:00.000,85.0
6310955,0056015040,JURADO,0027,2019-01-29 21:00:00.000,88.0
6310956,0056015040,JURADO,0027,2019-01-29 22:00:00.000,89.0
6310957,0056015040,JURADO,0027,2019-01-29 23:00:00.000,86.0
6310958,0056015040,JURADO,0027,2019-01-30 00:00:00.000,75.0
6310959,0056015040,JURADO,0027,2019-01-30 01:00:00.000,73.0
6310960,0056015040,JURADO,0027,2019-01-30 02:00:00.000,73.0
6310961,0056015040,JURADO,0027,2019-01-30 03:00:00.000,72.0
6310962,0056015040,JURADO,0027,2019-01-30 04:00:00.000,73.0
6310963,0056015040,JURADO,0027,2019-01-30 05:00:00.000,75.0
6310964,0056015040,JURADO,0027,2019-01-30 06:00:00.000,77.0
6310965,0056015040,JURADO,0027,2019-01-30 07:00:00.000,77.0
6310966,0056015040,JURADO,0027,2019-01-30 08:00:00.000,74.0
6310967,0056015040,JURADO,0027,2019-01-30 09:00:00.000,68.0
6310968,0056015040,JURADO,0027,2019-01-30 10:00:00.000,61.0
6310969,0056015040,JURADO,0027,2019-01-30 11:00:00.000,57.0
6310970,0056015040,JURADO,0027,2019-01-30 12:00:00.000,57.0
6310971,0056015040,JURADO,0027,2019-01-30 13:00:00.000,69.0
6310972,0056015040,JURADO,0027,2019-01-30 14:00:00.000,72.0
6310973,0056015040,JURADO,0027,2019-01-30 15:00:00.000,79.0
6310974,0056015040,JURADO,0027,2019-01-30 16:00:00.000,81.0
6310975,0056015040,JURADO,0027,2019-01-30 17:00:00.000,79.0
6310976,0056015040,JURADO,0027,2019-01-30 18:00:00.000,81.0
6310977,0056015040,JURADO,0027,2019-01-30 19:00:00.000,82.0
6310978,0056015040,JURADO,0027,2019-01-30 20:00:00.000,80.0
6310979,0056015040,JURADO,0027,2019-01-30 21:00:00.000,65.0
6310980,0056015040,JURADO,0027,2019-01-30 22:00:00.000,59.0
6310981,0056015040,JURADO,0027,2019-01-30 23:00:00.000,66.0
6310982,0056015040,JURADO,0027,2019-01-31 00:00:00.000,68.0
6310983,0056015040,JURADO,0027,2019-01-31 01:00:00.000,69.0
6310984,0056015040,JURADO,0027,2019-01-31 02:00:00.000,72.0
6310985,0056015040,JURADO,0027,2019-01-31 03:00:00.000,72.0
6310986,0056015040,JURADO,0027,2019-01-31 04:00:00.000,72.0
6310987,0056015040,JURADO,0027,2019-01-31 05:00:00.000,73.0
6310988,0056015040,JURADO,0027,2019-01-31 06:00:00.000,74.0
6310989,0056015040,JURADO,0027,2019-01-31 07:00:00.000,73.0
6310990,0056015040,JURADO,0027,2019-01-31 08:00:00.000,70.0
6310991,0056015040,JURADO,0027,2019-01-31 09:00:00.000,65.0
6310992,0056015040,JURADO,0027,2019-01-31 10:00:00.000,60.0
6310993,0056015040,JURADO,0027,2019-01-31 11:00:00.000,59.0
6310994,0056015040,JURADO,0027,2019-01-31 12:00:00.000,68.0
6310995,0056015040,JURADO,0027,2019-01-31 13:00:00.000,68.0
6310996,0056015040,JURADO,0027,2019-01-31 14:00:00.000,69.0
6310997,0056015040,JURADO,0027,2019-01-31 15:00:00.000,69.0
6310998,0056015040,JURADO,0027,2019-01-31 16:00:00.000,72.0
6310999,0056015040,JURADO,0027,2019-01-31 17:00:00.000,78.0
6311000,0056015040,JURADO,0027,2019-01-31 18:00:00.000,77.0
6311001,0056015040,JURADO,0027,2019-01-31 19:00:00.000,80.0
6311002,0056015040,JURADO,0027,2019-01-31 20:00:00.000,84.0
6311003,0056015040,JURADO,0027,2019-01-31 21:00:00.000,88.0
6311004,0056015040,JURADO,0027,2019-01-31 22:00:00.000,89.0
6311005,0056015040,JURADO,0027,2019-01-31 23:00:00.000,87.0
6311006,0056015040,JURADO,0027,2019-02-01 00:00:00.000,75.0
6311007,0056015040,JURADO,0027,2019-02-01 01:00:00.000,77.0
6311008,0056015040,JURADO,0027,2019-02-01 02:00:00.000,80.0
6311009,0056015040,JURADO,0027,2019-02-01 03:00:00.000,82.0
6311010,0056015040,JURADO,0027,2019-02-01 04:00:00.000,83.0
6311011,0056015040,JURADO,0027,2019-02-01 05:00:00.000,84.0
6311012,0056015040,JURADO,0027,2019-02-01 06:00:00.000,85.0
6311013,0056015040,JURADO,0027,2019-02-01 07:00:00.000,85.0
6311014,0056015040,JURADO,0027,2019-02-01 08:00:00.000,84.0
6311015,0056015040,JURADO,0027,2019-02-01 09:00:00.000,81.0
6311016,0056015040,JURADO,0027,2019-02-01 10:00:00.000,71.0
6311017,0056015040,JURADO,0027,2019-02-01 11:00:00.000,73.0
6311018,0056015040,JURADO,0027,2019-02-01 12:00:00.000,70.0
6311019,0056015040,JURADO,0027,2019-02-01 13:00:00.000,73.0
6311020,0056015040,JURADO,0027,2019-02-01 14:00:00.000,76.0
6311021,0056015040,JURADO,0027,2019-02-01 15:00:00.000,75.0
6311022,0056015040,JURADO,0027,2019-02-01 16:00:00.000,74.0
6311023,0056015040,JURADO,0027,2019-02-01 17:00:00.000,76.0
6311024,0056015040,JURADO,0027,2019-02-01 18:00:00.000,77.0
6311025,0056015040,JURADO,0027,2019-02-01 19:00:00.000,78.0
6311026,0056015040,JURADO,0027,2019-02-01 20:00:00.000,81.0
6311027,0056015040,JURADO,0027,2019-02-01 21:00:00.000,86.0
6311028,0056015040,JURADO,0027,2019-02-01 22:00:00.000,88.0
6311029,0056015040,JURADO,0027,2019-02-01 23:00:00.000,90.0
6311030,0056015040,JURADO,0027,2019-02-02 00:00:00.000,91.0
6311031,0056015040,JURADO,0027,2019-02-02 01:00:00.000,91.0
6311032,0056015040,JURADO,0027,2019-02-02 02:00:00.000,91.0
6311033,0056015040,JURADO,0027,2019-02-02 03:00:00.000,90.0
6311034,0056015040,JURADO,0027,2019-02-02 04:00:00.000,88.0
6311035,0056015040,JURADO,0027,2019-02-02 05:00:00.000,88.0
6311036,0056015040,JURADO,0027,2019-02-02 06:00:00.000,88.0
6311037,0056015040,JURADO,0027,2019-02-02 07:00:00.000,87.0
6311038,0056015040,JURADO,0027,2019-02-02 08:00:00.000,86.0
6311039,0056015040,JURADO,0027,2019-02-02 09:00:00.000,75.0
6311040,0056015040,JURADO,0027,2019-02-02 10:00:00.000,66.0
6311041,0056015040,JURADO,0027,2019-02-02 11:00:00.000,67.0
6311042,0056015040,JURADO,0027,2019-02-02 12:00:00.000,72.0
6311043,0056015040,JURADO,0027,2019-02-02 13:00:00.000,72.0
6311044,0056015040,JURADO,0027,2019-02-02 14:00:00.000,77.0
6311045,0056015040,JURADO,0027,2019-02-02 15:00:00.000,72.0
6311046,0056015040,JURADO,0027,2019-02-02 16:00:00.000,72.0
6311047,0056015040,JURADO,0027,2019-02-02 17:00:00.000,77.0
6311048,0056015040,JURADO,0027,2019-02-02 18:00:00.000,80.0
6311049,0056015040,JURADO,0027,2019-02-02 19:00:00.000,81.0
6311050,0056015040,JURADO,0027,2019-02-02 20:00:00.000,83.0
6311051,0056015040,JURADO,0027,2019-02-02 21:00:00.000,87.0
6311052,0056015040,JURADO,0027,2019-02-02 22:00:00.000,88.0
6311053,0056015040,JURADO,0027,2019-02-02 23:00:00.000,90.0
6311054,0056015040,JURADO,0027,2019-02-03 00:00:00.000,89.0
6311055,0056015040,JURADO,0027,2019-02-03 01:00:00.000,88.0
6311056,0056015040,JURADO,0027,2019-02-03 02:00:00.000,83.0
6311057,0056015040,JURADO,0027,2019-02-03 03:00:00.000,79.0
6311058,0056015040,JURADO,0027,2019-02-03 04:00:00.000,81.0
6311059,0056015040,JURADO,0027,2019-02-03 05:00:00.000,84.0
6311060,0056015040,JURADO,0027,2019-02-03 06:00:00.000,86.0
6311061,0056015040,JURADO,0027,2019-02-03 07:00:00.000,86.0
6311062,0056015040,JURADO,0027,2019-02-03 08:00:00.000,82.0
6311063,0056015040,JURADO,0027,2019-02-03 09:00:00.000,70.0
6311064,0056015040,JURADO,0027,2019-02-03 10:00:00.000,63.0
6311065,0056015040,JURADO,0027,2019-02-03 11:00:00.000,71.0
6311066,0056015040,JURADO,0027,2019-02-03 12:00:00.000,72.0
6311067,0056015040,JURADO,0027,2019-02-03 13:00:00.000,71.0
6311068,0056015040,JURADO,0027,2019-02-03 14:00:00.000,73.0
6311069,0056015040,JURADO,0027,2019-02-03 15:00:00.000,75.0
6311070,0056015040,JURADO,0027,2019-02-03 16:00:00.000,70.0
6311071,0056015040,JURADO,0027,2019-02-03 17:00:00.000,74.0
6311072,0056015040,JURADO,0027,2019-02-03 18:00:00.000,78.0
6311073,0056015040,JURADO,0027,2019-02-03 19:00:00.000,79.0
6311074,0056015040,JURADO,0027,2019-02-03 20:00:00.000,82.0
6311075,0056015040,JURADO,0027,2019-02-03 21:00:00.000,84.0
6311076,0056015040,JURADO,0027,2019-02-03 22:00:00.000,84.0
6311077,0056015040,JURADO,0027,2019-02-03 23:00:00.000,68.0
6311078,0056015040,JURADO,0027,2019-02-04 00:00:00.000,70.0
6311079,0056015040,JURADO,0027,2019-02-04 01:00:00.000,74.0
6311080,0056015040,JURADO,0027,2019-02-04 02:00:00.000,76.0
6311081,0056015040,JURADO,0027,2019-02-04 03:00:00.000,78.0
6311082,0056015040,JURADO,0027,2019-02-04 04:00:00.000,81.0
6311083,0056015040,JURADO,0027,2019-02-04 05:00:00.000,83.0
6311084,0056015040,JURADO,0027,2019-02-04 06:00:00.000,84.0
6311085,0056015040,JURADO,0027,2019-02-04 07:00:00.000,85.0
6311086,0056015040,JURADO,0027,2019-02-04 08:00:00.000,78.0
6311087,0056015040,JURADO,0027,2019-02-04 09:00:00.000,69.0
6311088,0056015040,JURADO,0027,2019-02-04 10:00:00.000,66.0
6311089,0056015040,JURADO,0027,2019-02-04 11:00:00.000,55.0
6311090,0056015040,JURADO,0027,2019-02-04 12:00:00.000,72.0
6311091,0056015040,JURADO,0027,2019-02-04 13:00:00.000,71.0
6311092,0056015040,JURADO,0027,2019-02-04 14:00:00.000,71.0
6311093,0056015040,JURADO,0027,2019-02-04 15:00:00.000,72.0
6311094,0056015040,JURADO,0027,2019-02-04 16:00:00.000,72.0
6311095,0056015040,JURADO,0027,2019-02-04 17:00:00.000,75.0
6311096,0056015040,JURADO,0027,2019-02-04 18:00:00.000,78.0
6311097,0056015040,JURADO,0027,2019-02-04 19:00:00.000,81.0
6311098,0056015040,JURADO,0027,2019-02-04 20:00:00.000,84.0
6311099,0056015040,JURADO,0027,2019-02-04 21:00:00.000,86.0
6311100,0056015040,JURADO,0027,2019-02-04 22:00:00.000,84.0
6311101,0056015040,JURADO,0027,2019-02-04 23:00:00.000,75.0
6311102,0056015040,JURADO,0027,2019-02-05 00:00:00.000,76.0
6311103,0056015040,JURADO,0027,2019-02-05 01:00:00.000,77.0
6311104,0056015040,JURADO,0027,2019-02-05 02:00:00.000,81.0
6311105,0056015040,JURADO,0027,2019-02-05 03:00:00.000,83.0
6311106,0056015040,JURADO,0027,2019-02-05 04:00:00.000,84.0
6311107,0056015040,JURADO,0027,2019-02-05 05:00:00.000,84.0
6311108,0056015040,JURADO,0027,2019-02-05 06:00:00.000,82.0
6311109,0056015040,JURADO,0027,2019-02-05 07:00:00.000,82.0
6311110,0056015040,JURADO,0027,2019-02-05 08:00:00.000,79.0
6311111,0056015040,JURADO,0027,2019-02-05 09:00:00.000,70.0
6311112,0056015040,JURADO,0027,2019-02-05 10:00:00.000,65.0
6311113,0056015040,JURADO,0027,2019-02-05 11:00:00.000,71.0
6311114,0056015040,JURADO,0027,2019-02-05 12:00:00.000,74.0
6311115,0056015040,JURADO,0027,2019-02-05 13:00:00.000,73.0
6311116,0056015040,JURADO,0027,2019-02-05 14:00:00.000,75.0
6311117,0056015040,JURADO,0027,2019-02-05 15:00:00.000,70.0
6311118,0056015040,JURADO,0027,2019-02-05 16:00:00.000,70.0
6311119,0056015040,JURADO,0027,2019-02-05 17:00:00.000,75.0
6311120,0056015040,JURADO,0027,2019-02-05 18:00:00.000,83.0
6311121,0056015040,JURADO,0027,2019-02-05 19:00:00.000,84.0
6311122,0056015040,JURADO,0027,2019-02-05 20:00:00.000,86.0
6311123,0056015040,JURADO,0027,2019-02-05 21:00:00.000,86.0
6311124,0056015040,JURADO,0027,2019-02-05 22:00:00.000,73.0
6311125,0056015040,JURADO,0027,2019-02-05 23:00:00.000,72.0
6311126,0056015040,JURADO,0027,2019-02-06 00:00:00.000,74.0
6311127,0056015040,JURADO,0027,2019-02-06 01:00:00.000,75.0
6311128,0056015040,JURADO,0027,2019-02-06 02:00:00.000,77.0
6311129,0056015040,JURADO,0027,2019-02-06 03:00:00.000,77.0
6311130,0056015040,JURADO,0027,2019-02-06 04:00:00.000,75.0
6311131,0056015040,JURADO,0027,2019-02-06 05:00:00.000,76.0
6311132,0056015040,JURADO,0027,2019-02-06 06:00:00.000,78.0
6311133,0056015040,JURADO,0027,2019-02-06 07:00:00.000,79.0
6311134,0056015040,JURADO,0027,2019-02-06 08:00:00.000,79.0
6311135,0056015040,JURADO,0027,2019-02-06 09:00:00.000,69.0
6311136,0056015040,JURADO,0027,2019-02-06 10:00:00.000,62.0
6311137,0056015040,JURADO,0027,2019-02-06 11:00:00.000,57.0
6311138,0056015040,JURADO,0027,2019-02-06 12:00:00.000,54.0
6311139,0056015040,JURADO,0027,2019-02-06 13:00:00.000,72.0
6311140,0056015040,JURADO,0027,2019-02-06 14:00:00.000,73.0
6311141,0056015040,JURADO,0027,2019-02-06 15:00:00.000,76.0
6311142,0056015040,JURADO,0027,2019-02-06 16:00:00.000,77.0
6311143,0056015040,JURADO,0027,2019-02-06 17:00:00.000,80.0
6311144,0056015040,JURADO,0027,2019-02-06 18:00:00.000,83.0
6311145,0056015040,JURADO,0027,2019-02-06 19:00:00.000,80.0
6311146,0056015040,JURADO,0027,2019-02-06 20:00:00.000,67.0
6311147,0056015040,JURADO,0027,2019-02-06 21:00:00.000,66.0
6311148,0056015040,JURADO,0027,2019-02-06 22:00:00.000,67.0
6311149,0056015040,JURADO,0027,2019-02-06 23:00:00.000,69.0
6311150,0056015040,JURADO,0027,2019-02-07 00:00:00.000,71.0
6311151,0056015040,JURADO,0027,2019-02-07 01:00:00.000,72.0
6311152,0056015040,JURADO,0027,2019-02-07 02:00:00.000,72.0
6311153,0056015040,JURADO,0027,2019-02-07 03:00:00.000,73.0
6311154,0056015040,JURADO,0027,2019-02-07 04:00:00.000,75.0
6311155,0056015040,JURADO,0027,2019-02-07 05:00:00.000,77.0
6311156,0056015040,JURADO,0027,2019-02-07 06:00:00.000,77.0
6311157,0056015040,JURADO,0027,2019-02-07 07:00:00.000,78.0
6311158,0056015040,JURADO,0027,2019-02-07 08:00:00.000,75.0
6311159,0056015040,JURADO,0027,2019-02-07 09:00:00.000,68.0
6311160,0056015040,JURADO,0027,2019-02-07 10:00:00.000,60.0
6311161,0056015040,JURADO,0027,2019-02-07 11:00:00.000,64.0
6311162,0056015040,JURADO,0027,2019-02-07 12:00:00.000,72.0
6311163,0056015040,JURADO,0027,2019-02-07 13:00:00.000,75.0
6311164,0056015040,JURADO,0027,2019-02-07 14:00:00.000,80.0
6311165,0056015040,JURADO,0027,2019-02-07 15:00:00.000,80.0
6311166,0056015040,JURADO,0027,2019-02-07 16:00:00.000,80.0
6311167,0056015040,JURADO,0027,2019-02-07 17:00:00.000,80.0
6311168,0056015040,JURADO,0027,2019-02-07 18:00:00.000,83.0
6311169,0056015040,JURADO,0027,2019-02-07 19:00:00.000,85.0
6311170,0056015040,JURADO,0027,2019-02-07 20:00:00.000,87.0
6311171,0056015040,JURADO,0027,2019-02-07 21:00:00.000,88.0
6311172,0056015040,JURADO,0027,2019-02-07 22:00:00.000,82.0
6311173,0056015040,JURADO,0027,2019-02-07 23:00:00.000,74.0
6311174,0056015040,JURADO,0027,2019-02-08 00:00:00.000,73.0
6311175,0056015040,JURADO,0027,2019-02-08 01:00:00.000,75.0
6311176,0056015040,JURADO,0027,2019-02-08 02:00:00.000,78.0
6311177,0056015040,JURADO,0027,2019-02-08 03:00:00.000,78.0
6311178,0056015040,JURADO,0027,2019-02-08 04:00:00.000,79.0
6311179,0056015040,JURADO,0027,2019-02-08 05:00:00.000,80.0
6311180,0056015040,JURADO,0027,2019-02-08 06:00:00.000,82.0
6311181,0056015040,JURADO,0027,2019-02-08 07:00:00.000,84.0
6311182,0056015040,JURADO,0027,2019-02-08 08:00:00.000,82.0
6311183,0056015040,JURADO,0027,2019-02-08 09:00:00.000,69.0
6311184,0056015040,JURADO,0027,2019-02-08 10:00:00.000,62.0
6311185,0056015040,JURADO,0027,2019-02-08 11:00:00.000,68.0
6311186,0056015040,JURADO,0027,2019-02-08 12:00:00.000,73.0
6311187,0056015040,JURADO,0027,2019-02-08 13:00:00.000,74.0
6311188,0056015040,JURADO,0027,2019-02-08 14:00:00.000,77.0
6311189,0056015040,JURADO,0027,2019-02-08 15:00:00.000,80.0
6311190,0056015040,JURADO,0027,2019-02-08 16:00:00.000,78.0
6311191,0056015040,JURADO,0027,2019-02-08 17:00:00.000,82.0
6311192,0056015040,JURADO,0027,2019-02-08 18:00:00.000,84.0
6311193,0056015040,JURADO,0027,2019-02-08 19:00:00.000,86.0
6311194,0056015040,JURADO,0027,2019-02-08 20:00:00.000,87.0
6311195,0056015040,JURADO,0027,2019-02-08 21:00:00.000,89.0
6311196,0056015040,JURADO,0027,2019-02-08 22:00:00.000,89.0
6311197,0056015040,JURADO,0027,2019-02-08 23:00:00.000,75.0
6311198,0056015040,JURADO,0027,2019-02-09 00:00:00.000,70.0
6311199,0056015040,JURADO,0027,2019-02-09 01:00:00.000,70.0
6311200,0056015040,JURADO,0027,2019-02-09 02:00:00.000,70.0
6311201,0056015040,JURADO,0027,2019-02-09 03:00:00.000,71.0
6311202,0056015040,JURADO,0027,2019-02-09 04:00:00.000,71.0
6311203,0056015040,JURADO,0027,2019-02-09 05:00:00.000,71.0
6311204,0056015040,JURADO,0027,2019-02-09 06:00:00.000,71.0
6311205,0056015040,JURADO,0027,2019-02-09 07:00:00.000,70.0
6311206,0056015040,JURADO,0027,2019-02-09 08:00:00.000,69.0
6311207,0056015040,JURADO,0027,2019-02-09 09:00:00.000,67.0
6311208,0056015040,JURADO,0027,2019-02-09 10:00:00.000,58.0
6311209,0056015040,JURADO,0027,2019-02-09 11:00:00.000,51.0
6311210,0056015040,JURADO,0027,2019-02-09 12:00:00.000,67.0
6311211,0056015040,JURADO,0027,2019-02-09 13:00:00.000,70.0
6311212,0056015040,JURADO,0027,2019-02-09 14:00:00.000,77.0
6311213,0056015040,JURADO,0027,2019-02-09 15:00:00.000,77.0
6311214,0056015040,JURADO,0027,2019-02-09 16:00:00.000,76.0
6311215,0056015040,JURADO,0027,2019-02-09 17:00:00.000,79.0
6311216,0056015040,JURADO,0027,2019-02-09 18:00:00.000,82.0
6311217,0056015040,JURADO,0027,2019-02-09 19:00:00.000,84.0
6311218,0056015040,JURADO,0027,2019-02-09 20:00:00.000,83.0
6311219,0056015040,JURADO,0027,2019-02-09 21:00:00.000,68.0
6311220,0056015040,JURADO,0027,2019-02-09 22:00:00.000,69.0
6311221,0056015040,JURADO,0027,2019-02-09 23:00:00.000,68.0
6311222,0056015040,JURADO,0027,2019-02-10 00:00:00.000,68.0
6311223,0056015040,JURADO,0027,2019-02-10 01:00:00.000,69.0
6311224,0056015040,JURADO,0027,2019-02-10 02:00:00.000,69.0
6311225,0056015040,JURADO,0027,2019-02-10 03:00:00.000,70.0
6311226,0056015040,JURADO,0027,2019-02-10 04:00:00.000,71.0
6311227,0056015040,JURADO,0027,2019-02-10 05:00:00.000,72.0
6311228,0056015040,JURADO,0027,2019-02-10 06:00:00.000,73.0
6311229,0056015040,JURADO,0027,2019-02-10 07:00:00.000,73.0
6311230,0056015040,JURADO,0027,2019-02-10 08:00:00.000,74.0
6311231,0056015040,JURADO,0027,2019-02-10 09:00:00.000,73.0
6311232,0056015040,JURADO,0027,2019-02-10 10:00:00.000,80.0
6311233,0056015040,JURADO,0027,2019-02-10 11:00:00.000,77.0
6311234,0056015040,JURADO,0027,2019-02-10 12:00:00.000,74.0
6311235,0056015040,JURADO,0027,2019-02-10 13:00:00.000,79.0
6311236,0056015040,JURADO,0027,2019-02-10 14:00:00.000,76.0
6311237,0056015040,JURADO,0027,2019-02-10 15:00:00.000,76.0
6311238,0056015040,JURADO,0027,2019-02-10 16:00:00.000,77.0
6311239,0056015040,JURADO,0027,2019-02-10 17:00:00.000,80.0
6311240,0056015040,JURADO,0027,2019-02-10 18:00:00.000,82.0
6311241,0056015040,JURADO,0027,2019-02-10 19:00:00.000,83.0
6311242,0056015040,JURADO,0027,2019-02-10 20:00:00.000,85.0
6311243,0056015040,JURADO,0027,2019-02-10 21:00:00.000,87.0
6311244,0056015040,JURADO,0027,2019-02-10 22:00:00.000,88.0
6311245,0056015040,JURADO,0027,2019-02-10 23:00:00.000,86.0
6311246,0056015040,JURADO,0027,2019-02-11 00:00:00.000,75.0
6311247,0056015040,JURADO,0027,2019-02-11 01:00:00.000,73.0
6311248,0056015040,JURADO,0027,2019-02-11 02:00:00.000,75.0
6311249,0056015040,JURADO,0027,2019-02-11 03:00:00.000,75.0
6311250,0056015040,JURADO,0027,2019-02-11 04:00:00.000,75.0
6311251,0056015040,JURADO,0027,2019-02-11 05:00:00.000,77.0
6311252,0056015040,JURADO,0027,2019-02-11 06:00:00.000,79.0
6311253,0056015040,JURADO,0027,2019-02-11 07:00:00.000,82.0
6311254,0056015040,JURADO,0027,2019-02-11 08:00:00.000,82.0
6311255,0056015040,JURADO,0027,2019-02-11 09:00:00.000,78.0
6311256,0056015040,JURADO,0027,2019-02-11 10:00:00.000,80.0
6311257,0056015040,JURADO,0027,2019-02-11 11:00:00.000,82.0
6311258,0056015040,JURADO,0027,2019-02-11 12:00:00.000,78.0
6311259,0056015040,JURADO,0027,2019-02-11 13:00:00.000,81.0
6311260,0056015040,JURADO,0027,2019-02-11 14:00:00.000,81.0
6311261,0056015040,JURADO,0027,2019-02-11 15:00:00.000,81.0
6311262,0056015040,JURADO,0027,2019-02-11 16:00:00.000,82.0
6311263,0056015040,JURADO,0027,2019-02-11 17:00:00.000,82.0
6311264,0056015040,JURADO,0027,2019-02-11 18:00:00.000,84.0
6311265,0056015040,JURADO,0027,2019-02-11 19:00:00.000,83.0
6311266,0056015040,JURADO,0027,2019-02-11 20:00:00.000,84.0
6311267,0056015040,JURADO,0027,2019-02-11 21:00:00.000,85.0
6311268,0056015040,JURADO,0027,2019-02-11 22:00:00.000,86.0
6311269,0056015040,JURADO,0027,2019-02-11 23:00:00.000,86.0
6311270,0056015040,JURADO,0027,2019-02-12 00:00:00.000,86.0
6311271,0056015040,JURADO,0027,2019-02-12 01:00:00.000,87.0
6311272,0056015040,JURADO,0027,2019-02-12 02:00:00.000,88.0
6311273,0056015040,JURADO,0027,2019-02-12 03:00:00.000,88.0
6311274,0056015040,JURADO,0027,2019-02-12 04:00:00.000,89.0
6311275,0056015040,JURADO,0027,2019-02-12 05:00:00.000,89.0
6311276,0056015040,JURADO,0027,2019-02-12 06:00:00.000,90.0
6311277,0056015040,JURADO,0027,2019-02-12 07:00:00.000,90.0
6311278,0056015040,JURADO,0027,2019-02-12 08:00:00.000,89.0
6311279,0056015040,JURADO,0027,2019-02-12 09:00:00.000,85.0
6311280,0056015040,JURADO,0027,2019-02-12 10:00:00.000,85.0
6311281,0056015040,JURADO,0027,2019-02-12 11:00:00.000,82.0
6311282,0056015040,JURADO,0027,2019-02-12 12:00:00.000,83.0
6311283,0056015040,JURADO,0027,2019-02-12 13:00:00.000,83.0
6311284,0056015040,JURADO,0027,2019-02-12 14:00:00.000,83.0
6311285,0056015040,JURADO,0027,2019-02-12 15:00:00.000,84.0
6311286,0056015040,JURADO,0027,2019-02-12 16:00:00.000,84.0
6311287,0056015040,JURADO,0027,2019-02-12 17:00:00.000,83.0
6311288,0056015040,JURADO,0027,2019-02-12 18:00:00.000,85.0
6311289,0056015040,JURADO,0027,2019-02-12 19:00:00.000,87.0
6311290,0056015040,JURADO,0027,2019-02-12 20:00:00.000,89.0
6311291,0056015040,JURADO,0027,2019-02-12 21:00:00.000,90.0
6311292,0056015040,JURADO,0027,2019-02-12 22:00:00.000,90.0
6311293,0056015040,JURADO,0027,2019-02-12 23:00:00.000,91.0
6311294,0056015040,JURADO,0027,2019-02-13 00:00:00.000,91.0
6311295,0056015040,JURADO,0027,2019-02-13 01:00:00.000,92.0
6311296,0056015040,JURADO,0027,2019-02-13 02:00:00.000,92.0
6311297,0056015040,JURADO,0027,2019-02-13 03:00:00.000,92.0
6311298,0056015040,JURADO,0027,2019-02-13 04:00:00.000,92.0
6311299,0056015040,JURADO,0027,2019-02-13 05:00:00.000,93.0
6311300,0056015040,JURADO,0027,2019-02-13 06:00:00.000,93.0
6311301,0056015040,JURADO,0027,2019-02-13 07:00:00.000,93.0
6311302,0056015040,JURADO,0027,2019-02-13 08:00:00.000,94.0
6311303,0056015040,JURADO,0027,2019-02-13 09:00:00.000,93.0
6311304,0056015040,JURADO,0027,2019-02-13 10:00:00.000,93.0
6311305,0056015040,JURADO,0027,2019-02-13 11:00:00.000,91.0
6311306,0056015040,JURADO,0027,2019-02-13 12:00:00.000,90.0
6311307,0056015040,JURADO,0027,2019-02-13 13:00:00.000,89.0
6311308,0056015040,JURADO,0027,2019-02-13 14:00:00.000,89.0
6311309,0056015040,JURADO,0027,2019-02-13 15:00:00.000,87.0
6311310,0056015040,JURADO,0027,2019-02-13 16:00:00.000,88.0
6311311,0056015040,JURADO,0027,2019-02-13 17:00:00.000,88.0
6311312,0056015040,JURADO,0027,2019-02-13 18:00:00.000,88.0
6311313,0056015040,JURADO,0027,2019-02-13 19:00:00.000,88.0
6311314,0056015040,JURADO,0027,2019-02-13 20:00:00.000,90.0
6311315,0056015040,JURADO,0027,2019-02-13 21:00:00.000,91.0
6311316,0056015040,JURADO,0027,2019-02-13 22:00:00.000,92.0
6311317,0056015040,JURADO,0027,2019-02-13 23:00:00.000,92.0
6311318,0056015040,JURADO,0027,2019-02-14 00:00:00.000,93.0
6311319,0056015040,JURADO,0027,2019-02-14 01:00:00.000,93.0
6311320,0056015040,JURADO,0027,2019-02-14 02:00:00.000,94.0
6311321,0056015040,JURADO,0027,2019-02-14 03:00:00.000,94.0
6311322,0056015040,JURADO,0027,2019-02-14 04:00:00.000,93.0
6311323,0056015040,JURADO,0027,2019-02-14 05:00:00.000,92.0
6311324,0056015040,JURADO,0027,2019-02-14 06:00:00.000,92.0
6311325,0056015040,JURADO,0027,2019-02-14 07:00:00.000,92.0
6311326,0056015040,JURADO,0027,2019-02-14 08:00:00.000,91.0
6311327,0056015040,JURADO,0027,2019-02-14 09:00:00.000,84.0
6311328,0056015040,JURADO,0027,2019-02-14 10:00:00.000,71.0
6311329,0056015040,JURADO,0027,2019-02-14 11:00:00.000,64.0
6311330,0056015040,JURADO,0027,2019-02-14 12:00:00.000,73.0
6311331,0056015040,JURADO,0027,2019-02-14 13:00:00.000,80.0
6311332,0056015040,JURADO,0027,2019-02-14 14:00:00.000,75.0
6311333,0056015040,JURADO,0027,2019-02-14 15:00:00.000,77.0
6311334,0056015040,JURADO,0027,2019-02-14 16:00:00.000,79.0
6311335,0056015040,JURADO,0027,2019-02-14 17:00:00.000,75.0
6311336,0056015040,JURADO,0027,2019-02-14 18:00:00.000,78.0
6311337,0056015040,JURADO,0027,2019-02-14 19:00:00.000,80.0
6311338,0056015040,JURADO,0027,2019-02-14 20:00:00.000,81.0
6311339,0056015040,JURADO,0027,2019-02-14 21:00:00.000,84.0
6311340,0056015040,JURADO,0027,2019-02-14 22:00:00.000,88.0
6311341,0056015040,JURADO,0027,2019-02-14 23:00:00.000,89.0
6311342,0056015040,JURADO,0027,2019-02-15 00:00:00.000,90.0
6311343,0056015040,JURADO,0027,2019-02-15 01:00:00.000,90.0
6311344,0056015040,JURADO,0027,2019-02-15 02:00:00.000,90.0
6311345,0056015040,JURADO,0027,2019-02-15 03:00:00.000,90.0
6311346,0056015040,JURADO,0027,2019-02-15 04:00:00.000,88.0
6311347,0056015040,JURADO,0027,2019-02-15 05:00:00.000,86.0
6311348,0056015040,JURADO,0027,2019-02-15 06:00:00.000,84.0
6311349,0056015040,JURADO,0027,2019-02-15 07:00:00.000,81.0
6311350,0056015040,JURADO,0027,2019-02-15 08:00:00.000,79.0
6311351,0056015040,JURADO,0027,2019-02-15 09:00:00.000,75.0
6311352,0056015040,JURADO,0027,2019-02-15 10:00:00.000,70.0
6311353,0056015040,JURADO,0027,2019-02-15 11:00:00.000,61.0
6311354,0056015040,JURADO,0027,2019-02-15 12:00:00.000,70.0
6311355,0056015040,JURADO,0027,2019-02-15 13:00:00.000,72.0
6311356,0056015040,JURADO,0027,2019-02-15 14:00:00.000,74.0
6311357,0056015040,JURADO,0027,2019-02-15 15:00:00.000,74.0
6311358,0056015040,JURADO,0027,2019-02-15 16:00:00.000,76.0
6311359,0056015040,JURADO,0027,2019-02-15 17:00:00.000,77.0
6311360,0056015040,JURADO,0027,2019-02-15 18:00:00.000,78.0
6311361,0056015040,JURADO,0027,2019-02-15 19:00:00.000,80.0
6311362,0056015040,JURADO,0027,2019-02-15 20:00:00.000,84.0
6311363,0056015040,JURADO,0027,2019-02-15 21:00:00.000,86.0
6311364,0056015040,JURADO,0027,2019-02-15 22:00:00.000,88.0
6311365,0056015040,JURADO,0027,2019-02-15 23:00:00.000,86.0
6311366,0056015040,JURADO,0027,2019-02-16 00:00:00.000,84.0
6311367,0056015040,JURADO,0027,2019-02-16 01:00:00.000,83.0
6311368,0056015040,JURADO,0027,2019-02-16 02:00:00.000,82.0
6311369,0056015040,JURADO,0027,2019-02-16 03:00:00.000,80.0
6311370,0056015040,JURADO,0027,2019-02-16 04:00:00.000,80.0
6311371,0056015040,JURADO,0027,2019-02-16 05:00:00.000,77.0
6311372,0056015040,JURADO,0027,2019-02-16 06:00:00.000,81.0
6311373,0056015040,JURADO,0027,2019-02-16 07:00:00.000,82.0
6311374,0056015040,JURADO,0027,2019-02-16 08:00:00.000,82.0
6311375,0056015040,JURADO,0027,2019-02-16 09:00:00.000,74.0
6311376,0056015040,JURADO,0027,2019-02-16 10:00:00.000,60.0
6311377,0056015040,JURADO,0027,2019-02-16 11:00:00.000,64.0
6311378,0056015040,JURADO,0027,2019-02-16 12:00:00.000,71.0
6311379,0056015040,JURADO,0027,2019-02-16 13:00:00.000,73.0
6311380,0056015040,JURADO,0027,2019-02-16 14:00:00.000,76.0
6311381,0056015040,JURADO,0027,2019-02-16 15:00:00.000,77.0
6311382,0056015040,JURADO,0027,2019-02-16 16:00:00.000,78.0
6311383,0056015040,JURADO,0027,2019-02-16 17:00:00.000,81.0
6311384,0056015040,JURADO,0027,2019-02-16 18:00:00.000,83.0
6311385,0056015040,JURADO,0027,2019-02-16 19:00:00.000,84.0
6311386,0056015040,JURADO,0027,2019-02-16 20:00:00.000,85.0
6311387,0056015040,JURADO,0027,2019-02-16 21:00:00.000,87.0
6311388,0056015040,JURADO,0027,2019-02-16 22:00:00.000,88.0
6311389,0056015040,JURADO,0027,2019-02-16 23:00:00.000,90.0
6311390,0056015040,JURADO,0027,2019-02-17 00:00:00.000,91.0
6311391,0056015040,JURADO,0027,2019-02-17 01:00:00.000,91.0
6311392,0056015040,JURADO,0027,2019-02-17 02:00:00.000,91.0
6311393,0056015040,JURADO,0027,2019-02-17 03:00:00.000,89.0
6311394,0056015040,JURADO,0027,2019-02-17 04:00:00.000,88.0
6311395,0056015040,JURADO,0027,2019-02-17 05:00:00.000,88.0
6311396,0056015040,JURADO,0027,2019-02-17 06:00:00.000,88.0
6311397,0056015040,JURADO,0027,2019-02-17 07:00:00.000,86.0
6311398,0056015040,JURADO,0027,2019-02-17 08:00:00.000,84.0
6311399,0056015040,JURADO,0027,2019-02-17 09:00:00.000,74.0
6311400,0056015040,JURADO,0027,2019-02-17 10:00:00.000,70.0
6311401,0056015040,JURADO,0027,2019-02-17 11:00:00.000,72.0
6311402,0056015040,JURADO,0027,2019-02-17 12:00:00.000,76.0
6311403,0056015040,JURADO,0027,2019-02-17 13:00:00.000,77.0
6311404,0056015040,JURADO,0027,2019-02-17 14:00:00.000,74.0
6311405,0056015040,JURADO,0027,2019-02-17 15:00:00.000,77.0
6311406,0056015040,JURADO,0027,2019-02-17 16:00:00.000,78.0
6311407,0056015040,JURADO,0027,2019-02-17 17:00:00.000,80.0
6311408,0056015040,JURADO,0027,2019-02-17 18:00:00.000,80.0
6311409,0056015040,JURADO,0027,2019-02-17 19:00:00.000,83.0
6311410,0056015040,JURADO,0027,2019-02-17 20:00:00.000,85.0
6311411,0056015040,JURADO,0027,2019-02-17 21:00:00.000,88.0
6311412,0056015040,JURADO,0027,2019-02-17 22:00:00.000,89.0
6311413,0056015040,JURADO,0027,2019-02-17 23:00:00.000,91.0
6311414,0056015040,JURADO,0027,2019-02-18 00:00:00.000,92.0
6311415,0056015040,JURADO,0027,2019-02-18 01:00:00.000,92.0
6311416,0056015040,JURADO,0027,2019-02-18 02:00:00.000,93.0
6311417,0056015040,JURADO,0027,2019-02-18 03:00:00.000,93.0
6311418,0056015040,JURADO,0027,2019-02-18 04:00:00.000,93.0
6311419,0056015040,JURADO,0027,2019-02-18 05:00:00.000,94.0
6311420,0056015040,JURADO,0027,2019-02-18 06:00:00.000,93.0
6311421,0056015040,JURADO,0027,2019-02-18 07:00:00.000,93.0
6311422,0056015040,JURADO,0027,2019-02-18 08:00:00.000,92.0
6311423,0056015040,JURADO,0027,2019-02-18 09:00:00.000,88.0
6311424,0056015040,JURADO,0027,2019-02-18 10:00:00.000,82.0
6311425,0056015040,JURADO,0027,2019-02-18 11:00:00.000,72.0
6311426,0056015040,JURADO,0027,2019-02-18 12:00:00.000,75.0
6311427,0056015040,JURADO,0027,2019-02-18 13:00:00.000,78.0
6311428,0056015040,JURADO,0027,2019-02-18 14:00:00.000,77.0
6311429,0056015040,JURADO,0027,2019-02-18 15:00:00.000,79.0
6311430,0056015040,JURADO,0027,2019-02-18 16:00:00.000,80.0
6311431,0056015040,JURADO,0027,2019-02-18 17:00:00.000,83.0
6311432,0056015040,JURADO,0027,2019-02-18 18:00:00.000,84.0
6311433,0056015040,JURADO,0027,2019-02-18 19:00:00.000,85.0
6311434,0056015040,JURADO,0027,2019-02-18 20:00:00.000,85.0
6311435,0056015040,JURADO,0027,2019-02-18 21:00:00.000,85.0
6311436,0056015040,JURADO,0027,2019-02-18 22:00:00.000,85.0
6311437,0056015040,JURADO,0027,2019-02-18 23:00:00.000,86.0
6311438,0056015040,JURADO,0027,2019-02-19 00:00:00.000,87.0
6311439,0056015040,JURADO,0027,2019-02-19 01:00:00.000,89.0
6311440,0056015040,JURADO,0027,2019-02-19 02:00:00.000,90.0
6311441,0056015040,JURADO,0027,2019-02-19 03:00:00.000,92.0
6311442,0056015040,JURADO,0027,2019-02-19 04:00:00.000,92.0
6311443,0056015040,JURADO,0027,2019-02-19 05:00:00.000,93.0
6311444,0056015040,JURADO,0027,2019-02-19 06:00:00.000,93.0
6311445,0056015040,JURADO,0027,2019-02-19 07:00:00.000,93.0
6311446,0056015040,JURADO,0027,2019-02-19 08:00:00.000,93.0
6311447,0056015040,JURADO,0027,2019-02-19 09:00:00.000,89.0
6311448,0056015040,JURADO,0027,2019-02-19 10:00:00.000,69.0
6311449,0056015040,JURADO,0027,2019-02-19 11:00:00.000,71.0
6311450,0056015040,JURADO,0027,2019-02-19 12:00:00.000,72.0
6311451,0056015040,JURADO,0027,2019-02-19 13:00:00.000,76.0
6311452,0056015040,JURADO,0027,2019-02-19 14:00:00.000,79.0
6311453,0056015040,JURADO,0027,2019-02-19 15:00:00.000,83.0
6311454,0056015040,JURADO,0027,2019-02-19 16:00:00.000,86.0
6311455,0056015040,JURADO,0027,2019-02-19 17:00:00.000,83.0
6311456,0056015040,JURADO,0027,2019-02-19 18:00:00.000,80.0
6311457,0056015040,JURADO,0027,2019-02-19 19:00:00.000,80.0
6311458,0056015040,JURADO,0027,2019-02-19 20:00:00.000,79.0
6311459,0056015040,JURADO,0027,2019-02-19 21:00:00.000,86.0
6311460,0056015040,JURADO,0027,2019-02-19 22:00:00.000,89.0
6311461,0056015040,JURADO,0027,2019-02-19 23:00:00.000,91.0
6311462,0056015040,JURADO,0027,2019-02-20 00:00:00.000,93.0
6311463,0056015040,JURADO,0027,2019-02-20 01:00:00.000,93.0
6311464,0056015040,JURADO,0027,2019-02-20 02:00:00.000,93.0
6311465,0056015040,JURADO,0027,2019-02-20 03:00:00.000,92.0
6311466,0056015040,JURADO,0027,2019-02-20 04:00:00.000,90.0
6311467,0056015040,JURADO,0027,2019-02-20 05:00:00.000,91.0
6311468,0056015040,JURADO,0027,2019-02-20 06:00:00.000,91.0
6311469,0056015040,JURADO,0027,2019-02-20 07:00:00.000,92.0
6311470,0056015040,JURADO,0027,2019-02-20 08:00:00.000,92.0
6311471,0056015040,JURADO,0027,2019-02-20 09:00:00.000,91.0
6311472,0056015040,JURADO,0027,2019-02-20 10:00:00.000,90.0
6311473,0056015040,JURADO,0027,2019-02-20 11:00:00.000,82.0
6311474,0056015040,JURADO,0027,2019-02-20 12:00:00.000,68.0
6311475,0056015040,JURADO,0027,2019-02-20 13:00:00.000,70.0
6311476,0056015040,JURADO,0027,2019-02-20 14:00:00.000,72.0
6311477,0056015040,JURADO,0027,2019-02-20 15:00:00.000,77.0
6311478,0056015040,JURADO,0027,2019-02-20 16:00:00.000,81.0
6311479,0056015040,JURADO,0027,2019-02-20 17:00:00.000,83.0
6311480,0056015040,JURADO,0027,2019-02-20 18:00:00.000,83.0
6311481,0056015040,JURADO,0027,2019-02-20 19:00:00.000,83.0
6311482,0056015040,JURADO,0027,2019-02-20 20:00:00.000,86.0
6311483,0056015040,JURADO,0027,2019-02-20 21:00:00.000,89.0
6311484,0056015040,JURADO,0027,2019-02-20 22:00:00.000,91.0
6311485,0056015040,JURADO,0027,2019-02-20 23:00:00.000,92.0
6311486,0056015040,JURADO,0027,2019-02-21 00:00:00.000,92.0
6311487,0056015040,JURADO,0027,2019-02-21 01:00:00.000,93.0
6311488,0056015040,JURADO,0027,2019-02-21 02:00:00.000,93.0
6311489,0056015040,JURADO,0027,2019-02-21 03:00:00.000,93.0
6311490,0056015040,JURADO,0027,2019-02-21 04:00:00.000,93.0
6311491,0056015040,JURADO,0027,2019-02-21 05:00:00.000,93.0
6311492,0056015040,JURADO,0027,2019-02-21 06:00:00.000,93.0
6311493,0056015040,JURADO,0027,2019-02-21 07:00:00.000,92.0
6311494,0056015040,JURADO,0027,2019-02-21 08:00:00.000,90.0
6311495,0056015040,JURADO,0027,2019-02-21 09:00:00.000,79.0
6311496,0056015040,JURADO,0027,2019-02-21 10:00:00.000,76.0
6311497,0056015040,JURADO,0027,2019-02-21 11:00:00.000,82.0
6311498,0056015040,JURADO,0027,2019-02-21 12:00:00.000,82.0
6311499,0056015040,JURADO,0027,2019-02-21 13:00:00.000,81.0
6311500,0056015040,JURADO,0027,2019-02-21 14:00:00.000,81.0
6311501,0056015040,JURADO,0027,2019-02-21 15:00:00.000,80.0
6311502,0056015040,JURADO,0027,2019-02-21 16:00:00.000,81.0
6311503,0056015040,JURADO,0027,2019-02-21 17:00:00.000,80.0
6311504,0056015040,JURADO,0027,2019-02-21 18:00:00.000,83.0
6311505,0056015040,JURADO,0027,2019-02-21 19:00:00.000,85.0
6311506,0056015040,JURADO,0027,2019-02-21 20:00:00.000,85.0
6311507,0056015040,JURADO,0027,2019-02-21 21:00:00.000,89.0
6311508,0056015040,JURADO,0027,2019-02-21 22:00:00.000,90.0
6311509,0056015040,JURADO,0027,2019-02-21 23:00:00.000,91.0
6311510,0056015040,JURADO,0027,2019-02-22 00:00:00.000,91.0
6311511,0056015040,JURADO,0027,2019-02-22 01:00:00.000,92.0
6311512,0056015040,JURADO,0027,2019-02-22 02:00:00.000,91.0
6311513,0056015040,JURADO,0027,2019-02-22 03:00:00.000,91.0
6311514,0056015040,JURADO,0027,2019-02-22 04:00:00.000,90.0
6311515,0056015040,JURADO,0027,2019-02-22 05:00:00.000,90.0
6311516,0056015040,JURADO,0027,2019-02-22 06:00:00.000,90.0
6311517,0056015040,JURADO,0027,2019-02-22 07:00:00.000,91.0
6311518,0056015040,JURADO,0027,2019-02-22 08:00:00.000,90.0
6311519,0056015040,JURADO,0027,2019-02-22 09:00:00.000,84.0
6311520,0056015040,JURADO,0027,2019-02-22 10:00:00.000,75.0
6311521,0056015040,JURADO,0027,2019-02-22 11:00:00.000,79.0
6311522,0056015040,JURADO,0027,2019-02-22 12:00:00.000,79.0
6311523,0056015040,JURADO,0027,2019-02-22 13:00:00.000,77.0
6311524,0056015040,JURADO,0027,2019-02-22 14:00:00.000,79.0
6311525,0056015040,JURADO,0027,2019-02-22 15:00:00.000,79.0
6311526,0056015040,JURADO,0027,2019-02-22 16:00:00.000,80.0
6311527,0056015040,JURADO,0027,2019-02-22 17:00:00.000,85.0
6311528,0056015040,JURADO,0027,2019-02-22 18:00:00.000,84.0
6311529,0056015040,JURADO,0027,2019-02-22 19:00:00.000,85.0
6311530,0056015040,JURADO,0027,2019-02-22 20:00:00.000,85.0
6311531,0056015040,JURADO,0027,2019-02-22 21:00:00.000,87.0
6311532,0056015040,JURADO,0027,2019-02-22 22:00:00.000,88.0
6311533,0056015040,JURADO,0027,2019-02-22 23:00:00.000,90.0
6311534,0056015040,JURADO,0027,2019-02-23 00:00:00.000,91.0
6311535,0056015040,JURADO,0027,2019-02-23 01:00:00.000,92.0
6311536,0056015040,JURADO,0027,2019-02-23 02:00:00.000,91.0
6311537,0056015040,JURADO,0027,2019-02-23 03:00:00.000,89.0
6311538,0056015040,JURADO,0027,2019-02-23 04:00:00.000,87.0
6311539,0056015040,JURADO,0027,2019-02-23 05:00:00.000,85.0
6311540,0056015040,JURADO,0027,2019-02-23 06:00:00.000,86.0
6311541,0056015040,JURADO,0027,2019-02-23 07:00:00.000,86.0
6311542,0056015040,JURADO,0027,2019-02-23 08:00:00.000,84.0
6311543,0056015040,JURADO,0027,2019-02-23 09:00:00.000,85.0
6311544,0056015040,JURADO,0027,2019-02-23 10:00:00.000,82.0
6311545,0056015040,JURADO,0027,2019-02-23 11:00:00.000,80.0
6311546,0056015040,JURADO,0027,2019-02-23 12:00:00.000,79.0
6311547,0056015040,JURADO,0027,2019-02-23 13:00:00.000,85.0
6311548,0056015040,JURADO,0027,2019-02-23 14:00:00.000,87.0
6311549,0056015040,JURADO,0027,2019-02-23 15:00:00.000,86.0
6311550,0056015040,JURADO,0027,2019-02-23 16:00:00.000,86.0
6311551,0056015040,JURADO,0027,2019-02-23 17:00:00.000,85.0
6311552,0056015040,JURADO,0027,2019-02-23 18:00:00.000,85.0
6311553,0056015040,JURADO,0027,2019-02-23 19:00:00.000,84.0
6311554,0056015040,JURADO,0027,2019-02-23 20:00:00.000,83.0
6311555,0056015040,JURADO,0027,2019-02-23 21:00:00.000,86.0
6311556,0056015040,JURADO,0027,2019-02-23 22:00:00.000,89.0
6311557,0056015040,JURADO,0027,2019-02-23 23:00:00.000,91.0
6311558,0056015040,JURADO,0027,2019-02-24 00:00:00.000,92.0
6311559,0056015040,JURADO,0027,2019-02-24 01:00:00.000,92.0
6311560,0056015040,JURADO,0027,2019-02-24 02:00:00.000,93.0
6311561,0056015040,JURADO,0027,2019-02-24 03:00:00.000,93.0
6311562,0056015040,JURADO,0027,2019-02-24 04:00:00.000,93.0
6311563,0056015040,JURADO,0027,2019-02-24 05:00:00.000,93.0
6311564,0056015040,JURADO,0027,2019-02-24 06:00:00.000,94.0
6311565,0056015040,JURADO,0027,2019-02-24 07:00:00.000,94.0
6311566,0056015040,JURADO,0027,2019-02-24 08:00:00.000,94.0
6311567,0056015040,JURADO,0027,2019-02-24 09:00:00.000,89.0
6311568,0056015040,JURADO,0027,2019-02-24 10:00:00.000,77.0
6311569,0056015040,JURADO,0027,2019-02-24 11:00:00.000,80.0
6311570,0056015040,JURADO,0027,2019-02-24 12:00:00.000,77.0
6311571,0056015040,JURADO,0027,2019-02-24 13:00:00.000,78.0
6311572,0056015040,JURADO,0027,2019-02-24 14:00:00.000,78.0
6311573,0056015040,JURADO,0027,2019-02-24 15:00:00.000,81.0
6311574,0056015040,JURADO,0027,2019-02-24 16:00:00.000,81.0
6311575,0056015040,JURADO,0027,2019-02-24 17:00:00.000,82.0
6311576,0056015040,JURADO,0027,2019-02-24 18:00:00.000,84.0
6311577,0056015040,JURADO,0027,2019-02-24 19:00:00.000,85.0
6311578,0056015040,JURADO,0027,2019-02-24 20:00:00.000,86.0
6311579,0056015040,JURADO,0027,2019-02-24 21:00:00.000,88.0
6311580,0056015040,JURADO,0027,2019-02-24 22:00:00.000,90.0
6311581,0056015040,JURADO,0027,2019-02-24 23:00:00.000,91.0
6311582,0056015040,JURADO,0027,2019-02-25 00:00:00.000,92.0
6311583,0056015040,JURADO,0027,2019-02-25 01:00:00.000,92.0
6311584,0056015040,JURADO,0027,2019-02-25 02:00:00.000,93.0
6311585,0056015040,JURADO,0027,2019-02-25 03:00:00.000,93.0
6311586,0056015040,JURADO,0027,2019-02-25 04:00:00.000,93.0
6311587,0056015040,JURADO,0027,2019-02-25 05:00:00.000,93.0
6311588,0056015040,JURADO,0027,2019-02-25 06:00:00.000,92.0
6311589,0056015040,JURADO,0027,2019-02-25 07:00:00.000,92.0
6311590,0056015040,JURADO,0027,2019-02-25 08:00:00.000,93.0
6311591,0056015040,JURADO,0027,2019-02-25 09:00:00.000,93.0
6311592,0056015040,JURADO,0027,2019-02-25 10:00:00.000,91.0
6311593,0056015040,JURADO,0027,2019-02-25 11:00:00.000,88.0
6311594,0056015040,JURADO,0027,2019-02-25 12:00:00.000,84.0
6311595,0056015040,JURADO,0027,2019-02-25 13:00:00.000,81.0
6311596,0056015040,JURADO,0027,2019-02-25 14:00:00.000,79.0
6311597,0056015040,JURADO,0027,2019-02-25 15:00:00.000,80.0
6311598,0056015040,JURADO,0027,2019-02-25 16:00:00.000,79.0
6311599,0056015040,JURADO,0027,2019-02-25 17:00:00.000,82.0
6311600,0056015040,JURADO,0027,2019-02-25 18:00:00.000,84.0
6311601,0056015040,JURADO,0027,2019-02-25 19:00:00.000,85.0
6311602,0056015040,JURADO,0027,2019-02-25 20:00:00.000,84.0
6311603,0056015040,JURADO,0027,2019-02-25 21:00:00.000,85.0
6311604,0056015040,JURADO,0027,2019-02-25 22:00:00.000,86.0
6311605,0056015040,JURADO,0027,2019-02-25 23:00:00.000,89.0
6311606,0056015040,JURADO,0027,2019-02-26 00:00:00.000,90.0
6311607,0056015040,JURADO,0027,2019-02-26 01:00:00.000,90.0
6311608,0056015040,JURADO,0027,2019-02-26 02:00:00.000,91.0
6311609,0056015040,JURADO,0027,2019-02-26 03:00:00.000,91.0
6311610,0056015040,JURADO,0027,2019-02-26 04:00:00.000,90.0
6311611,0056015040,JURADO,0027,2019-02-26 05:00:00.000,83.0
6311612,0056015040,JURADO,0027,2019-02-26 06:00:00.000,78.0
6311613,0056015040,JURADO,0027,2019-02-26 07:00:00.000,78.0
6311614,0056015040,JURADO,0027,2019-02-26 08:00:00.000,72.0
6311615,0056015040,JURADO,0027,2019-02-26 09:00:00.000,71.0
6311616,0056015040,JURADO,0027,2019-02-26 10:00:00.000,69.0
6311617,0056015040,JURADO,0027,2019-02-26 11:00:00.000,72.0
6311618,0056015040,JURADO,0027,2019-02-26 12:00:00.000,72.0
6311619,0056015040,JURADO,0027,2019-02-26 13:00:00.000,72.0
6311620,0056015040,JURADO,0027,2019-02-26 14:00:00.000,76.0
6311621,0056015040,JURADO,0027,2019-02-26 15:00:00.000,84.0
6311622,0056015040,JURADO,0027,2019-02-26 16:00:00.000,82.0
6311623,0056015040,JURADO,0027,2019-02-26 17:00:00.000,84.0
6311624,0056015040,JURADO,0027,2019-02-26 18:00:00.000,86.0
6311625,0056015040,JURADO,0027,2019-02-26 19:00:00.000,84.0
6311626,0056015040,JURADO,0027,2019-02-26 20:00:00.000,83.0
6311627,0056015040,JURADO,0027,2019-02-26 21:00:00.000,87.0
6311628,0056015040,JURADO,0027,2019-02-26 22:00:00.000,89.0
6311629,0056015040,JURADO,0027,2019-02-26 23:00:00.000,90.0
6311630,0056015040,JURADO,0027,2019-02-27 00:00:00.000,91.0
6311631,0056015040,JURADO,0027,2019-02-27 01:00:00.000,92.0
6311632,0056015040,JURADO,0027,2019-02-27 02:00:00.000,91.0
6311633,0056015040,JURADO,0027,2019-02-27 03:00:00.000,90.0
6311634,0056015040,JURADO,0027,2019-02-27 04:00:00.000,88.0
6311635,0056015040,JURADO,0027,2019-02-27 05:00:00.000,86.0
6311636,0056015040,JURADO,0027,2019-02-27 06:00:00.000,85.0
6311637,0056015040,JURADO,0027,2019-02-27 07:00:00.000,86.0
6311638,0056015040,JURADO,0027,2019-02-27 08:00:00.000,83.0
6311639,0056015040,JURADO,0027,2019-02-27 09:00:00.000,74.0
6311640,0056015040,JURADO,0027,2019-02-27 10:00:00.000,67.0
6311641,0056015040,JURADO,0027,2019-02-27 11:00:00.000,71.0
6311642,0056015040,JURADO,0027,2019-02-27 12:00:00.000,76.0
6311643,0056015040,JURADO,0027,2019-02-27 13:00:00.000,77.0
6311644,0056015040,JURADO,0027,2019-02-27 14:00:00.000,78.0
6311645,0056015040,JURADO,0027,2019-02-27 15:00:00.000,75.0
6311646,0056015040,JURADO,0027,2019-02-27 16:00:00.000,77.0
6311647,0056015040,JURADO,0027,2019-02-27 17:00:00.000,79.0
6311648,0056015040,JURADO,0027,2019-02-27 18:00:00.000,79.0
6311649,0056015040,JURADO,0027,2019-02-27 19:00:00.000,82.0
6311650,0056015040,JURADO,0027,2019-02-27 20:00:00.000,85.0
6311651,0056015040,JURADO,0027,2019-02-27 21:00:00.000,86.0
6311652,0056015040,JURADO,0027,2019-02-27 22:00:00.000,86.0
6311653,0056015040,JURADO,0027,2019-02-27 23:00:00.000,88.0
6311654,0056015040,JURADO,0027,2019-02-28 00:00:00.000,89.0
6311655,0056015040,JURADO,0027,2019-02-28 01:00:00.000,89.0
6311656,0056015040,JURADO,0027,2019-02-28 02:00:00.000,90.0
6311657,0056015040,JURADO,0027,2019-02-28 03:00:00.000,90.0
6311658,0056015040,JURADO,0027,2019-02-28 04:00:00.000,90.0
6311659,0056015040,JURADO,0027,2019-02-28 05:00:00.000,90.0
6311660,0056015040,JURADO,0027,2019-02-28 06:00:00.000,88.0
6311661,0056015040,JURADO,0027,2019-02-28 07:00:00.000,86.0
6311662,0056015040,JURADO,0027,2019-02-28 08:00:00.000,85.0
6311663,0056015040,JURADO,0027,2019-02-28 09:00:00.000,75.0
6311664,0056015040,JURADO,0027,2019-02-28 10:00:00.000,65.0
6311665,0056015040,JURADO,0027,2019-02-28 11:00:00.000,52.0
6311666,0056015040,JURADO,0027,2019-02-28 12:00:00.000,72.0
6311667,0056015040,JURADO,0027,2019-02-28 13:00:00.000,75.0
6311668,0056015040,JURADO,0027,2019-02-28 14:00:00.000,79.0
6311669,0056015040,JURADO,0027,2019-02-28 15:00:00.000,80.0
6311670,0056015040,JURADO,0027,2019-02-28 16:00:00.000,82.0
6311671,0056015040,JURADO,0027,2019-02-28 17:00:00.000,83.0
6311672,0056015040,JURADO,0027,2019-02-28 18:00:00.000,86.0
6311673,0056015040,JURADO,0027,2019-02-28 19:00:00.000,88.0
6311674,0056015040,JURADO,0027,2019-02-28 20:00:00.000,89.0
6311675,0056015040,JURADO,0027,2019-02-28 21:00:00.000,89.0
6311676,0056015040,JURADO,0027,2019-02-28 22:00:00.000,90.0
6311677,0056015040,JURADO,0027,2019-02-28 23:00:00.000,91.0
6311678,0056015040,JURADO,0027,2019-03-01 00:00:00.000,91.0
6311679,0056015040,JURADO,0027,2019-03-01 01:00:00.000,92.0
6311680,0056015040,JURADO,0027,2019-03-01 02:00:00.000,92.0
6311681,0056015040,JURADO,0027,2019-03-01 03:00:00.000,91.0
6311682,0056015040,JURADO,0027,2019-03-01 04:00:00.000,88.0
6311683,0056015040,JURADO,0027,2019-03-01 05:00:00.000,87.0
6311684,0056015040,JURADO,0027,2019-03-01 06:00:00.000,85.0
6311685,0056015040,JURADO,0027,2019-03-01 07:00:00.000,84.0
6311686,0056015040,JURADO,0027,2019-03-01 08:00:00.000,80.0
6311687,0056015040,JURADO,0027,2019-03-01 09:00:00.000,70.0
6311688,0056015040,JURADO,0027,2019-03-01 10:00:00.000,61.0
6311689,0056015040,JURADO,0027,2019-03-01 11:00:00.000,71.0
6311690,0056015040,JURADO,0027,2019-03-01 12:00:00.000,76.0
6311691,0056015040,JURADO,0027,2019-03-01 13:00:00.000,77.0
6311692,0056015040,JURADO,0027,2019-03-01 14:00:00.000,82.0
6311693,0056015040,JURADO,0027,2019-03-01 15:00:00.000,81.0
6311694,0056015040,JURADO,0027,2019-03-01 16:00:00.000,82.0
6311695,0056015040,JURADO,0027,2019-03-01 17:00:00.000,83.0
6311696,0056015040,JURADO,0027,2019-03-01 18:00:00.000,83.0
6311697,0056015040,JURADO,0027,2019-03-01 19:00:00.000,87.0
6311698,0056015040,JURADO,0027,2019-03-01 20:00:00.000,88.0
6311699,0056015040,JURADO,0027,2019-03-01 21:00:00.000,89.0
6311700,0056015040,JURADO,0027,2019-03-01 22:00:00.000,90.0
6311701,0056015040,JURADO,0027,2019-03-01 23:00:00.000,90.0
6311702,0056015040,JURADO,0027,2019-03-02 00:00:00.000,89.0
6311703,0056015040,JURADO,0027,2019-03-02 12:00:00.000,72.0
6311704,0056015040,JURADO,0027,2019-03-02 13:00:00.000,76.0
6311705,0056015040,JURADO,0027,2019-03-02 14:00:00.000,78.0
6311706,0056015040,JURADO,0027,2019-03-02 15:00:00.000,79.0
6311707,0056015040,JURADO,0027,2019-03-02 16:00:00.000,82.0
6311708,0056015040,JURADO,0027,2019-03-02 17:00:00.000,85.0
6311709,0056015040,JURADO,0027,2019-03-02 18:00:00.000,88.0
6311710,0056015040,JURADO,0027,2019-03-02 19:00:00.000,89.0
6311711,0056015040,JURADO,0027,2019-03-02 20:00:00.000,90.0
6311712,0056015040,JURADO,0027,2019-03-02 21:00:00.000,90.0
6311713,0056015040,JURADO,0027,2019-03-02 22:00:00.000,91.0
6311714,0056015040,JURADO,0027,2019-03-02 23:00:00.000,92.0
6311715,0056015040,JURADO,0027,2019-03-03 00:00:00.000,92.0
6311716,0056015040,JURADO,0027,2019-03-03 01:00:00.000,92.0
6311717,0056015040,JURADO,0027,2019-03-03 02:00:00.000,92.0
6311718,0056015040,JURADO,0027,2019-03-03 03:00:00.000,91.0
6311719,0056015040,JURADO,0027,2019-03-03 04:00:00.000,84.0
6311720,0056015040,JURADO,0027,2019-03-03 05:00:00.000,83.0
6311721,0056015040,JURADO,0027,2019-03-03 06:00:00.000,82.0
6311722,0056015040,JURADO,0027,2019-03-03 07:00:00.000,83.0
6311723,0056015040,JURADO,0027,2019-03-03 08:00:00.000,80.0
6311724,0056015040,JURADO,0027,2019-03-03 09:00:00.000,71.0
6311725,0056015040,JURADO,0027,2019-03-03 10:00:00.000,61.0
6311726,0056015040,JURADO,0027,2019-03-03 11:00:00.000,71.0
6311727,0056015040,JURADO,0027,2019-03-03 12:00:00.000,74.0
6311728,0056015040,JURADO,0027,2019-03-03 13:00:00.000,82.0
6311729,0056015040,JURADO,0027,2019-03-03 14:00:00.000,81.0
6311730,0056015040,JURADO,0027,2019-03-03 15:00:00.000,80.0
6311731,0056015040,JURADO,0027,2019-03-03 16:00:00.000,81.0
6311732,0056015040,JURADO,0027,2019-03-03 17:00:00.000,83.0
6311733,0056015040,JURADO,0027,2019-03-03 18:00:00.000,86.0
6311734,0056015040,JURADO,0027,2019-03-03 19:00:00.000,87.0
6311735,0056015040,JURADO,0027,2019-03-03 20:00:00.000,89.0
6311736,0056015040,JURADO,0027,2019-03-03 21:00:00.000,90.0
6311737,0056015040,JURADO,0027,2019-03-03 22:00:00.000,90.0
6311738,0056015040,JURADO,0027,2019-03-03 23:00:00.000,91.0
6311739,0056015040,JURADO,0027,2019-03-04 00:00:00.000,91.0
6311740,0056015040,JURADO,0027,2019-03-04 01:00:00.000,92.0
6311741,0056015040,JURADO,0027,2019-03-04 02:00:00.000,92.0
6311742,0056015040,JURADO,0027,2019-03-04 03:00:00.000,91.0
6311743,0056015040,JURADO,0027,2019-03-04 04:00:00.000,91.0
6311744,0056015040,JURADO,0027,2019-03-04 05:00:00.000,91.0
6311745,0056015040,JURADO,0027,2019-03-04 06:00:00.000,89.0
6311746,0056015040,JURADO,0027,2019-03-04 07:00:00.000,90.0
6311747,0056015040,JURADO,0027,2019-03-04 08:00:00.000,87.0
6311748,0056015040,JURADO,0027,2019-03-04 09:00:00.000,79.0
6311749,0056015040,JURADO,0027,2019-03-04 10:00:00.000,73.0
6311750,0056015040,JURADO,0027,2019-03-04 12:00:00.000,80.0
6311751,0056015040,JURADO,0027,2019-03-04 13:00:00.000,79.0
6311752,0056015040,JURADO,0027,2019-03-04 14:00:00.000,81.0
6311753,0056015040,JURADO,0027,2019-03-04 15:00:00.000,81.0
6311754,0056015040,JURADO,0027,2019-03-04 16:00:00.000,82.0
6311755,0056015040,JURADO,0027,2019-03-04 17:00:00.000,83.0
6311756,0056015040,JURADO,0027,2019-03-04 18:00:00.000,84.0
6311757,0056015040,JURADO,0027,2019-03-04 19:00:00.000,85.0
6311758,0056015040,JURADO,0027,2019-03-04 20:00:00.000,85.0
6311759,0056015040,JURADO,0027,2019-03-04 21:00:00.000,86.0
6311760,0056015040,JURADO,0027,2019-03-04 22:00:00.000,87.0
6311761,0056015040,JURADO,0027,2019-03-04 23:00:00.000,87.0
6311762,0056015040,JURADO,0027,2019-03-05 00:00:00.000,87.0
6311763,0056015040,JURADO,0027,2019-03-05 01:00:00.000,87.0
6311764,0056015040,JURADO,0027,2019-03-05 02:00:00.000,85.0
6311765,0056015040,JURADO,0027,2019-03-05 03:00:00.000,84.0
6311766,0056015040,JURADO,0027,2019-03-05 04:00:00.000,85.0
6311767,0056015040,JURADO,0027,2019-03-05 05:00:00.000,88.0
6311768,0056015040,JURADO,0027,2019-03-05 06:00:00.000,88.0
6311769,0056015040,JURADO,0027,2019-03-05 07:00:00.000,88.0
6311770,0056015040,JURADO,0027,2019-03-05 08:00:00.000,85.0
6311771,0056015040,JURADO,0027,2019-03-05 09:00:00.000,70.0
6311772,0056015040,JURADO,0027,2019-03-05 10:00:00.000,59.0
6311773,0056015040,JURADO,0027,2019-03-05 11:00:00.000,71.0
6311774,0056015040,JURADO,0027,2019-03-05 12:00:00.000,73.0
6311775,0056015040,JURADO,0027,2019-03-05 13:00:00.000,73.0
6311776,0056015040,JURADO,0027,2019-03-05 14:00:00.000,80.0
6311777,0056015040,JURADO,0027,2019-03-05 15:00:00.000,81.0
6311778,0056015040,JURADO,0027,2019-03-05 16:00:00.000,83.0
6311779,0056015040,JURADO,0027,2019-03-05 17:00:00.000,85.0
6311780,0056015040,JURADO,0027,2019-03-05 18:00:00.000,85.0
6311781,0056015040,JURADO,0027,2019-03-05 19:00:00.000,86.0
6311782,0056015040,JURADO,0027,2019-03-05 20:00:00.000,88.0
6311783,0056015040,JURADO,0027,2019-03-05 21:00:00.000,90.0
6311784,0056015040,JURADO,0027,2019-03-05 22:00:00.000,89.0
6311785,0056015040,JURADO,0027,2019-03-05 23:00:00.000,69.0
6311786,0056015040,JURADO,0027,2019-03-06 00:00:00.000,69.0
6311787,0056015040,JURADO,0027,2019-03-06 01:00:00.000,69.0
6311788,0056015040,JURADO,0027,2019-03-06 02:00:00.000,71.0
6311789,0056015040,JURADO,0027,2019-03-06 03:00:00.000,72.0
6311790,0056015040,JURADO,0027,2019-03-06 04:00:00.000,74.0
6311791,0056015040,JURADO,0027,2019-03-06 05:00:00.000,76.0
6311792,0056015040,JURADO,0027,2019-03-06 06:00:00.000,76.0
6311793,0056015040,JURADO,0027,2019-03-06 07:00:00.000,78.0
6311794,0056015040,JURADO,0027,2019-03-06 08:00:00.000,73.0
6311795,0056015040,JURADO,0027,2019-03-06 09:00:00.000,68.0
6311796,0056015040,JURADO,0027,2019-03-06 10:00:00.000,58.0
6311797,0056015040,JURADO,0027,2019-03-06 11:00:00.000,67.0
6311798,0056015040,JURADO,0027,2019-03-06 12:00:00.000,54.0
6311799,0056015040,JURADO,0027,2019-03-06 13:00:00.000,72.0
6311800,0056015040,JURADO,0027,2019-03-06 14:00:00.000,76.0
6311801,0056015040,JURADO,0027,2019-03-06 15:00:00.000,76.0
6311802,0056015040,JURADO,0027,2019-03-06 16:00:00.000,77.0
6311803,0056015040,JURADO,0027,2019-03-06 17:00:00.000,81.0
6311804,0056015040,JURADO,0027,2019-03-06 18:00:00.000,83.0
6311805,0056015040,JURADO,0027,2019-03-06 19:00:00.000,67.0
6311806,0056015040,JURADO,0027,2019-03-06 20:00:00.000,61.0
6311807,0056015040,JURADO,0027,2019-03-06 21:00:00.000,65.0
6311808,0056015040,JURADO,0027,2019-03-06 22:00:00.000,67.0
6311809,0056015040,JURADO,0027,2019-03-06 23:00:00.000,69.0
6311810,0056015040,JURADO,0027,2019-03-07 00:00:00.000,71.0
6311811,0056015040,JURADO,0027,2019-03-07 01:00:00.000,72.0
6311812,0056015040,JURADO,0027,2019-03-07 02:00:00.000,73.0
6311813,0056015040,JURADO,0027,2019-03-07 03:00:00.000,75.0
6311814,0056015040,JURADO,0027,2019-03-07 04:00:00.000,76.0
6311815,0056015040,JURADO,0027,2019-03-07 05:00:00.000,76.0
6311816,0056015040,JURADO,0027,2019-03-07 06:00:00.000,75.0
6311817,0056015040,JURADO,0027,2019-03-07 07:00:00.000,74.0
6311818,0056015040,JURADO,0027,2019-03-07 08:00:00.000,70.0
6311819,0056015040,JURADO,0027,2019-03-07 09:00:00.000,64.0
6311820,0056015040,JURADO,0027,2019-03-07 10:00:00.000,57.0
6311821,0056015040,JURADO,0027,2019-03-07 11:00:00.000,51.0
6311822,0056015040,JURADO,0027,2019-03-07 12:00:00.000,61.0
6311823,0056015040,JURADO,0027,2019-03-07 13:00:00.000,66.0
6311824,0056015040,JURADO,0027,2019-03-07 14:00:00.000,72.0
6311825,0056015040,JURADO,0027,2019-03-07 15:00:00.000,77.0
6311826,0056015040,JURADO,0027,2019-03-07 16:00:00.000,81.0
6311827,0056015040,JURADO,0027,2019-03-07 17:00:00.000,80.0
6311828,0056015040,JURADO,0027,2019-03-07 18:00:00.000,82.0
6311829,0056015040,JURADO,0027,2019-03-07 19:00:00.000,83.0
6311830,0056015040,JURADO,0027,2019-03-07 20:00:00.000,66.0
6311831,0056015040,JURADO,0027,2019-03-07 21:00:00.000,63.0
6311832,0056015040,JURADO,0027,2019-03-07 22:00:00.000,65.0
6311833,0056015040,JURADO,0027,2019-03-07 23:00:00.000,67.0
6311834,0056015040,JURADO,0027,2019-03-08 00:00:00.000,68.0
6311835,0056015040,JURADO,0027,2019-03-08 01:00:00.000,69.0
6311836,0056015040,JURADO,0027,2019-03-08 02:00:00.000,71.0
6311837,0056015040,JURADO,0027,2019-03-08 03:00:00.000,71.0
6311838,0056015040,JURADO,0027,2019-03-08 04:00:00.000,72.0
6311839,0056015040,JURADO,0027,2019-03-08 05:00:00.000,73.0
6311840,0056015040,JURADO,0027,2019-03-08 06:00:00.000,75.0
6311841,0056015040,JURADO,0027,2019-03-08 07:00:00.000,75.0
6311842,0056015040,JURADO,0027,2019-03-08 08:00:00.000,70.0
6311843,0056015040,JURADO,0027,2019-03-08 09:00:00.000,67.0
6311844,0056015040,JURADO,0027,2019-03-08 10:00:00.000,59.0
6311845,0056015040,JURADO,0027,2019-03-08 11:00:00.000,65.0
6311846,0056015040,JURADO,0027,2019-03-08 12:00:00.000,68.0
6311847,0056015040,JURADO,0027,2019-03-08 13:00:00.000,72.0
6311848,0056015040,JURADO,0027,2019-03-08 14:00:00.000,77.0
6311849,0056015040,JURADO,0027,2019-03-08 15:00:00.000,77.0
6311850,0056015040,JURADO,0027,2019-03-08 16:00:00.000,77.0
6311851,0056015040,JURADO,0027,2019-03-08 17:00:00.000,81.0
6311852,0056015040,JURADO,0027,2019-03-08 18:00:00.000,84.0
6311853,0056015040,JURADO,0027,2019-03-08 19:00:00.000,86.0
6311854,0056015040,JURADO,0027,2019-03-08 20:00:00.000,87.0
6311855,0056015040,JURADO,0027,2019-03-08 21:00:00.000,69.0
6311856,0056015040,JURADO,0027,2019-03-08 22:00:00.000,70.0
6311857,0056015040,JURADO,0027,2019-03-08 23:00:00.000,71.0
6311858,0056015040,JURADO,0027,2019-03-09 00:00:00.000,71.0
6311859,0056015040,JURADO,0027,2019-03-09 01:00:00.000,73.0
6311860,0056015040,JURADO,0027,2019-03-09 02:00:00.000,74.0
6311861,0056015040,JURADO,0027,2019-03-09 03:00:00.000,76.0
6311862,0056015040,JURADO,0027,2019-03-09 04:00:00.000,76.0
6311863,0056015040,JURADO,0027,2019-03-09 05:00:00.000,76.0
6311864,0056015040,JURADO,0027,2019-03-09 06:00:00.000,76.0
6311865,0056015040,JURADO,0027,2019-03-09 07:00:00.000,76.0
6311866,0056015040,JURADO,0027,2019-03-09 08:00:00.000,78.0
6311867,0056015040,JURADO,0027,2019-03-09 09:00:00.000,81.0
6311868,0056015040,JURADO,0027,2019-03-09 10:00:00.000,79.0
6311869,0056015040,JURADO,0027,2019-03-09 11:00:00.000,82.0
6311870,0056015040,JURADO,0027,2019-03-09 12:00:00.000,81.0
6311871,0056015040,JURADO,0027,2019-03-09 13:00:00.000,82.0
6311872,0056015040,JURADO,0027,2019-03-09 14:00:00.000,75.0
6311873,0056015040,JURADO,0027,2019-03-09 15:00:00.000,77.0
6311874,0056015040,JURADO,0027,2019-03-09 16:00:00.000,76.0
6311875,0056015040,JURADO,0027,2019-03-09 17:00:00.000,82.0
6311876,0056015040,JURADO,0027,2019-03-09 18:00:00.000,84.0
6311877,0056015040,JURADO,0027,2019-03-09 19:00:00.000,85.0
6311878,0056015040,JURADO,0027,2019-03-09 20:00:00.000,86.0
6311879,0056015040,JURADO,0027,2019-03-09 21:00:00.000,79.0
6311880,0056015040,JURADO,0027,2019-03-09 22:00:00.000,75.0
6311881,0056015040,JURADO,0027,2019-03-09 23:00:00.000,73.0
6311882,0056015040,JURADO,0027,2019-03-10 00:00:00.000,73.0
6311883,0056015040,JURADO,0027,2019-03-10 01:00:00.000,75.0
6311884,0056015040,JURADO,0027,2019-03-10 02:00:00.000,76.0
6311885,0056015040,JURADO,0027,2019-03-10 03:00:00.000,77.0
6311886,0056015040,JURADO,0027,2019-03-10 04:00:00.000,76.0
6311887,0056015040,JURADO,0027,2019-03-10 05:00:00.000,77.0
6311888,0056015040,JURADO,0027,2019-03-10 06:00:00.000,77.0
6311889,0056015040,JURADO,0027,2019-03-10 07:00:00.000,79.0
6311890,0056015040,JURADO,0027,2019-03-10 08:00:00.000,79.0
6311891,0056015040,JURADO,0027,2019-03-10 09:00:00.000,82.0
6311892,0056015040,JURADO,0027,2019-03-10 10:00:00.000,84.0
6311893,0056015040,JURADO,0027,2019-03-10 11:00:00.000,80.0
6311894,0056015040,JURADO,0027,2019-03-10 12:00:00.000,79.0
6311895,0056015040,JURADO,0027,2019-03-10 13:00:00.000,79.0
6311896,0056015040,JURADO,0027,2019-03-10 14:00:00.000,80.0
6311897,0056015040,JURADO,0027,2019-03-10 15:00:00.000,75.0
6311898,0056015040,JURADO,0027,2019-03-10 16:00:00.000,77.0
6311899,0056015040,JURADO,0027,2019-03-10 17:00:00.000,82.0
6311900,0056015040,JURADO,0027,2019-03-10 18:00:00.000,84.0
6311901,0056015040,JURADO,0027,2019-03-10 19:00:00.000,84.0
6311902,0056015040,JURADO,0027,2019-03-10 20:00:00.000,86.0
6311903,0056015040,JURADO,0027,2019-03-10 21:00:00.000,86.0
6311904,0056015040,JURADO,0027,2019-03-10 22:00:00.000,86.0
6311905,0056015040,JURADO,0027,2019-03-10 23:00:00.000,86.0
6311906,0056015040,JURADO,0027,2019-03-11 00:00:00.000,86.0
6311907,0056015040,JURADO,0027,2019-03-11 01:00:00.000,87.0
6311908,0056015040,JURADO,0027,2019-03-11 02:00:00.000,87.0
6311909,0056015040,JURADO,0027,2019-03-11 03:00:00.000,89.0
6311910,0056015040,JURADO,0027,2019-03-11 04:00:00.000,90.0
6311911,0056015040,JURADO,0027,2019-03-11 05:00:00.000,91.0
6311912,0056015040,JURADO,0027,2019-03-11 06:00:00.000,91.0
6311913,0056015040,JURADO,0027,2019-03-11 07:00:00.000,91.0
6311914,0056015040,JURADO,0027,2019-03-11 08:00:00.000,91.0
6311915,0056015040,JURADO,0027,2019-03-11 09:00:00.000,91.0
6311916,0056015040,JURADO,0027,2019-03-11 10:00:00.000,89.0
6311917,0056015040,JURADO,0027,2019-03-11 11:00:00.000,86.0
6311918,0056015040,JURADO,0027,2019-03-11 12:00:00.000,85.0
6311919,0056015040,JURADO,0027,2019-03-11 13:00:00.000,84.0
6311920,0056015040,JURADO,0027,2019-03-11 14:00:00.000,81.0
6311921,0056015040,JURADO,0027,2019-03-11 15:00:00.000,83.0
6311922,0056015040,JURADO,0027,2019-03-11 16:00:00.000,83.0
6311923,0056015040,JURADO,0027,2019-03-11 17:00:00.000,84.0
6311924,0056015040,JURADO,0027,2019-03-11 18:00:00.000,86.0
6311925,0056015040,JURADO,0027,2019-03-11 19:00:00.000,88.0
6311926,0056015040,JURADO,0027,2019-03-11 20:00:00.000,89.0
6311927,0056015040,JURADO,0027,2019-03-11 21:00:00.000,90.0
6311928,0056015040,JURADO,0027,2019-03-11 22:00:00.000,89.0
6311929,0056015040,JURADO,0027,2019-03-11 23:00:00.000,88.0
6311930,0056015040,JURADO,0027,2019-03-12 00:00:00.000,86.0
6311931,0056015040,JURADO,0027,2019-03-12 01:00:00.000,89.0
6311932,0056015040,JURADO,0027,2019-03-12 02:00:00.000,90.0
6311933,0056015040,JURADO,0027,2019-03-12 03:00:00.000,89.0
6311934,0056015040,JURADO,0027,2019-03-12 04:00:00.000,90.0
6311935,0056015040,JURADO,0027,2019-03-12 05:00:00.000,83.0
6311936,0056015040,JURADO,0027,2019-03-12 06:00:00.000,80.0
6311937,0056015040,JURADO,0027,2019-03-12 07:00:00.000,77.0
6311938,0056015040,JURADO,0027,2019-03-12 08:00:00.000,75.0
6311939,0056015040,JURADO,0027,2019-03-12 09:00:00.000,68.0
6311940,0056015040,JURADO,0027,2019-03-12 10:00:00.000,57.0
6311941,0056015040,JURADO,0027,2019-03-12 11:00:00.000,71.0
6311942,0056015040,JURADO,0027,2019-03-12 12:00:00.000,75.0
6311943,0056015040,JURADO,0027,2019-03-12 13:00:00.000,77.0
6311944,0056015040,JURADO,0027,2019-03-12 14:00:00.000,72.0
6311945,0056015040,JURADO,0027,2019-03-12 15:00:00.000,78.0
6311946,0056015040,JURADO,0027,2019-03-12 16:00:00.000,77.0
6311947,0056015040,JURADO,0027,2019-03-12 17:00:00.000,81.0
6311948,0056015040,JURADO,0027,2019-03-12 18:00:00.000,84.0
6311949,0056015040,JURADO,0027,2019-03-12 19:00:00.000,86.0
6311950,0056015040,JURADO,0027,2019-03-12 20:00:00.000,87.0
6311951,0056015040,JURADO,0027,2019-03-12 21:00:00.000,86.0
6311952,0056015040,JURADO,0027,2019-03-12 22:00:00.000,68.0
6311953,0056015040,JURADO,0027,2019-03-12 23:00:00.000,67.0
6311954,0056015040,JURADO,0027,2019-03-13 00:00:00.000,69.0
6311955,0056015040,JURADO,0027,2019-03-13 01:00:00.000,70.0
6311956,0056015040,JURADO,0027,2019-03-13 02:00:00.000,71.0
6311957,0056015040,JURADO,0027,2019-03-13 03:00:00.000,72.0
6311958,0056015040,JURADO,0027,2019-03-13 04:00:00.000,72.0
6311959,0056015040,JURADO,0027,2019-03-13 05:00:00.000,74.0
6311960,0056015040,JURADO,0027,2019-03-13 06:00:00.000,75.0
6311961,0056015040,JURADO,0027,2019-03-13 07:00:00.000,73.0
6311962,0056015040,JURADO,0027,2019-03-13 08:00:00.000,69.0
6311963,0056015040,JURADO,0027,2019-03-13 09:00:00.000,79.0
6311964,0056015040,JURADO,0027,2019-03-13 10:00:00.000,76.0
6311965,0056015040,JURADO,0027,2019-03-13 11:00:00.000,75.0
6311966,0056015040,JURADO,0027,2019-03-13 12:00:00.000,70.0
6311967,0056015040,JURADO,0027,2019-03-13 13:00:00.000,78.0
6311968,0056015040,JURADO,0027,2019-03-13 14:00:00.000,82.0
6311969,0056015040,JURADO,0027,2019-03-13 15:00:00.000,81.0
6311970,0056015040,JURADO,0027,2019-03-13 16:00:00.000,80.0
6311971,0056015040,JURADO,0027,2019-03-13 17:00:00.000,81.0
6311972,0056015040,JURADO,0027,2019-03-13 18:00:00.000,83.0
6311973,0056015040,JURADO,0027,2019-03-13 19:00:00.000,84.0
6311974,0056015040,JURADO,0027,2019-03-13 20:00:00.000,85.0
6311975,0056015040,JURADO,0027,2019-03-13 21:00:00.000,85.0
6311976,0056015040,JURADO,0027,2019-03-13 22:00:00.000,85.0
6311977,0056015040,JURADO,0027,2019-03-13 23:00:00.000,86.0
6311978,0056015040,JURADO,0027,2019-03-14 00:00:00.000,84.0
6311979,0056015040,JURADO,0027,2019-03-14 01:00:00.000,80.0
6311980,0056015040,JURADO,0027,2019-03-14 02:00:00.000,77.0
6311981,0056015040,JURADO,0027,2019-03-14 03:00:00.000,75.0
6311982,0056015040,JURADO,0027,2019-03-14 04:00:00.000,76.0
6311983,0056015040,JURADO,0027,2019-03-14 05:00:00.000,80.0
6311984,0056015040,JURADO,0027,2019-03-14 06:00:00.000,80.0
6311985,0056015040,JURADO,0027,2019-03-14 07:00:00.000,78.0
6311986,0056015040,JURADO,0027,2019-03-14 08:00:00.000,76.0
6311987,0056015040,JURADO,0027,2019-03-14 09:00:00.000,78.0
6311988,0056015040,JURADO,0027,2019-03-14 10:00:00.000,78.0
6311989,0056015040,JURADO,0027,2019-03-14 11:00:00.000,78.0
6311990,0056015040,JURADO,0027,2019-03-14 12:00:00.000,78.0
6311991,0056015040,JURADO,0027,2019-03-14 13:00:00.000,74.0
6311992,0056015040,JURADO,0027,2019-03-14 14:00:00.000,72.0
6311993,0056015040,JURADO,0027,2019-03-14 15:00:00.000,73.0
6311994,0056015040,JURADO,0027,2019-03-14 16:00:00.000,77.0
6311995,0056015040,JURADO,0027,2019-03-14 17:00:00.000,81.0
6311996,0056015040,JURADO,0027,2019-03-14 18:00:00.000,83.0
6311997,0056015040,JURADO,0027,2019-03-14 19:00:00.000,85.0
6311998,0056015040,JURADO,0027,2019-03-14 20:00:00.000,86.0
6311999,0056015040,JURADO,0027,2019-03-14 21:00:00.000,87.0
6312000,0056015040,JURADO,0027,2019-03-14 22:00:00.000,89.0
6312001,0056015040,JURADO,0027,2019-03-14 23:00:00.000,90.0
6312002,0056015040,JURADO,0027,2019-03-15 00:00:00.000,91.0
6312003,0056015040,JURADO,0027,2019-03-15 01:00:00.000,92.0
6312004,0056015040,JURADO,0027,2019-03-15 02:00:00.000,92.0
6312005,0056015040,JURADO,0027,2019-03-15 03:00:00.000,92.0
6312006,0056015040,JURADO,0027,2019-03-15 04:00:00.000,92.0
6312007,0056015040,JURADO,0027,2019-03-15 05:00:00.000,92.0
6312008,0056015040,JURADO,0027,2019-03-15 06:00:00.000,92.0
6312009,0056015040,JURADO,0027,2019-03-15 07:00:00.000,92.0
6312010,0056015040,JURADO,0027,2019-03-15 08:00:00.000,91.0
6312011,0056015040,JURADO,0027,2019-03-15 09:00:00.000,88.0
6312012,0056015040,JURADO,0027,2019-03-15 10:00:00.000,83.0
6312013,0056015040,JURADO,0027,2019-03-15 11:00:00.000,78.0
6312014,0056015040,JURADO,0027,2019-03-15 12:00:00.000,75.0
6312015,0056015040,JURADO,0027,2019-03-15 13:00:00.000,79.0
6312016,0056015040,JURADO,0027,2019-03-15 14:00:00.000,82.0
6312017,0056015040,JURADO,0027,2019-03-15 15:00:00.000,84.0
6312018,0056015040,JURADO,0027,2019-03-15 16:00:00.000,84.0
6312019,0056015040,JURADO,0027,2019-03-15 17:00:00.000,85.0
6312020,0056015040,JURADO,0027,2019-03-15 18:00:00.000,87.0
6312021,0056015040,JURADO,0027,2019-03-15 19:00:00.000,88.0
6312022,0056015040,JURADO,0027,2019-03-15 20:00:00.000,89.0
6312023,0056015040,JURADO,0027,2019-03-15 21:00:00.000,90.0
6312024,0056015040,JURADO,0027,2019-03-15 22:00:00.000,91.0
6312025,0056015040,JURADO,0027,2019-03-15 23:00:00.000,91.0
6312026,0056015040,JURADO,0027,2019-03-16 00:00:00.000,91.0
6312027,0056015040,JURADO,0027,2019-03-16 01:00:00.000,91.0
6312028,0056015040,JURADO,0027,2019-03-16 02:00:00.000,89.0
6312029,0056015040,JURADO,0027,2019-03-16 03:00:00.000,84.0
6312030,0056015040,JURADO,0027,2019-03-16 04:00:00.000,85.0
6312031,0056015040,JURADO,0027,2019-03-16 05:00:00.000,87.0
6312032,0056015040,JURADO,0027,2019-03-16 06:00:00.000,88.0
6312033,0056015040,JURADO,0027,2019-03-16 07:00:00.000,89.0
6312034,0056015040,JURADO,0027,2019-03-16 08:00:00.000,84.0
6312035,0056015040,JURADO,0027,2019-03-16 09:00:00.000,68.0
6312036,0056015040,JURADO,0027,2019-03-16 10:00:00.000,68.0
6312037,0056015040,JURADO,0027,2019-03-16 11:00:00.000,76.0
6312038,0056015040,JURADO,0027,2019-03-16 12:00:00.000,76.0
6312039,0056015040,JURADO,0027,2019-03-16 13:00:00.000,77.0
6312040,0056015040,JURADO,0027,2019-03-16 14:00:00.000,79.0
6312041,0056015040,JURADO,0027,2019-03-16 15:00:00.000,79.0
6312042,0056015040,JURADO,0027,2019-03-16 16:00:00.000,83.0
6312043,0056015040,JURADO,0027,2019-03-16 17:00:00.000,81.0
6312044,0056015040,JURADO,0027,2019-03-16 18:00:00.000,82.0
6312045,0056015040,JURADO,0027,2019-03-16 19:00:00.000,84.0
6312046,0056015040,JURADO,0027,2019-03-16 20:00:00.000,85.0
6312047,0056015040,JURADO,0027,2019-03-16 21:00:00.000,85.0
6312048,0056015040,JURADO,0027,2019-03-16 22:00:00.000,70.0
6312049,0056015040,JURADO,0027,2019-03-16 23:00:00.000,71.0
6312050,0056015040,JURADO,0027,2019-03-17 00:00:00.000,72.0
6312051,0056015040,JURADO,0027,2019-03-17 01:00:00.000,73.0
6312052,0056015040,JURADO,0027,2019-03-17 02:00:00.000,74.0
6312053,0056015040,JURADO,0027,2019-03-17 03:00:00.000,77.0
6312054,0056015040,JURADO,0027,2019-03-17 04:00:00.000,76.0
6312055,0056015040,JURADO,0027,2019-03-17 05:00:00.000,77.0
6312056,0056015040,JURADO,0027,2019-03-17 06:00:00.000,79.0
6312057,0056015040,JURADO,0027,2019-03-17 07:00:00.000,82.0
6312058,0056015040,JURADO,0027,2019-03-17 08:00:00.000,73.0
6312059,0056015040,JURADO,0027,2019-03-17 09:00:00.000,65.0
6312060,0056015040,JURADO,0027,2019-03-17 10:00:00.000,61.0
6312061,0056015040,JURADO,0027,2019-03-17 11:00:00.000,71.0
6312062,0056015040,JURADO,0027,2019-03-17 12:00:00.000,76.0
6312063,0056015040,JURADO,0027,2019-03-17 13:00:00.000,73.0
6312064,0056015040,JURADO,0027,2019-03-17 14:00:00.000,74.0
6312065,0056015040,JURADO,0027,2019-03-17 15:00:00.000,79.0
6312066,0056015040,JURADO,0027,2019-03-17 16:00:00.000,83.0
6312067,0056015040,JURADO,0027,2019-03-17 17:00:00.000,85.0
6312068,0056015040,JURADO,0027,2019-03-17 18:00:00.000,85.0
6312069,0056015040,JURADO,0027,2019-03-17 19:00:00.000,87.0
6312070,0056015040,JURADO,0027,2019-03-17 20:00:00.000,87.0
6312071,0056015040,JURADO,0027,2019-03-17 21:00:00.000,87.0
6312072,0056015040,JURADO,0027,2019-03-17 22:00:00.000,88.0
6312073,0056015040,JURADO,0027,2019-03-17 23:00:00.000,86.0
6312074,0056015040,JURADO,0027,2019-03-18 00:00:00.000,85.0
6312075,0056015040,JURADO,0027,2019-03-18 01:00:00.000,84.0
6312076,0056015040,JURADO,0027,2019-03-18 02:00:00.000,84.0
6312077,0056015040,JURADO,0027,2019-03-18 03:00:00.000,86.0
6312078,0056015040,JURADO,0027,2019-03-18 04:00:00.000,84.0
6312079,0056015040,JURADO,0027,2019-03-18 05:00:00.000,81.0
6312080,0056015040,JURADO,0027,2019-03-18 06:00:00.000,79.0
6312081,0056015040,JURADO,0027,2019-03-18 07:00:00.000,81.0
6312082,0056015040,JURADO,0027,2019-03-18 08:00:00.000,78.0
6312083,0056015040,JURADO,0027,2019-03-18 09:00:00.000,72.0
6312084,0056015040,JURADO,0027,2019-03-18 10:00:00.000,75.0
6312085,0056015040,JURADO,0027,2019-03-18 11:00:00.000,80.0
6312086,0056015040,JURADO,0027,2019-03-18 12:00:00.000,78.0
6312087,0056015040,JURADO,0027,2019-03-18 13:00:00.000,77.0
6312088,0056015040,JURADO,0027,2019-03-18 14:00:00.000,79.0
6312089,0056015040,JURADO,0027,2019-03-18 15:00:00.000,81.0
6312090,0056015040,JURADO,0027,2019-03-18 16:00:00.000,83.0
6312091,0056015040,JURADO,0027,2019-03-18 17:00:00.000,85.0
6312092,0056015040,JURADO,0027,2019-03-18 18:00:00.000,87.0
6312093,0056015040,JURADO,0027,2019-03-18 19:00:00.000,88.0
6312094,0056015040,JURADO,0027,2019-03-18 20:00:00.000,89.0
6312095,0056015040,JURADO,0027,2019-03-18 21:00:00.000,90.0
6312096,0056015040,JURADO,0027,2019-03-18 22:00:00.000,91.0
6312097,0056015040,JURADO,0027,2019-03-18 23:00:00.000,92.0
6312098,0056015040,JURADO,0027,2019-03-19 00:00:00.000,92.0
6312099,0056015040,JURADO,0027,2019-03-19 01:00:00.000,93.0
6312100,0056015040,JURADO,0027,2019-03-19 02:00:00.000,91.0
6312101,0056015040,JURADO,0027,2019-03-19 03:00:00.000,90.0
6312102,0056015040,JURADO,0027,2019-03-19 04:00:00.000,90.0
6312103,0056015040,JURADO,0027,2019-03-19 05:00:00.000,90.0
6312104,0056015040,JURADO,0027,2019-03-19 06:00:00.000,91.0
6312105,0056015040,JURADO,0027,2019-03-19 07:00:00.000,91.0
6312106,0056015040,JURADO,0027,2019-03-19 08:00:00.000,91.0
6312107,0056015040,JURADO,0027,2019-03-19 09:00:00.000,91.0
6312108,0056015040,JURADO,0027,2019-03-19 10:00:00.000,90.0
6312109,0056015040,JURADO,0027,2019-03-19 11:00:00.000,91.0
6312110,0056015040,JURADO,0027,2019-03-19 12:00:00.000,90.0
6312111,0056015040,JURADO,0027,2019-03-19 13:00:00.000,89.0
6312112,0056015040,JURADO,0027,2019-03-19 14:00:00.000,89.0
6312113,0056015040,JURADO,0027,2019-03-19 15:00:00.000,91.0
6312114,0056015040,JURADO,0027,2019-03-19 16:00:00.000,91.0
6312115,0056015040,JURADO,0027,2019-03-19 17:00:00.000,91.0
6312116,0056015040,JURADO,0027,2019-03-19 18:00:00.000,91.0
6312117,0056015040,JURADO,0027,2019-03-19 19:00:00.000,91.0
6312118,0056015040,JURADO,0027,2019-03-19 20:00:00.000,92.0
6312119,0056015040,JURADO,0027,2019-03-19 21:00:00.000,92.0
6312120,0056015040,JURADO,0027,2019-03-19 22:00:00.000,92.0
6312121,0056015040,JURADO,0027,2019-03-19 23:00:00.000,93.0
6312122,0056015040,JURADO,0027,2019-03-20 00:00:00.000,93.0
6312123,0056015040,JURADO,0027,2019-03-20 01:00:00.000,93.0
6312124,0056015040,JURADO,0027,2019-03-20 02:00:00.000,94.0
6312125,0056015040,JURADO,0027,2019-03-20 03:00:00.000,94.0
6312126,0056015040,JURADO,0027,2019-03-20 04:00:00.000,94.0
6312127,0056015040,JURADO,0027,2019-03-20 05:00:00.000,94.0
6312128,0056015040,JURADO,0027,2019-03-20 06:00:00.000,94.0
6312129,0056015040,JURADO,0027,2019-03-20 07:00:00.000,94.0
6312130,0056015040,JURADO,0027,2019-03-20 08:00:00.000,94.0
6312131,0056015040,JURADO,0027,2019-03-20 09:00:00.000,94.0
6312132,0056015040,JURADO,0027,2019-03-20 10:00:00.000,93.0
6312133,0056015040,JURADO,0027,2019-03-20 11:00:00.000,89.0
6312134,0056015040,JURADO,0027,2019-03-20 12:00:00.000,82.0
6312135,0056015040,JURADO,0027,2019-03-20 13:00:00.000,83.0
6312136,0056015040,JURADO,0027,2019-03-20 14:00:00.000,82.0
6312137,0056015040,JURADO,0027,2019-03-20 15:00:00.000,83.0
6312138,0056015040,JURADO,0027,2019-03-20 16:00:00.000,86.0
6312139,0056015040,JURADO,0027,2019-03-20 17:00:00.000,87.0
6312140,0056015040,JURADO,0027,2019-03-20 18:00:00.000,89.0
6312141,0056015040,JURADO,0027,2019-03-20 19:00:00.000,90.0
6312142,0056015040,JURADO,0027,2019-03-20 20:00:00.000,91.0
6312143,0056015040,JURADO,0027,2019-03-20 21:00:00.000,91.0
6312144,0056015040,JURADO,0027,2019-03-20 22:00:00.000,91.0
6312145,0056015040,JURADO,0027,2019-03-20 23:00:00.000,92.0
6312146,0056015040,JURADO,0027,2019-03-21 00:00:00.000,92.0
6312147,0056015040,JURADO,0027,2019-03-21 01:00:00.000,92.0
6312148,0056015040,JURADO,0027,2019-03-21 02:00:00.000,92.0
6312149,0056015040,JURADO,0027,2019-03-21 03:00:00.000,93.0
6312150,0056015040,JURADO,0027,2019-03-21 04:00:00.000,93.0
6312151,0056015040,JURADO,0027,2019-03-21 05:00:00.000,92.0
6312152,0056015040,JURADO,0027,2019-03-21 06:00:00.000,92.0
6312153,0056015040,JURADO,0027,2019-03-21 07:00:00.000,90.0
6312154,0056015040,JURADO,0027,2019-03-21 08:00:00.000,84.0
6312155,0056015040,JURADO,0027,2019-03-21 09:00:00.000,75.0
6312156,0056015040,JURADO,0027,2019-03-21 10:00:00.000,83.0
6312157,0056015040,JURADO,0027,2019-03-21 11:00:00.000,86.0
6312158,0056015040,JURADO,0027,2019-03-21 12:00:00.000,86.0
6312159,0056015040,JURADO,0027,2019-03-21 13:00:00.000,84.0
6312160,0056015040,JURADO,0027,2019-03-21 14:00:00.000,81.0
6312161,0056015040,JURADO,0027,2019-03-21 15:00:00.000,85.0
6312162,0056015040,JURADO,0027,2019-03-21 16:00:00.000,86.0
6312163,0056015040,JURADO,0027,2019-03-21 17:00:00.000,86.0
6312164,0056015040,JURADO,0027,2019-03-21 18:00:00.000,87.0
6312165,0056015040,JURADO,0027,2019-03-21 19:00:00.000,89.0
6312166,0056015040,JURADO,0027,2019-03-21 20:00:00.000,89.0
6312167,0056015040,JURADO,0027,2019-03-21 21:00:00.000,89.0
6312168,0056015040,JURADO,0027,2019-03-21 22:00:00.000,77.0
6312169,0056015040,JURADO,0027,2019-03-21 23:00:00.000,72.0
6312170,0056015040,JURADO,0027,2019-03-22 00:00:00.000,74.0
6312171,0056015040,JURADO,0027,2019-03-22 01:00:00.000,77.0
6312172,0056015040,JURADO,0027,2019-03-22 02:00:00.000,78.0
6312173,0056015040,JURADO,0027,2019-03-22 03:00:00.000,79.0
6312174,0056015040,JURADO,0027,2019-03-22 04:00:00.000,80.0
6312175,0056015040,JURADO,0027,2019-03-22 05:00:00.000,76.0
6312176,0056015040,JURADO,0027,2019-03-22 06:00:00.000,75.0
6312177,0056015040,JURADO,0027,2019-03-22 07:00:00.000,77.0
6312178,0056015040,JURADO,0027,2019-03-22 08:00:00.000,70.0
6312179,0056015040,JURADO,0027,2019-03-22 09:00:00.000,60.0
6312180,0056015040,JURADO,0027,2019-03-22 10:00:00.000,53.0
6312181,0056015040,JURADO,0027,2019-03-22 11:00:00.000,65.0
6312182,0056015040,JURADO,0027,2019-03-22 12:00:00.000,67.0
6312183,0056015040,JURADO,0027,2019-03-22 13:00:00.000,73.0
6312184,0056015040,JURADO,0027,2019-03-22 14:00:00.000,73.0
6312185,0056015040,JURADO,0027,2019-03-22 15:00:00.000,77.0
6312186,0056015040,JURADO,0027,2019-03-22 16:00:00.000,83.0
6312187,0056015040,JURADO,0027,2019-03-22 17:00:00.000,85.0
6312188,0056015040,JURADO,0027,2019-03-22 18:00:00.000,85.0
6312189,0056015040,JURADO,0027,2019-03-22 19:00:00.000,87.0
6312190,0056015040,JURADO,0027,2019-03-22 20:00:00.000,86.0
6312191,0056015040,JURADO,0027,2019-03-22 21:00:00.000,86.0
6312192,0056015040,JURADO,0027,2019-03-22 22:00:00.000,66.0
6312193,0056015040,JURADO,0027,2019-03-22 23:00:00.000,63.0
6312194,0056015040,JURADO,0027,2019-03-23 00:00:00.000,67.0
6312195,0056015040,JURADO,0027,2019-03-23 01:00:00.000,69.0
6312196,0056015040,JURADO,0027,2019-03-23 02:00:00.000,71.0
6312197,0056015040,JURADO,0027,2019-03-23 03:00:00.000,72.0
6312198,0056015040,JURADO,0027,2019-03-23 04:00:00.000,72.0
6312199,0056015040,JURADO,0027,2019-03-23 05:00:00.000,73.0
6312200,0056015040,JURADO,0027,2019-03-23 06:00:00.000,74.0
6312201,0056015040,JURADO,0027,2019-03-23 07:00:00.000,72.0
6312202,0056015040,JURADO,0027,2019-03-23 08:00:00.000,68.0
6312203,0056015040,JURADO,0027,2019-03-23 09:00:00.000,59.0
6312204,0056015040,JURADO,0027,2019-03-23 10:00:00.000,52.0
6312205,0056015040,JURADO,0027,2019-03-23 11:00:00.000,63.0
6312206,0056015040,JURADO,0027,2019-03-23 12:00:00.000,66.0
6312207,0056015040,JURADO,0027,2019-03-23 13:00:00.000,71.0
6312208,0056015040,JURADO,0027,2019-03-23 14:00:00.000,77.0
6312209,0056015040,JURADO,0027,2019-03-23 15:00:00.000,77.0
6312210,0056015040,JURADO,0027,2019-03-23 16:00:00.000,73.0
6312211,0056015040,JURADO,0027,2019-03-23 17:00:00.000,79.0
6312212,0056015040,JURADO,0027,2019-03-23 18:00:00.000,78.0
6312213,0056015040,JURADO,0027,2019-03-23 19:00:00.000,83.0
6312214,0056015040,JURADO,0027,2019-03-23 20:00:00.000,85.0
6312215,0056015040,JURADO,0027,2019-03-23 21:00:00.000,83.0
6312216,0056015040,JURADO,0027,2019-03-23 22:00:00.000,78.0
6312217,0056015040,JURADO,0027,2019-03-23 23:00:00.000,70.0
6312218,0056015040,JURADO,0027,2019-03-24 00:00:00.000,72.0
6312219,0056015040,JURADO,0027,2019-03-24 01:00:00.000,74.0
6312220,0056015040,JURADO,0027,2019-03-24 02:00:00.000,72.0
6312221,0056015040,JURADO,0027,2019-03-24 03:00:00.000,74.0
6312222,0056015040,JURADO,0027,2019-03-24 04:00:00.000,75.0
6312223,0056015040,JURADO,0027,2019-03-24 05:00:00.000,76.0
6312224,0056015040,JURADO,0027,2019-03-24 06:00:00.000,75.0
6312225,0056015040,JURADO,0027,2019-03-24 07:00:00.000,75.0
6312226,0056015040,JURADO,0027,2019-03-24 08:00:00.000,73.0
6312227,0056015040,JURADO,0027,2019-03-24 09:00:00.000,69.0
6312228,0056015040,JURADO,0027,2019-03-24 10:00:00.000,77.0
6312229,0056015040,JURADO,0027,2019-03-24 11:00:00.000,80.0
6312230,0056015040,JURADO,0027,2019-03-24 12:00:00.000,76.0
6312231,0056015040,JURADO,0027,2019-03-24 13:00:00.000,76.0
6312232,0056015040,JURADO,0027,2019-03-24 14:00:00.000,77.0
6312233,0056015040,JURADO,0027,2019-03-24 15:00:00.000,79.0
6312234,0056015040,JURADO,0027,2019-03-24 16:00:00.000,78.0
6312235,0056015040,JURADO,0027,2019-03-24 17:00:00.000,81.0
6312236,0056015040,JURADO,0027,2019-03-24 18:00:00.000,84.0
6312237,0056015040,JURADO,0027,2019-03-24 19:00:00.000,85.0
6312238,0056015040,JURADO,0027,2019-03-24 20:00:00.000,85.0
6312239,0056015040,JURADO,0027,2019-03-24 21:00:00.000,85.0
6312240,0056015040,JURADO,0027,2019-03-24 22:00:00.000,84.0
6312241,0056015040,JURADO,0027,2019-03-24 23:00:00.000,84.0
6312242,0056015040,JURADO,0027,2019-03-25 00:00:00.000,86.0
6312243,0056015040,JURADO,0027,2019-03-25 01:00:00.000,87.0
6312244,0056015040,JURADO,0027,2019-03-25 02:00:00.000,89.0
6312245,0056015040,JURADO,0027,2019-03-25 03:00:00.000,89.0
6312246,0056015040,JURADO,0027,2019-03-25 04:00:00.000,89.0
6312247,0056015040,JURADO,0027,2019-03-25 05:00:00.000,90.0
6312248,0056015040,JURADO,0027,2019-03-25 06:00:00.000,90.0
6312249,0056015040,JURADO,0027,2019-03-25 07:00:00.000,88.0
6312250,0056015040,JURADO,0027,2019-03-25 08:00:00.000,87.0
6312251,0056015040,JURADO,0027,2019-03-25 09:00:00.000,81.0
6312252,0056015040,JURADO,0027,2019-03-25 10:00:00.000,81.0
6312253,0056015040,JURADO,0027,2019-03-25 11:00:00.000,83.0
6312254,0056015040,JURADO,0027,2019-03-25 12:00:00.000,81.0
6312255,0056015040,JURADO,0027,2019-03-25 13:00:00.000,84.0
6312256,0056015040,JURADO,0027,2019-03-25 14:00:00.000,84.0
6312257,0056015040,JURADO,0027,2019-03-25 15:00:00.000,81.0
6312258,0056015040,JURADO,0027,2019-03-25 16:00:00.000,82.0
6312259,0056015040,JURADO,0027,2019-03-25 17:00:00.000,85.0
6312260,0056015040,JURADO,0027,2019-03-25 18:00:00.000,87.0
6312261,0056015040,JURADO,0027,2019-03-25 19:00:00.000,89.0
6312262,0056015040,JURADO,0027,2019-03-25 20:00:00.000,90.0
6312263,0056015040,JURADO,0027,2019-03-25 21:00:00.000,90.0
6312264,0056015040,JURADO,0027,2019-03-25 22:00:00.000,90.0
6312265,0056015040,JURADO,0027,2019-03-25 23:00:00.000,90.0
6312266,0056015040,JURADO,0027,2019-03-26 00:00:00.000,91.0
6312267,0056015040,JURADO,0027,2019-03-26 01:00:00.000,92.0
6312268,0056015040,JURADO,0027,2019-03-26 02:00:00.000,93.0
6312269,0056015040,JURADO,0027,2019-03-26 03:00:00.000,93.0
6312270,0056015040,JURADO,0027,2019-03-26 04:00:00.000,91.0
6312271,0056015040,JURADO,0027,2019-03-26 05:00:00.000,90.0
6312272,0056015040,JURADO,0027,2019-03-26 06:00:00.000,89.0
6312273,0056015040,JURADO,0027,2019-03-26 07:00:00.000,86.0
6312274,0056015040,JURADO,0027,2019-03-26 08:00:00.000,81.0
6312275,0056015040,JURADO,0027,2019-03-26 09:00:00.000,70.0
6312276,0056015040,JURADO,0027,2019-03-26 10:00:00.000,73.0
6312277,0056015040,JURADO,0027,2019-03-26 11:00:00.000,81.0
6312278,0056015040,JURADO,0027,2019-03-26 12:00:00.000,81.0
6312279,0056015040,JURADO,0027,2019-03-26 13:00:00.000,79.0
6312280,0056015040,JURADO,0027,2019-03-26 14:00:00.000,78.0
6312281,0056015040,JURADO,0027,2019-03-26 15:00:00.000,78.0
6312282,0056015040,JURADO,0027,2019-03-26 16:00:00.000,81.0
6312283,0056015040,JURADO,0027,2019-03-26 17:00:00.000,83.0
6312284,0056015040,JURADO,0027,2019-03-26 18:00:00.000,84.0
6312285,0056015040,JURADO,0027,2019-03-26 19:00:00.000,85.0
6312286,0056015040,JURADO,0027,2019-03-26 20:00:00.000,86.0
6312287,0056015040,JURADO,0027,2019-03-26 21:00:00.000,88.0
6312288,0056015040,JURADO,0027,2019-03-26 22:00:00.000,88.0
6312289,0056015040,JURADO,0027,2019-03-26 23:00:00.000,77.0
6312290,0056015040,JURADO,0027,2019-03-27 00:00:00.000,73.0
6312291,0056015040,JURADO,0027,2019-03-27 01:00:00.000,73.0
6312292,0056015040,JURADO,0027,2019-03-27 02:00:00.000,74.0
6312293,0056015040,JURADO,0027,2019-03-27 03:00:00.000,73.0
6312294,0056015040,JURADO,0027,2019-03-27 04:00:00.000,73.0
6312295,0056015040,JURADO,0027,2019-03-27 05:00:00.000,73.0
6312296,0056015040,JURADO,0027,2019-03-27 06:00:00.000,75.0
6312297,0056015040,JURADO,0027,2019-03-27 07:00:00.000,73.0
6312298,0056015040,JURADO,0027,2019-03-27 08:00:00.000,69.0
6312299,0056015040,JURADO,0027,2019-03-27 09:00:00.000,60.0
6312300,0056015040,JURADO,0027,2019-03-27 10:00:00.000,53.0
6312301,0056015040,JURADO,0027,2019-03-27 11:00:00.000,48.0
6312302,0056015040,JURADO,0027,2019-03-27 12:00:00.000,70.0
6312303,0056015040,JURADO,0027,2019-03-27 13:00:00.000,73.0
6312304,0056015040,JURADO,0027,2019-03-27 14:00:00.000,75.0
6312305,0056015040,JURADO,0027,2019-03-27 15:00:00.000,73.0
6312306,0056015040,JURADO,0027,2019-03-27 16:00:00.000,74.0
6312307,0056015040,JURADO,0027,2019-03-27 17:00:00.000,74.0
6312308,0056015040,JURADO,0027,2019-03-27 18:00:00.000,75.0
6312309,0056015040,JURADO,0027,2019-03-27 19:00:00.000,67.0
6312310,0056015040,JURADO,0027,2019-03-27 20:00:00.000,55.0
6312311,0056015040,JURADO,0027,2019-03-27 21:00:00.000,58.0
6312312,0056015040,JURADO,0027,2019-03-27 22:00:00.000,61.0
6312313,0056015040,JURADO,0027,2019-03-27 23:00:00.000,63.0
6312314,0056015040,JURADO,0027,2019-03-28 00:00:00.000,66.0
6312315,0056015040,JURADO,0027,2019-03-28 01:00:00.000,67.0
6312316,0056015040,JURADO,0027,2019-03-28 02:00:00.000,67.0
6312317,0056015040,JURADO,0027,2019-03-28 03:00:00.000,68.0
6312318,0056015040,JURADO,0027,2019-03-28 04:00:00.000,70.0
6312319,0056015040,JURADO,0027,2019-03-28 05:00:00.000,71.0
6312320,0056015040,JURADO,0027,2019-03-28 06:00:00.000,71.0
6312321,0056015040,JURADO,0027,2019-03-28 07:00:00.000,71.0
6312322,0056015040,JURADO,0027,2019-03-28 08:00:00.000,64.0
6312323,0056015040,JURADO,0027,2019-03-28 09:00:00.000,59.0
6312324,0056015040,JURADO,0027,2019-03-28 10:00:00.000,54.0
6312325,0056015040,JURADO,0027,2019-03-28 11:00:00.000,49.0
6312326,0056015040,JURADO,0027,2019-03-28 12:00:00.000,65.0
6312327,0056015040,JURADO,0027,2019-03-28 13:00:00.000,72.0
6312328,0056015040,JURADO,0027,2019-03-28 14:00:00.000,75.0
6312329,0056015040,JURADO,0027,2019-03-28 15:00:00.000,79.0
6312330,0056015040,JURADO,0027,2019-03-28 16:00:00.000,79.0
6312331,0056015040,JURADO,0027,2019-03-28 17:00:00.000,76.0
6312332,0056015040,JURADO,0027,2019-03-28 18:00:00.000,77.0
6312333,0056015040,JURADO,0027,2019-03-28 19:00:00.000,76.0
6312334,0056015040,JURADO,0027,2019-03-28 20:00:00.000,75.0
6312335,0056015040,JURADO,0027,2019-03-28 21:00:00.000,66.0
6312336,0056015040,JURADO,0027,2019-03-28 22:00:00.000,58.0
6312337,0056015040,JURADO,0027,2019-03-28 23:00:00.000,59.0
6312338,0056015040,JURADO,0027,2019-03-29 00:00:00.000,60.0
6312339,0056015040,JURADO,0027,2019-03-29 01:00:00.000,63.0
6312340,0056015040,JURADO,0027,2019-03-29 02:00:00.000,63.0
6312341,0056015040,JURADO,0027,2019-03-29 03:00:00.000,64.0
6312342,0056015040,JURADO,0027,2019-03-29 04:00:00.000,65.0
6312343,0056015040,JURADO,0027,2019-03-29 05:00:00.000,67.0
6312344,0056015040,JURADO,0027,2019-03-29 06:00:00.000,69.0
6312345,0056015040,JURADO,0027,2019-03-29 07:00:00.000,69.0
6312346,0056015040,JURADO,0027,2019-03-29 08:00:00.000,63.0
6312347,0056015040,JURADO,0027,2019-03-29 09:00:00.000,58.0
6312348,0056015040,JURADO,0027,2019-03-29 10:00:00.000,52.0
6312349,0056015040,JURADO,0027,2019-03-29 11:00:00.000,70.0
6312350,0056015040,JURADO,0027,2019-03-29 12:00:00.000,65.0
6312351,0056015040,JURADO,0027,2019-03-29 13:00:00.000,70.0
6312352,0056015040,JURADO,0027,2019-03-29 14:00:00.000,71.0
6312353,0056015040,JURADO,0027,2019-03-29 15:00:00.000,74.0
6312354,0056015040,JURADO,0027,2019-03-29 16:00:00.000,76.0
6312355,0056015040,JURADO,0027,2019-03-29 17:00:00.000,79.0
6312356,0056015040,JURADO,0027,2019-03-29 18:00:00.000,81.0
6312357,0056015040,JURADO,0027,2019-03-29 19:00:00.000,83.0
6312358,0056015040,JURADO,0027,2019-03-29 20:00:00.000,85.0
6312359,0056015040,JURADO,0027,2019-03-29 21:00:00.000,87.0
6312360,0056015040,JURADO,0027,2019-03-29 22:00:00.000,88.0
6312361,0056015040,JURADO,0027,2019-03-29 23:00:00.000,89.0
6312362,0056015040,JURADO,0027,2019-03-30 00:00:00.000,90.0
6312363,0056015040,JURADO,0027,2019-03-30 01:00:00.000,89.0
6312364,0056015040,JURADO,0027,2019-03-30 02:00:00.000,85.0
6312365,0056015040,JURADO,0027,2019-03-30 03:00:00.000,84.0
6312366,0056015040,JURADO,0027,2019-03-30 04:00:00.000,85.0
6312367,0056015040,JURADO,0027,2019-03-30 05:00:00.000,83.0
6312368,0056015040,JURADO,0027,2019-03-30 06:00:00.000,83.0
6312369,0056015040,JURADO,0027,2019-03-30 07:00:00.000,79.0
6312370,0056015040,JURADO,0027,2019-03-30 08:00:00.000,70.0
6312371,0056015040,JURADO,0027,2019-03-30 09:00:00.000,62.0
6312372,0056015040,JURADO,0027,2019-03-30 10:00:00.000,69.0
6312373,0056015040,JURADO,0027,2019-03-30 11:00:00.000,72.0
6312374,0056015040,JURADO,0027,2019-03-30 12:00:00.000,73.0
6312375,0056015040,JURADO,0027,2019-03-30 13:00:00.000,76.0
6312376,0056015040,JURADO,0027,2019-03-30 14:00:00.000,78.0
6312377,0056015040,JURADO,0027,2019-03-30 15:00:00.000,78.0
6312378,0056015040,JURADO,0027,2019-03-30 16:00:00.000,81.0
6312379,0056015040,JURADO,0027,2019-03-30 17:00:00.000,81.0
6312380,0056015040,JURADO,0027,2019-03-30 18:00:00.000,81.0
6312381,0056015040,JURADO,0027,2019-03-30 19:00:00.000,83.0
6312382,0056015040,JURADO,0027,2019-03-30 20:00:00.000,84.0
6312383,0056015040,JURADO,0027,2019-03-30 21:00:00.000,86.0
6312384,0056015040,JURADO,0027,2019-03-30 22:00:00.000,87.0
6312385,0056015040,JURADO,0027,2019-03-30 23:00:00.000,88.0
6312386,0056015040,JURADO,0027,2019-03-31 00:00:00.000,89.0
6312387,0056015040,JURADO,0027,2019-03-31 01:00:00.000,89.0
6312388,0056015040,JURADO,0027,2019-03-31 02:00:00.000,89.0
6312389,0056015040,JURADO,0027,2019-03-31 03:00:00.000,88.0
6312390,0056015040,JURADO,0027,2019-03-31 04:00:00.000,82.0
6312391,0056015040,JURADO,0027,2019-03-31 05:00:00.000,79.0
6312392,0056015040,JURADO,0027,2019-03-31 06:00:00.000,76.0
6312393,0056015040,JURADO,0027,2019-03-31 07:00:00.000,83.0
6312394,0056015040,JURADO,0027,2019-03-31 08:00:00.000,81.0
6312395,0056015040,JURADO,0027,2019-03-31 09:00:00.000,77.0
6312396,0056015040,JURADO,0027,2019-03-31 10:00:00.000,78.0
6312397,0056015040,JURADO,0027,2019-03-31 11:00:00.000,76.0
6312398,0056015040,JURADO,0027,2019-03-31 12:00:00.000,83.0
6312399,0056015040,JURADO,0027,2019-03-31 13:00:00.000,85.0
6312400,0056015040,JURADO,0027,2019-03-31 14:00:00.000,81.0
6312401,0056015040,JURADO,0027,2019-03-31 15:00:00.000,79.0
6312402,0056015040,JURADO,0027,2019-03-31 16:00:00.000,81.0
6312403,0056015040,JURADO,0027,2019-03-31 17:00:00.000,83.0
6312404,0056015040,JURADO,0027,2019-03-31 18:00:00.000,86.0
6312405,0056015040,JURADO,0027,2019-03-31 19:00:00.000,86.0
6312406,0056015040,JURADO,0027,2019-03-31 20:00:00.000,85.0
6312407,0056015040,JURADO,0027,2019-03-31 21:00:00.000,86.0
6312408,0056015040,JURADO,0027,2019-03-31 22:00:00.000,87.0
6312409,0056015040,JURADO,0027,2019-03-31 23:00:00.000,88.0
6312410,0056015040,JURADO,0027,2019-04-01 00:00:00.000,88.0
6312411,0056015040,JURADO,0027,2019-04-01 01:00:00.000,89.0
6312412,0056015040,JURADO,0027,2019-04-01 02:00:00.000,90.0
6312413,0056015040,JURADO,0027,2019-04-01 03:00:00.000,91.0
6312414,0056015040,JURADO,0027,2019-04-01 04:00:00.000,91.0
6312415,0056015040,JURADO,0027,2019-04-01 05:00:00.000,92.0
6312416,0056015040,JURADO,0027,2019-04-01 06:00:00.000,93.0
6312417,0056015040,JURADO,0027,2019-04-01 07:00:00.000,93.0
6312418,0056015040,JURADO,0027,2019-04-01 08:00:00.000,93.0
6312419,0056015040,JURADO,0027,2019-04-01 09:00:00.000,93.0
6312420,0056015040,JURADO,0027,2019-04-01 10:00:00.000,93.0
6312421,0056015040,JURADO,0027,2019-04-01 11:00:00.000,93.0
6312422,0056015040,JURADO,0027,2019-04-01 12:00:00.000,93.0
6312423,0056015040,JURADO,0027,2019-04-01 13:00:00.000,93.0
6312424,0056015040,JURADO,0027,2019-04-01 14:00:00.000,93.0
6312425,0056015040,JURADO,0027,2019-04-01 15:00:00.000,92.0
6312426,0056015040,JURADO,0027,2019-04-01 16:00:00.000,92.0
6312427,0056015040,JURADO,0027,2019-04-01 17:00:00.000,91.0
6312428,0056015040,JURADO,0027,2019-04-01 18:00:00.000,92.0
6312429,0056015040,JURADO,0027,2019-04-01 19:00:00.000,92.0
6312430,0056015040,JURADO,0027,2019-04-01 20:00:00.000,92.0
6312431,0056015040,JURADO,0027,2019-04-01 21:00:00.000,93.0
6312432,0056015040,JURADO,0027,2019-04-01 22:00:00.000,93.0
6312433,0056015040,JURADO,0027,2019-04-01 23:00:00.000,93.0
6312434,0056015040,JURADO,0027,2019-04-02 00:00:00.000,93.0
6312435,0056015040,JURADO,0027,2019-04-02 01:00:00.000,94.0
6312436,0056015040,JURADO,0027,2019-04-02 02:00:00.000,94.0
6312437,0056015040,JURADO,0027,2019-04-02 03:00:00.000,95.0
6312438,0056015040,JURADO,0027,2019-04-02 04:00:00.000,94.0
6312439,0056015040,JURADO,0027,2019-04-02 05:00:00.000,95.0
6312440,0056015040,JURADO,0027,2019-04-02 06:00:00.000,95.0
6312441,0056015040,JURADO,0027,2019-04-02 07:00:00.000,96.0
6312442,0056015040,JURADO,0027,2019-04-02 08:00:00.000,95.0
6312443,0056015040,JURADO,0027,2019-04-02 09:00:00.000,95.0
6312444,0056015040,JURADO,0027,2019-04-02 10:00:00.000,95.0
6312445,0056015040,JURADO,0027,2019-04-02 11:00:00.000,95.0
6312446,0056015040,JURADO,0027,2019-04-02 12:00:00.000,96.0
6312447,0056015040,JURADO,0027,2019-04-02 13:00:00.000,96.0
6312448,0056015040,JURADO,0027,2019-04-02 14:00:00.000,95.0
6312449,0056015040,JURADO,0027,2019-04-02 15:00:00.000,94.0
6312450,0056015040,JURADO,0027,2019-04-02 16:00:00.000,91.0
6312451,0056015040,JURADO,0027,2019-04-02 17:00:00.000,88.0
6312452,0056015040,JURADO,0027,2019-04-02 18:00:00.000,89.0
6312453,0056015040,JURADO,0027,2019-04-02 19:00:00.000,90.0
6312454,0056015040,JURADO,0027,2019-04-02 20:00:00.000,90.0
6312455,0056015040,JURADO,0027,2019-04-02 21:00:00.000,90.0
6312456,0056015040,JURADO,0027,2019-04-02 22:00:00.000,91.0
6312457,0056015040,JURADO,0027,2019-04-02 23:00:00.000,92.0
6312458,0056015040,JURADO,0027,2019-04-03 00:00:00.000,93.0
6312459,0056015040,JURADO,0027,2019-04-03 01:00:00.000,93.0
6312460,0056015040,JURADO,0027,2019-04-03 02:00:00.000,94.0
6312461,0056015040,JURADO,0027,2019-04-03 03:00:00.000,94.0
6312462,0056015040,JURADO,0027,2019-04-03 04:00:00.000,95.0
6312463,0056015040,JURADO,0027,2019-04-03 05:00:00.000,95.0
6312464,0056015040,JURADO,0027,2019-04-03 06:00:00.000,95.0
6312465,0056015040,JURADO,0027,2019-04-03 07:00:00.000,95.0
6312466,0056015040,JURADO,0027,2019-04-03 08:00:00.000,94.0
6312467,0056015040,JURADO,0027,2019-04-03 09:00:00.000,92.0
6312468,0056015040,JURADO,0027,2019-04-03 10:00:00.000,90.0
6312469,0056015040,JURADO,0027,2019-04-03 11:00:00.000,86.0
6312470,0056015040,JURADO,0027,2019-04-03 12:00:00.000,82.0
6312471,0056015040,JURADO,0027,2019-04-03 13:00:00.000,81.0
6312472,0056015040,JURADO,0027,2019-04-03 14:00:00.000,84.0
6312473,0056015040,JURADO,0027,2019-04-03 15:00:00.000,80.0
6312474,0056015040,JURADO,0027,2019-04-03 16:00:00.000,85.0
6312475,0056015040,JURADO,0027,2019-04-03 17:00:00.000,87.0
6312476,0056015040,JURADO,0027,2019-04-03 18:00:00.000,89.0
6312477,0056015040,JURADO,0027,2019-04-03 19:00:00.000,90.0
6312478,0056015040,JURADO,0027,2019-04-03 20:00:00.000,90.0
6312479,0056015040,JURADO,0027,2019-04-03 21:00:00.000,91.0
6312480,0056015040,JURADO,0027,2019-04-03 22:00:00.000,92.0
6312481,0056015040,JURADO,0027,2019-04-03 23:00:00.000,93.0
6312482,0056015040,JURADO,0027,2019-04-04 00:00:00.000,93.0
6312483,0056015040,JURADO,0027,2019-04-04 01:00:00.000,94.0
6312484,0056015040,JURADO,0027,2019-04-04 02:00:00.000,94.0
6312485,0056015040,JURADO,0027,2019-04-04 03:00:00.000,95.0
6312486,0056015040,JURADO,0027,2019-04-04 04:00:00.000,95.0
6312487,0056015040,JURADO,0027,2019-04-04 05:00:00.000,95.0
6312488,0056015040,JURADO,0027,2019-04-04 06:00:00.000,95.0
6312489,0056015040,JURADO,0027,2019-04-04 07:00:00.000,94.0
6312490,0056015040,JURADO,0027,2019-04-04 08:00:00.000,94.0
6312491,0056015040,JURADO,0027,2019-04-04 09:00:00.000,77.0
6312492,0056015040,JURADO,0027,2019-04-04 10:00:00.000,85.0
6312493,0056015040,JURADO,0027,2019-04-04 11:00:00.000,84.0
6312494,0056015040,JURADO,0027,2019-04-04 12:00:00.000,78.0
6312495,0056015040,JURADO,0027,2019-04-04 13:00:00.000,82.0
6312496,0056015040,JURADO,0027,2019-04-04 14:00:00.000,84.0
6312497,0056015040,JURADO,0027,2019-04-04 15:00:00.000,83.0
6312498,0056015040,JURADO,0027,2019-04-04 16:00:00.000,84.0
6312499,0056015040,JURADO,0027,2019-04-04 17:00:00.000,85.0
6312500,0056015040,JURADO,0027,2019-04-04 18:00:00.000,86.0
6312501,0056015040,JURADO,0027,2019-04-04 19:00:00.000,87.0
6312502,0056015040,JURADO,0027,2019-04-04 20:00:00.000,88.0
6312503,0056015040,JURADO,0027,2019-04-04 21:00:00.000,88.0
6312504,0056015040,JURADO,0027,2019-04-04 22:00:00.000,89.0
6312505,0056015040,JURADO,0027,2019-04-04 23:00:00.000,90.0
6312506,0056015040,JURADO,0027,2019-04-05 00:00:00.000,92.0
6312507,0056015040,JURADO,0027,2019-04-05 01:00:00.000,93.0
6312508,0056015040,JURADO,0027,2019-04-05 02:00:00.000,94.0
6312509,0056015040,JURADO,0027,2019-04-05 03:00:00.000,94.0
6312510,0056015040,JURADO,0027,2019-04-05 04:00:00.000,94.0
6312511,0056015040,JURADO,0027,2019-04-05 05:00:00.000,95.0
6312512,0056015040,JURADO,0027,2019-04-05 06:00:00.000,95.0
6312513,0056015040,JURADO,0027,2019-04-05 07:00:00.000,95.0
6312514,0056015040,JURADO,0027,2019-04-05 08:00:00.000,95.0
6312515,0056015040,JURADO,0027,2019-04-05 09:00:00.000,94.0
6312516,0056015040,JURADO,0027,2019-04-05 10:00:00.000,92.0
6312517,0056015040,JURADO,0027,2019-04-05 11:00:00.000,83.0
6312518,0056015040,JURADO,0027,2019-04-05 12:00:00.000,83.0
6312519,0056015040,JURADO,0027,2019-04-05 13:00:00.000,83.0
6312520,0056015040,JURADO,0027,2019-04-05 14:00:00.000,83.0
6312521,0056015040,JURADO,0027,2019-04-05 15:00:00.000,82.0
6312522,0056015040,JURADO,0027,2019-04-05 16:00:00.000,82.0
6312523,0056015040,JURADO,0027,2019-04-05 17:00:00.000,84.0
6312524,0056015040,JURADO,0027,2019-04-05 18:00:00.000,85.0
6312525,0056015040,JURADO,0027,2019-04-05 19:00:00.000,87.0
6312526,0056015040,JURADO,0027,2019-04-05 20:00:00.000,89.0
6312527,0056015040,JURADO,0027,2019-04-05 21:00:00.000,91.0
6312528,0056015040,JURADO,0027,2019-04-05 22:00:00.000,92.0
6312529,0056015040,JURADO,0027,2019-04-05 23:00:00.000,93.0
6312530,0056015040,JURADO,0027,2019-04-06 00:00:00.000,93.0
6312531,0056015040,JURADO,0027,2019-04-06 01:00:00.000,94.0
6312532,0056015040,JURADO,0027,2019-04-06 02:00:00.000,94.0
6312533,0056015040,JURADO,0027,2019-04-06 03:00:00.000,94.0
6312534,0056015040,JURADO,0027,2019-04-06 04:00:00.000,95.0
6312535,0056015040,JURADO,0027,2019-04-06 05:00:00.000,95.0
6312536,0056015040,JURADO,0027,2019-04-06 06:00:00.000,95.0
6312537,0056015040,JURADO,0027,2019-04-06 07:00:00.000,95.0
6312538,0056015040,JURADO,0027,2019-04-06 08:00:00.000,92.0
6312539,0056015040,JURADO,0027,2019-04-06 09:00:00.000,73.0
6312540,0056015040,JURADO,0027,2019-04-06 10:00:00.000,81.0
6312541,0056015040,JURADO,0027,2019-04-06 11:00:00.000,77.0
6312542,0056015040,JURADO,0027,2019-04-06 12:00:00.000,79.0
6312543,0056015040,JURADO,0027,2019-04-06 13:00:00.000,80.0
6312544,0056015040,JURADO,0027,2019-04-06 14:00:00.000,82.0
6312545,0056015040,JURADO,0027,2019-04-06 15:00:00.000,81.0
6312546,0056015040,JURADO,0027,2019-04-06 16:00:00.000,85.0
6312547,0056015040,JURADO,0027,2019-04-06 17:00:00.000,87.0
6312548,0056015040,JURADO,0027,2019-04-06 18:00:00.000,88.0
6312549,0056015040,JURADO,0027,2019-04-06 19:00:00.000,90.0
6312550,0056015040,JURADO,0027,2019-04-06 20:00:00.000,90.0
6312551,0056015040,JURADO,0027,2019-04-06 21:00:00.000,91.0
6312552,0056015040,JURADO,0027,2019-04-06 22:00:00.000,91.0
6312553,0056015040,JURADO,0027,2019-04-06 23:00:00.000,92.0
6312554,0056015040,JURADO,0027,2019-04-07 00:00:00.000,92.0
6312555,0056015040,JURADO,0027,2019-04-07 01:00:00.000,92.0
6312556,0056015040,JURADO,0027,2019-04-07 02:00:00.000,92.0
6312557,0056015040,JURADO,0027,2019-04-07 03:00:00.000,93.0
6312558,0056015040,JURADO,0027,2019-04-07 04:00:00.000,93.0
6312559,0056015040,JURADO,0027,2019-04-07 05:00:00.000,93.0
6312560,0056015040,JURADO,0027,2019-04-07 06:00:00.000,94.0
6312561,0056015040,JURADO,0027,2019-04-07 07:00:00.000,94.0
6312562,0056015040,JURADO,0027,2019-04-07 08:00:00.000,94.0
6312563,0056015040,JURADO,0027,2019-04-07 09:00:00.000,93.0
6312564,0056015040,JURADO,0027,2019-04-07 10:00:00.000,90.0
6312565,0056015040,JURADO,0027,2019-04-07 11:00:00.000,88.0
6312566,0056015040,JURADO,0027,2019-04-07 12:00:00.000,87.0
6312567,0056015040,JURADO,0027,2019-04-07 13:00:00.000,86.0
6312568,0056015040,JURADO,0027,2019-04-07 14:00:00.000,85.0
6312569,0056015040,JURADO,0027,2019-04-07 15:00:00.000,89.0
6312570,0056015040,JURADO,0027,2019-04-07 16:00:00.000,89.0
6312571,0056015040,JURADO,0027,2019-04-07 17:00:00.000,89.0
6312572,0056015040,JURADO,0027,2019-04-07 18:00:00.000,90.0
6312573,0056015040,JURADO,0027,2019-04-07 19:00:00.000,90.0
6312574,0056015040,JURADO,0027,2019-04-07 20:00:00.000,91.0
6312575,0056015040,JURADO,0027,2019-04-07 21:00:00.000,91.0
6312576,0056015040,JURADO,0027,2019-04-07 22:00:00.000,91.0
6312577,0056015040,JURADO,0027,2019-04-07 23:00:00.000,92.0
6312578,0056015040,JURADO,0027,2019-04-08 00:00:00.000,93.0
6312579,0056015040,JURADO,0027,2019-04-08 01:00:00.000,93.0
6312580,0056015040,JURADO,0027,2019-04-08 02:00:00.000,93.0
6312581,0056015040,JURADO,0027,2019-04-08 03:00:00.000,93.0
6312582,0056015040,JURADO,0027,2019-04-08 04:00:00.000,92.0
6312583,0056015040,JURADO,0027,2019-04-08 05:00:00.000,92.0
6312584,0056015040,JURADO,0027,2019-04-08 06:00:00.000,92.0
6312585,0056015040,JURADO,0027,2019-04-08 07:00:00.000,92.0
6312586,0056015040,JURADO,0027,2019-04-08 08:00:00.000,90.0
6312587,0056015040,JURADO,0027,2019-04-08 09:00:00.000,85.0
6312588,0056015040,JURADO,0027,2019-04-08 10:00:00.000,86.0
6312589,0056015040,JURADO,0027,2019-04-08 11:00:00.000,85.0
6312590,0056015040,JURADO,0027,2019-04-08 12:00:00.000,85.0
6312591,0056015040,JURADO,0027,2019-04-08 13:00:00.000,84.0
6312592,0056015040,JURADO,0027,2019-04-08 14:00:00.000,82.0
6312593,0056015040,JURADO,0027,2019-04-08 15:00:00.000,84.0
6312594,0056015040,JURADO,0027,2019-04-08 16:00:00.000,82.0
6312595,0056015040,JURADO,0027,2019-04-08 17:00:00.000,87.0
6312596,0056015040,JURADO,0027,2019-04-08 18:00:00.000,88.0
6312597,0056015040,JURADO,0027,2019-04-08 19:00:00.000,87.0
6312598,0056015040,JURADO,0027,2019-04-08 20:00:00.000,89.0
6312599,0056015040,JURADO,0027,2019-04-08 21:00:00.000,90.0
6312600,0056015040,JURADO,0027,2019-04-08 22:00:00.000,92.0
6312601,0056015040,JURADO,0027,2019-04-08 23:00:00.000,93.0
6312602,0056015040,JURADO,0027,2019-04-09 00:00:00.000,93.0
6312603,0056015040,JURADO,0027,2019-04-09 01:00:00.000,93.0
6312604,0056015040,JURADO,0027,2019-04-09 02:00:00.000,94.0
6312605,0056015040,JURADO,0027,2019-04-09 03:00:00.000,94.0
6312606,0056015040,JURADO,0027,2019-04-09 04:00:00.000,94.0
6312607,0056015040,JURADO,0027,2019-04-09 05:00:00.000,94.0
6312608,0056015040,JURADO,0027,2019-04-09 06:00:00.000,94.0
6312609,0056015040,JURADO,0027,2019-04-09 07:00:00.000,94.0
6312610,0056015040,JURADO,0027,2019-04-09 08:00:00.000,94.0
6312611,0056015040,JURADO,0027,2019-04-09 09:00:00.000,93.0
6312612,0056015040,JURADO,0027,2019-04-09 10:00:00.000,90.0
6312613,0056015040,JURADO,0027,2019-04-09 11:00:00.000,85.0
6312614,0056015040,JURADO,0027,2019-04-09 12:00:00.000,85.0
6312615,0056015040,JURADO,0027,2019-04-09 13:00:00.000,84.0
6312616,0056015040,JURADO,0027,2019-04-09 14:00:00.000,82.0
6312617,0056015040,JURADO,0027,2019-04-09 15:00:00.000,86.0
6312618,0056015040,JURADO,0027,2019-04-09 16:00:00.000,87.0
6312619,0056015040,JURADO,0027,2019-04-09 17:00:00.000,87.0
6312620,0056015040,JURADO,0027,2019-04-09 18:00:00.000,90.0
6312621,0056015040,JURADO,0027,2019-04-09 19:00:00.000,91.0
6312622,0056015040,JURADO,0027,2019-04-09 20:00:00.000,92.0
6312623,0056015040,JURADO,0027,2019-04-09 21:00:00.000,92.0
6312624,0056015040,JURADO,0027,2019-04-09 22:00:00.000,92.0
6312625,0056015040,JURADO,0027,2019-04-09 23:00:00.000,93.0
6312626,0056015040,JURADO,0027,2019-04-10 00:00:00.000,94.0
6312627,0056015040,JURADO,0027,2019-04-10 01:00:00.000,94.0
6312628,0056015040,JURADO,0027,2019-04-10 02:00:00.000,94.0
6312629,0056015040,JURADO,0027,2019-04-10 03:00:00.000,94.0
6312630,0056015040,JURADO,0027,2019-04-10 04:00:00.000,94.0
6312631,0056015040,JURADO,0027,2019-04-10 05:00:00.000,95.0
6312632,0056015040,JURADO,0027,2019-04-10 06:00:00.000,95.0
6312633,0056015040,JURADO,0027,2019-04-10 07:00:00.000,95.0
6312634,0056015040,JURADO,0027,2019-04-10 08:00:00.000,95.0
6312635,0056015040,JURADO,0027,2019-04-10 09:00:00.000,94.0
6312636,0056015040,JURADO,0027,2019-04-10 10:00:00.000,93.0
6312637,0056015040,JURADO,0027,2019-04-10 11:00:00.000,90.0
6312638,0056015040,JURADO,0027,2019-04-10 12:00:00.000,83.0
6312639,0056015040,JURADO,0027,2019-04-10 13:00:00.000,83.0
6312640,0056015040,JURADO,0027,2019-04-10 14:00:00.000,81.0
6312641,0056015040,JURADO,0027,2019-04-10 15:00:00.000,81.0
6312642,0056015040,JURADO,0027,2019-04-10 16:00:00.000,83.0
6312643,0056015040,JURADO,0027,2019-04-10 17:00:00.000,84.0
6312644,0056015040,JURADO,0027,2019-04-10 18:00:00.000,88.0
6312645,0056015040,JURADO,0027,2019-04-10 19:00:00.000,90.0
6312646,0056015040,JURADO,0027,2019-04-10 20:00:00.000,90.0
6312647,0056015040,JURADO,0027,2019-04-10 21:00:00.000,90.0
6312648,0056015040,JURADO,0027,2019-04-10 22:00:00.000,91.0
6312649,0056015040,JURADO,0027,2019-04-10 23:00:00.000,91.0
6312650,0056015040,JURADO,0027,2019-04-11 00:00:00.000,92.0
6312651,0056015040,JURADO,0027,2019-04-11 01:00:00.000,92.0
6312652,0056015040,JURADO,0027,2019-04-11 02:00:00.000,93.0
6312653,0056015040,JURADO,0027,2019-04-11 03:00:00.000,93.0
6312654,0056015040,JURADO,0027,2019-04-11 04:00:00.000,94.0
6312655,0056015040,JURADO,0027,2019-04-11 05:00:00.000,94.0
6312656,0056015040,JURADO,0027,2019-04-11 06:00:00.000,94.0
6312657,0056015040,JURADO,0027,2019-04-11 07:00:00.000,95.0
6312658,0056015040,JURADO,0027,2019-04-11 08:00:00.000,93.0
6312659,0056015040,JURADO,0027,2019-04-11 09:00:00.000,86.0
6312660,0056015040,JURADO,0027,2019-04-11 10:00:00.000,78.0
6312661,0056015040,JURADO,0027,2019-04-11 11:00:00.000,77.0
6312662,0056015040,JURADO,0027,2019-04-11 12:00:00.000,77.0
6312663,0056015040,JURADO,0027,2019-04-11 13:00:00.000,82.0
6312664,0056015040,JURADO,0027,2019-04-11 14:00:00.000,83.0
6312665,0056015040,JURADO,0027,2019-04-11 15:00:00.000,83.0
6312666,0056015040,JURADO,0027,2019-04-11 16:00:00.000,84.0
6312667,0056015040,JURADO,0027,2019-04-11 17:00:00.000,87.0
6312668,0056015040,JURADO,0027,2019-04-11 18:00:00.000,88.0
6312669,0056015040,JURADO,0027,2019-04-11 19:00:00.000,89.0
6312670,0056015040,JURADO,0027,2019-04-11 20:00:00.000,88.0
6312671,0056015040,JURADO,0027,2019-04-11 21:00:00.000,88.0
6312672,0056015040,JURADO,0027,2019-04-11 22:00:00.000,89.0
6312673,0056015040,JURADO,0027,2019-04-11 23:00:00.000,90.0
6312674,0056015040,JURADO,0027,2019-04-12 00:00:00.000,91.0
6312675,0056015040,JURADO,0027,2019-04-12 01:00:00.000,92.0
6312676,0056015040,JURADO,0027,2019-04-12 02:00:00.000,93.0
6312677,0056015040,JURADO,0027,2019-04-12 03:00:00.000,93.0
6312678,0056015040,JURADO,0027,2019-04-12 04:00:00.000,93.0
6312679,0056015040,JURADO,0027,2019-04-12 05:00:00.000,94.0
6312680,0056015040,JURADO,0027,2019-04-12 06:00:00.000,95.0
6312681,0056015040,JURADO,0027,2019-04-12 07:00:00.000,95.0
6312682,0056015040,JURADO,0027,2019-04-12 08:00:00.000,95.0
6312683,0056015040,JURADO,0027,2019-04-12 09:00:00.000,95.0
6312684,0056015040,JURADO,0027,2019-04-12 10:00:00.000,93.0
6312685,0056015040,JURADO,0027,2019-04-12 11:00:00.000,91.0
6312686,0056015040,JURADO,0027,2019-04-12 12:00:00.000,87.0
6312687,0056015040,JURADO,0027,2019-04-12 13:00:00.000,86.0
6312688,0056015040,JURADO,0027,2019-04-12 14:00:00.000,85.0
6312689,0056015040,JURADO,0027,2019-04-12 15:00:00.000,86.0
6312690,0056015040,JURADO,0027,2019-04-12 16:00:00.000,86.0
6312691,0056015040,JURADO,0027,2019-04-12 17:00:00.000,87.0
6312692,0056015040,JURADO,0027,2019-04-12 18:00:00.000,88.0
6312693,0056015040,JURADO,0027,2019-04-12 19:00:00.000,89.0
6312694,0056015040,JURADO,0027,2019-04-12 20:00:00.000,89.0
6312695,0056015040,JURADO,0027,2019-04-12 21:00:00.000,90.0
6312696,0056015040,JURADO,0027,2019-04-12 22:00:00.000,90.0
6312697,0056015040,JURADO,0027,2019-04-12 23:00:00.000,92.0
6312698,0056015040,JURADO,0027,2019-04-13 00:00:00.000,92.0
6312699,0056015040,JURADO,0027,2019-04-13 01:00:00.000,93.0
6312700,0056015040,JURADO,0027,2019-04-13 02:00:00.000,94.0
6312701,0056015040,JURADO,0027,2019-04-13 03:00:00.000,94.0
6312702,0056015040,JURADO,0027,2019-04-13 04:00:00.000,94.0
6312703,0056015040,JURADO,0027,2019-04-13 05:00:00.000,95.0
6312704,0056015040,JURADO,0027,2019-04-13 06:00:00.000,95.0
6312705,0056015040,JURADO,0027,2019-04-13 07:00:00.000,95.0
6312706,0056015040,JURADO,0027,2019-04-13 08:00:00.000,94.0
6312707,0056015040,JURADO,0027,2019-04-13 09:00:00.000,92.0
6312708,0056015040,JURADO,0027,2019-04-13 10:00:00.000,87.0
6312709,0056015040,JURADO,0027,2019-04-13 11:00:00.000,87.0
6312710,0056015040,JURADO,0027,2019-04-13 12:00:00.000,88.0
6312711,0056015040,JURADO,0027,2019-04-13 13:00:00.000,89.0
6312712,0056015040,JURADO,0027,2019-04-13 14:00:00.000,90.0
6312713,0056015040,JURADO,0027,2019-04-13 15:00:00.000,90.0
6312714,0056015040,JURADO,0027,2019-04-13 16:00:00.000,91.0
6312715,0056015040,JURADO,0027,2019-04-13 17:00:00.000,88.0
6312716,0056015040,JURADO,0027,2019-04-13 18:00:00.000,88.0
6312717,0056015040,JURADO,0027,2019-04-13 19:00:00.000,90.0
6312718,0056015040,JURADO,0027,2019-04-13 20:00:00.000,90.0
6312719,0056015040,JURADO,0027,2019-04-13 21:00:00.000,91.0
6312720,0056015040,JURADO,0027,2019-04-13 22:00:00.000,91.0
6312721,0056015040,JURADO,0027,2019-04-13 23:00:00.000,92.0
6312722,0056015040,JURADO,0027,2019-04-14 00:00:00.000,91.0
6312723,0056015040,JURADO,0027,2019-04-14 01:00:00.000,92.0
6312724,0056015040,JURADO,0027,2019-04-14 02:00:00.000,91.0
6312725,0056015040,JURADO,0027,2019-04-14 03:00:00.000,92.0
6312726,0056015040,JURADO,0027,2019-04-14 04:00:00.000,92.0
6312727,0056015040,JURADO,0027,2019-04-14 05:00:00.000,93.0
6312728,0056015040,JURADO,0027,2019-04-14 06:00:00.000,94.0
6312729,0056015040,JURADO,0027,2019-04-14 07:00:00.000,94.0
6312730,0056015040,JURADO,0027,2019-04-14 08:00:00.000,95.0
6312731,0056015040,JURADO,0027,2019-04-14 09:00:00.000,95.0
6312732,0056015040,JURADO,0027,2019-04-14 10:00:00.000,95.0
6312733,0056015040,JURADO,0027,2019-04-14 11:00:00.000,96.0
6312734,0056015040,JURADO,0027,2019-04-14 12:00:00.000,96.0
6312735,0056015040,JURADO,0027,2019-04-14 13:00:00.000,96.0
6312736,0056015040,JURADO,0027,2019-04-14 14:00:00.000,96.0
6312737,0056015040,JURADO,0027,2019-04-14 15:00:00.000,95.0
6312738,0056015040,JURADO,0027,2019-04-14 16:00:00.000,94.0
6312739,0056015040,JURADO,0027,2019-04-14 17:00:00.000,92.0
6312740,0056015040,JURADO,0027,2019-04-14 18:00:00.000,90.0
6312741,0056015040,JURADO,0027,2019-04-14 19:00:00.000,91.0
6312742,0056015040,JURADO,0027,2019-04-14 20:00:00.000,92.0
6312743,0056015040,JURADO,0027,2019-04-14 21:00:00.000,93.0
6312744,0056015040,JURADO,0027,2019-04-14 22:00:00.000,94.0
6312745,0056015040,JURADO,0027,2019-04-14 23:00:00.000,95.0
6312746,0056015040,JURADO,0027,2019-04-15 00:00:00.000,96.0
6312747,0056015040,JURADO,0027,2019-04-15 01:00:00.000,96.0
6312748,0056015040,JURADO,0027,2019-04-15 02:00:00.000,97.0
6312749,0056015040,JURADO,0027,2019-04-15 03:00:00.000,97.0
6312750,0056015040,JURADO,0027,2019-04-15 04:00:00.000,97.0
6312751,0056015040,JURADO,0027,2019-04-15 05:00:00.000,97.0
6312752,0056015040,JURADO,0027,2019-04-15 06:00:00.000,97.0
6312753,0056015040,JURADO,0027,2019-04-15 07:00:00.000,97.0
6312754,0056015040,JURADO,0027,2019-04-15 08:00:00.000,97.0
6312755,0056015040,JURADO,0027,2019-04-15 09:00:00.000,97.0
6312756,0056015040,JURADO,0027,2019-04-15 10:00:00.000,95.0
6312757,0056015040,JURADO,0027,2019-04-15 11:00:00.000,93.0
6312758,0056015040,JURADO,0027,2019-04-15 12:00:00.000,92.0
6312759,0056015040,JURADO,0027,2019-04-15 13:00:00.000,90.0
6312760,0056015040,JURADO,0027,2019-04-15 14:00:00.000,91.0
6312761,0056015040,JURADO,0027,2019-04-15 15:00:00.000,91.0
6312762,0056015040,JURADO,0027,2019-04-15 16:00:00.000,92.0
6312763,0056015040,JURADO,0027,2019-04-15 17:00:00.000,92.0
6312764,0056015040,JURADO,0027,2019-04-15 18:00:00.000,92.0
6312765,0056015040,JURADO,0027,2019-04-15 19:00:00.000,93.0
6312766,0056015040,JURADO,0027,2019-04-15 20:00:00.000,93.0
6312767,0056015040,JURADO,0027,2019-04-15 21:00:00.000,94.0
6312768,0056015040,JURADO,0027,2019-04-15 22:00:00.000,94.0
6312769,0056015040,JURADO,0027,2019-04-15 23:00:00.000,94.0
6312770,0056015040,JURADO,0027,2019-04-16 00:00:00.000,95.0
6312771,0056015040,JURADO,0027,2019-04-16 01:00:00.000,100.0
6312772,0056015040,JURADO,0027,2019-04-16 02:00:00.000,100.0
6312773,0056015040,JURADO,0027,2019-04-16 03:00:00.000,100.0
6312774,0056015040,JURADO,0027,2019-04-16 04:00:00.000,100.0
6312775,0056015040,JURADO,0027,2019-04-16 05:00:00.000,100.0
6312776,0056015040,JURADO,0027,2019-04-16 06:00:00.000,100.0
6312777,0056015040,JURADO,0027,2019-04-16 07:00:00.000,100.0
6312778,0056015040,JURADO,0027,2019-04-16 08:00:00.000,100.0
6312779,0056015040,JURADO,0027,2019-04-16 09:00:00.000,100.0
6312780,0056015040,JURADO,0027,2019-04-16 10:00:00.000,100.0
6312781,0056015040,JURADO,0027,2019-04-16 11:00:00.000,100.0
6312782,0056015040,JURADO,0027,2019-04-16 12:00:00.000,100.0
6312783,0056015040,JURADO,0027,2019-04-16 13:00:00.000,100.0
6312784,0056015040,JURADO,0027,2019-04-16 14:00:00.000,100.0
6312785,0056015040,JURADO,0027,2019-04-16 15:00:00.000,100.0
6312786,0056015040,JURADO,0027,2019-04-16 16:00:00.000,100.0
6312787,0056015040,JURADO,0027,2019-04-16 17:00:00.000,100.0
6312788,0056015040,JURADO,0027,2019-04-16 18:00:00.000,100.0
6312789,0056015040,JURADO,0027,2019-04-16 19:00:00.000,100.0
6312790,0056015040,JURADO,0027,2019-04-16 20:00:00.000,100.0
6312791,0056015040,JURADO,0027,2019-04-16 21:00:00.000,100.0
6312792,0056015040,JURADO,0027,2019-04-16 22:00:00.000,100.0
6312793,0056015040,JURADO,0027,2019-04-16 23:00:00.000,100.0
6312794,0056015040,JURADO,0027,2019-04-17 00:00:00.000,100.0
6312795,0056015040,JURADO,0027,2019-04-17 01:00:00.000,100.0
6312796,0056015040,JURADO,0027,2019-04-17 02:00:00.000,100.0
6312797,0056015040,JURADO,0027,2019-04-17 03:00:00.000,100.0
6312798,0056015040,JURADO,0027,2019-04-17 04:00:00.000,100.0
6312799,0056015040,JURADO,0027,2019-04-17 05:00:00.000,100.0
6312800,0056015040,JURADO,0027,2019-04-17 06:00:00.000,100.0
6312801,0056015040,JURADO,0027,2019-04-17 07:00:00.000,100.0
6312802,0056015040,JURADO,0027,2019-04-17 08:00:00.000,100.0
6312803,0056015040,JURADO,0027,2019-04-17 09:00:00.000,100.0
6312804,0056015040,JURADO,0027,2019-04-17 10:00:00.000,100.0
6312805,0056015040,JURADO,0027,2019-04-17 11:00:00.000,100.0
6312806,0056015040,JURADO,0027,2019-04-17 12:00:00.000,100.0
6312807,0056015040,JURADO,0027,2019-04-17 13:00:00.000,100.0
6312808,0056015040,JURADO,0027,2019-04-17 14:00:00.000,100.0
6312809,0056015040,JURADO,0027,2019-04-17 15:00:00.000,100.0
6312810,0056015040,JURADO,0027,2019-04-17 16:00:00.000,100.0
6312811,0056015040,JURADO,0027,2019-04-17 17:00:00.000,100.0
6312812,0056015040,JURADO,0027,2019-04-17 18:00:00.000,100.0
6312813,0056015040,JURADO,0027,2019-04-17 19:00:00.000,100.0
6312814,0056015040,JURADO,0027,2019-04-17 20:00:00.000,100.0
6312815,0056015040,JURADO,0027,2019-04-17 21:00:00.000,100.0
6312816,0056015040,JURADO,0027,2019-04-17 22:00:00.000,100.0
6312817,0056015040,JURADO,0027,2019-04-17 23:00:00.000,100.0
6312818,0056015040,JURADO,0027,2019-04-18 00:00:00.000,100.0
6312819,0056015040,JURADO,0027,2019-04-18 01:00:00.000,100.0
6312820,0056015040,JURADO,0027,2019-04-18 02:00:00.000,100.0
6312821,0056015040,JURADO,0027,2019-04-18 03:00:00.000,100.0
6312822,0056015040,JURADO,0027,2019-04-18 04:00:00.000,100.0
6312823,0056015040,JURADO,0027,2019-04-18 05:00:00.000,100.0
6312824,0056015040,JURADO,0027,2019-04-18 06:00:00.000,100.0
6312825,0056015040,JURADO,0027,2019-04-18 07:00:00.000,100.0
6312826,0056015040,JURADO,0027,2019-04-18 08:00:00.000,100.0
6312827,0056015040,JURADO,0027,2019-04-18 09:00:00.000,100.0
6312828,0056015040,JURADO,0027,2019-04-18 10:00:00.000,100.0
6312829,0056015040,JURADO,0027,2019-04-18 11:00:00.000,100.0
6312830,0056015040,JURADO,0027,2019-04-18 12:00:00.000,100.0
6312831,0056015040,JURADO,0027,2019-04-18 13:00:00.000,100.0
6312832,0056015040,JURADO,0027,2019-04-18 14:00:00.000,100.0
6312833,0056015040,JURADO,0027,2019-04-18 15:00:00.000,100.0
6312834,0056015040,JURADO,0027,2019-04-18 16:00:00.000,100.0
6312835,0056015040,JURADO,0027,2019-04-18 17:00:00.000,100.0
6312836,0056015040,JURADO,0027,2019-04-18 18:00:00.000,100.0
6312837,0056015040,JURADO,0027,2019-04-18 19:00:00.000,100.0
6312838,0056015040,JURADO,0027,2019-04-18 20:00:00.000,100.0
6312839,0056015040,JURADO,0027,2019-04-18 21:00:00.000,100.0
6312840,0056015040,JURADO,0027,2019-04-18 22:00:00.000,100.0
6312841,0056015040,JURADO,0027,2019-04-18 23:00:00.000,100.0
6312842,0056015040,JURADO,0027,2019-04-19 00:00:00.000,100.0
6312843,0056015040,JURADO,0027,2019-04-19 01:00:00.000,100.0
6312844,0056015040,JURADO,0027,2019-04-19 02:00:00.000,100.0
6312845,0056015040,JURADO,0027,2019-04-19 03:00:00.000,100.0
6312846,0056015040,JURADO,0027,2019-04-19 04:00:00.000,100.0
6312847,0056015040,JURADO,0027,2019-04-19 05:00:00.000,100.0
6312848,0056015040,JURADO,0027,2019-04-19 06:00:00.000,100.0
6312849,0056015040,JURADO,0027,2019-04-19 07:00:00.000,100.0
6312850,0056015040,JURADO,0027,2019-04-19 08:00:00.000,100.0
6312851,0056015040,JURADO,0027,2019-04-19 09:00:00.000,100.0
6312852,0056015040,JURADO,0027,2019-04-19 10:00:00.000,100.0
6312853,0056015040,JURADO,0027,2019-04-19 11:00:00.000,100.0
6312854,0056015040,JURADO,0027,2019-04-19 12:00:00.000,100.0
6312855,0056015040,JURADO,0027,2019-04-19 13:00:00.000,100.0
6312856,0056015040,JURADO,0027,2019-04-19 14:00:00.000,100.0
6312857,0056015040,JURADO,0027,2019-04-19 15:00:00.000,100.0
6312858,0056015040,JURADO,0027,2019-04-19 16:00:00.000,100.0
6312859,0056015040,JURADO,0027,2019-04-19 17:00:00.000,100.0
6312860,0056015040,JURADO,0027,2019-04-19 18:00:00.000,100.0
6312861,0056015040,JURADO,0027,2019-04-19 19:00:00.000,100.0
6312862,0056015040,JURADO,0027,2019-04-19 20:00:00.000,100.0
6312863,0056015040,JURADO,0027,2019-04-19 21:00:00.000,100.0
6312864,0056015040,JURADO,0027,2019-04-19 22:00:00.000,100.0
6312865,0056015040,JURADO,0027,2019-04-19 23:00:00.000,100.0
6312866,0056015040,JURADO,0027,2019-04-20 00:00:00.000,100.0
6312867,0056015040,JURADO,0027,2019-04-20 01:00:00.000,100.0
6312868,0056015040,JURADO,0027,2019-04-20 02:00:00.000,100.0
6312869,0056015040,JURADO,0027,2019-04-20 03:00:00.000,100.0
6312870,0056015040,JURADO,0027,2019-04-20 04:00:00.000,100.0
6312871,0056015040,JURADO,0027,2019-04-20 05:00:00.000,100.0
6312872,0056015040,JURADO,0027,2019-04-20 06:00:00.000,100.0
6312873,0056015040,JURADO,0027,2019-04-20 07:00:00.000,100.0
6312874,0056015040,JURADO,0027,2019-04-20 08:00:00.000,100.0
6312875,0056015040,JURADO,0027,2019-04-20 09:00:00.000,100.0
6312876,0056015040,JURADO,0027,2019-04-20 10:00:00.000,100.0
6312877,0056015040,JURADO,0027,2019-04-20 11:00:00.000,100.0
6312878,0056015040,JURADO,0027,2019-04-20 12:00:00.000,100.0
6312879,0056015040,JURADO,0027,2019-04-20 13:00:00.000,100.0
6312880,0056015040,JURADO,0027,2019-04-20 14:00:00.000,100.0
6312881,0056015040,JURADO,0027,2019-04-20 15:00:00.000,100.0
6312882,0056015040,JURADO,0027,2019-04-20 16:00:00.000,100.0
6312883,0056015040,JURADO,0027,2019-04-20 17:00:00.000,100.0
6312884,0056015040,JURADO,0027,2019-04-20 18:00:00.000,100.0
6312885,0056015040,JURADO,0027,2019-04-20 19:00:00.000,100.0
6312886,0056015040,JURADO,0027,2019-04-20 20:00:00.000,100.0
6312887,0056015040,JURADO,0027,2019-04-20 21:00:00.000,100.0
6312888,0056015040,JURADO,0027,2019-04-20 22:00:00.000,100.0
6312889,0056015040,JURADO,0027,2019-04-20 23:00:00.000,100.0
6312890,0056015040,JURADO,0027,2019-04-21 00:00:00.000,100.0
6312891,0056015040,JURADO,0027,2019-04-21 01:00:00.000,100.0
6312892,0056015040,JURADO,0027,2019-04-21 02:00:00.000,100.0
6312893,0056015040,JURADO,0027,2019-04-21 03:00:00.000,100.0
6312894,0056015040,JURADO,0027,2019-04-21 04:00:00.000,100.0
6312895,0056015040,JURADO,0027,2019-04-21 05:00:00.000,100.0
6312896,0056015040,JURADO,0027,2019-04-21 06:00:00.000,100.0
6312897,0056015040,JURADO,0027,2019-04-21 07:00:00.000,100.0
6312898,0056015040,JURADO,0027,2019-04-21 08:00:00.000,100.0
6312899,0056015040,JURADO,0027,2019-04-21 09:00:00.000,100.0
6312900,0056015040,JURADO,0027,2019-04-21 10:00:00.000,100.0
6312901,0056015040,JURADO,0027,2019-04-21 11:00:00.000,100.0
6312902,0056015040,JURADO,0027,2019-04-21 12:00:00.000,100.0
6312903,0056015040,JURADO,0027,2019-04-21 13:00:00.000,100.0
6312904,0056015040,JURADO,0027,2019-04-21 14:00:00.000,100.0
6312905,0056015040,JURADO,0027,2019-04-21 15:00:00.000,100.0
6312906,0056015040,JURADO,0027,2019-04-21 16:00:00.000,100.0
6312907,0056015040,JURADO,0027,2019-04-21 17:00:00.000,100.0
6312908,0056015040,JURADO,0027,2019-04-21 18:00:00.000,100.0
6312909,0056015040,JURADO,0027,2019-04-21 19:00:00.000,100.0
6312910,0056015040,JURADO,0027,2019-04-21 20:00:00.000,100.0
6312911,0056015040,JURADO,0027,2019-04-21 21:00:00.000,100.0
6312912,0056015040,JURADO,0027,2019-04-21 22:00:00.000,100.0
6312913,0056015040,JURADO,0027,2019-04-21 23:00:00.000,100.0
6312914,0056015040,JURADO,0027,2019-04-22 00:00:00.000,100.0
6312915,0056015040,JURADO,0027,2019-04-22 01:00:00.000,100.0
6312916,0056015040,JURADO,0027,2019-04-22 02:00:00.000,100.0
6312917,0056015040,JURADO,0027,2019-04-22 03:00:00.000,100.0
6312918,0056015040,JURADO,0027,2019-04-22 04:00:00.000,100.0
6312919,0056015040,JURADO,0027,2019-04-22 05:00:00.000,100.0
6312920,0056015040,JURADO,0027,2019-04-22 06:00:00.000,100.0
6312921,0056015040,JURADO,0027,2019-04-22 07:00:00.000,100.0
6312922,0056015040,JURADO,0027,2019-04-22 08:00:00.000,100.0
6312923,0056015040,JURADO,0027,2019-04-22 09:00:00.000,100.0
6312924,0056015040,JURADO,0027,2019-04-22 10:00:00.000,100.0
6312925,0056015040,JURADO,0027,2019-04-22 11:00:00.000,100.0
6312926,0056015040,JURADO,0027,2019-04-22 12:00:00.000,100.0
6312927,0056015040,JURADO,0027,2019-04-22 13:00:00.000,100.0
6312928,0056015040,JURADO,0027,2019-04-22 14:00:00.000,100.0
6312929,0056015040,JURADO,0027,2019-04-22 15:00:00.000,100.0
6312930,0056015040,JURADO,0027,2019-04-22 16:00:00.000,100.0
6312931,0056015040,JURADO,0027,2019-04-22 17:00:00.000,100.0
6312932,0056015040,JURADO,0027,2019-04-22 18:00:00.000,100.0
6312933,0056015040,JURADO,0027,2019-04-22 19:00:00.000,100.0
6312934,0056015040,JURADO,0027,2019-04-22 20:00:00.000,100.0
6312935,0056015040,JURADO,0027,2019-04-22 21:00:00.000,100.0
6312936,0056015040,JURADO,0027,2019-04-22 22:00:00.000,100.0
6312937,0056015040,JURADO,0027,2019-04-22 23:00:00.000,100.0
6312938,0056015040,JURADO,0027,2019-04-23 00:00:00.000,100.0
6312939,0056015040,JURADO,0027,2019-04-23 01:00:00.000,100.0
6312940,0056015040,JURADO,0027,2019-04-23 02:00:00.000,100.0
6312941,0056015040,JURADO,0027,2019-04-23 03:00:00.000,100.0
6312942,0056015040,JURADO,0027,2019-04-23 04:00:00.000,100.0
6312943,0056015040,JURADO,0027,2019-04-23 05:00:00.000,100.0
6312944,0056015040,JURADO,0027,2019-04-23 06:00:00.000,100.0
6312945,0056015040,JURADO,0027,2019-04-23 07:00:00.000,100.0
6312946,0056015040,JURADO,0027,2019-04-23 08:00:00.000,100.0
6312947,0056015040,JURADO,0027,2019-04-23 09:00:00.000,100.0
6312948,0056015040,JURADO,0027,2019-04-23 10:00:00.000,100.0
6312949,0056015040,JURADO,0027,2019-04-23 11:00:00.000,100.0
6312950,0056015040,JURADO,0027,2019-04-23 12:00:00.000,100.0
6312951,0056015040,JURADO,0027,2019-04-23 13:00:00.000,100.0
6312952,0056015040,JURADO,0027,2019-04-23 14:00:00.000,100.0
6312953,0056015040,JURADO,0027,2019-04-23 15:00:00.000,100.0
6312954,0056015040,JURADO,0027,2019-04-23 16:00:00.000,100.0
6312955,0056015040,JURADO,0027,2019-04-23 17:00:00.000,100.0
6312956,0056015040,JURADO,0027,2019-04-23 18:00:00.000,100.0
6312957,0056015040,JURADO,0027,2019-04-23 19:00:00.000,100.0
6312958,0056015040,JURADO,0027,2019-04-23 20:00:00.000,100.0
6312959,0056015040,JURADO,0027,2019-04-23 21:00:00.000,100.0
6312960,0056015040,JURADO,0027,2019-04-23 22:00:00.000,100.0
6312961,0056015040,JURADO,0027,2019-04-23 23:00:00.000,100.0
6312962,0056015040,JURADO,0027,2019-04-24 00:00:00.000,100.0
6312963,0056015040,JURADO,0027,2019-04-24 01:00:00.000,100.0
6312964,0056015040,JURADO,0027,2019-04-24 02:00:00.000,100.0
6312965,0056015040,JURADO,0027,2019-04-24 03:00:00.000,100.0
6312966,0056015040,JURADO,0027,2019-04-24 04:00:00.000,100.0
6312967,0056015040,JURADO,0027,2019-04-24 05:00:00.000,100.0
6312968,0056015040,JURADO,0027,2019-04-24 06:00:00.000,100.0
6312969,0056015040,JURADO,0027,2019-04-24 07:00:00.000,100.0
6312970,0056015040,JURADO,0027,2019-04-24 08:00:00.000,100.0
6312971,0056015040,JURADO,0027,2019-04-24 09:00:00.000,100.0
6312972,0056015040,JURADO,0027,2019-04-24 10:00:00.000,100.0
6312973,0056015040,JURADO,0027,2019-04-24 11:00:00.000,100.0
6312974,0056015040,JURADO,0027,2019-04-24 12:00:00.000,100.0
6312975,0056015040,JURADO,0027,2019-04-24 13:00:00.000,100.0
6312976,0056015040,JURADO,0027,2019-04-24 14:00:00.000,100.0
6312977,0056015040,JURADO,0027,2019-04-24 15:00:00.000,100.0
6312978,0056015040,JURADO,0027,2019-04-24 16:00:00.000,100.0
6312979,0056015040,JURADO,0027,2019-04-24 17:00:00.000,100.0
6312980,0056015040,JURADO,0027,2019-04-24 18:00:00.000,100.0
6312981,0056015040,JURADO,0027,2019-04-24 19:00:00.000,100.0
6312982,0056015040,JURADO,0027,2019-04-24 20:00:00.000,100.0
6312983,0056015040,JURADO,0027,2019-04-24 21:00:00.000,100.0
6312984,0056015040,JURADO,0027,2019-04-24 22:00:00.000,100.0
6312985,0056015040,JURADO,0027,2019-04-24 23:00:00.000,100.0
6312986,0056015040,JURADO,0027,2019-04-25 00:00:00.000,100.0
6312987,0056015040,JURADO,0027,2019-04-25 01:00:00.000,100.0
6312988,0056015040,JURADO,0027,2019-04-25 02:00:00.000,100.0
6312989,0056015040,JURADO,0027,2019-04-25 03:00:00.000,100.0
6312990,0056015040,JURADO,0027,2019-04-25 04:00:00.000,100.0
6312991,0056015040,JURADO,0027,2019-04-25 05:00:00.000,100.0
6312992,0056015040,JURADO,0027,2019-04-25 06:00:00.000,100.0
6312993,0056015040,JURADO,0027,2019-04-25 07:00:00.000,100.0
6312994,0056015040,JURADO,0027,2019-04-25 08:00:00.000,100.0
6312995,0056015040,JURADO,0027,2019-04-25 09:00:00.000,100.0
6312996,0056015040,JURADO,0027,2019-04-25 10:00:00.000,100.0
6312997,0056015040,JURADO,0027,2019-04-25 11:00:00.000,100.0
6312998,0056015040,JURADO,0027,2019-04-25 12:00:00.000,100.0
6312999,0056015040,JURADO,0027,2019-04-25 13:00:00.000,100.0
6313000,0056015040,JURADO,0027,2019-04-25 14:00:00.000,100.0
6313001,0056015040,JURADO,0027,2019-04-25 15:00:00.000,100.0
6313002,0056015040,JURADO,0027,2019-04-25 16:00:00.000,100.0
6313003,0056015040,JURADO,0027,2019-04-25 17:00:00.000,100.0
6313004,0056015040,JURADO,0027,2019-04-25 18:00:00.000,100.0
6313005,0056015040,JURADO,0027,2019-04-25 19:00:00.000,100.0
6313006,0056015040,JURADO,0027,2019-04-25 20:00:00.000,100.0
6313007,0056015040,JURADO,0027,2019-04-25 21:00:00.000,100.0
6313008,0056015040,JURADO,0027,2019-04-25 22:00:00.000,100.0
6313009,0056015040,JURADO,0027,2019-04-25 23:00:00.000,100.0
6313010,0056015040,JURADO,0027,2019-04-26 00:00:00.000,100.0
6313011,0056015040,JURADO,0027,2019-04-26 01:00:00.000,100.0
6313012,0056015040,JURADO,0027,2019-04-26 02:00:00.000,100.0
6313013,0056015040,JURADO,0027,2019-04-26 03:00:00.000,100.0
6313014,0056015040,JURADO,0027,2019-04-26 04:00:00.000,100.0
6313015,0056015040,JURADO,0027,2019-04-26 05:00:00.000,100.0
6313016,0056015040,JURADO,0027,2019-04-26 06:00:00.000,100.0
6313017,0056015040,JURADO,0027,2019-04-26 07:00:00.000,100.0
6313018,0056015040,JURADO,0027,2019-04-26 08:00:00.000,100.0
6313019,0056015040,JURADO,0027,2019-04-26 09:00:00.000,100.0
6313020,0056015040,JURADO,0027,2019-04-26 10:00:00.000,100.0
6313021,0056015040,JURADO,0027,2019-04-26 11:00:00.000,100.0
6313022,0056015040,JURADO,0027,2019-04-26 12:00:00.000,100.0
6313023,0056015040,JURADO,0027,2019-04-26 13:00:00.000,100.0
6313024,0056015040,JURADO,0027,2019-04-26 14:00:00.000,100.0
6313025,0056015040,JURADO,0027,2019-04-26 15:00:00.000,100.0
6313026,0056015040,JURADO,0027,2019-04-26 16:00:00.000,100.0
6313027,0056015040,JURADO,0027,2019-04-26 17:00:00.000,100.0
6313028,0056015040,JURADO,0027,2019-04-26 18:00:00.000,100.0
6313029,0056015040,JURADO,0027,2019-04-26 19:00:00.000,100.0
6313030,0056015040,JURADO,0027,2019-04-26 20:00:00.000,100.0
6313031,0056015040,JURADO,0027,2019-04-26 21:00:00.000,100.0
6313032,0056015040,JURADO,0027,2019-04-26 22:00:00.000,100.0
6313033,0056015040,JURADO,0027,2019-04-26 23:00:00.000,100.0
6313034,0056015040,JURADO,0027,2019-04-27 00:00:00.000,100.0
6313035,0056015040,JURADO,0027,2019-04-27 01:00:00.000,100.0
6313036,0056015040,JURADO,0027,2019-04-27 02:00:00.000,100.0
6313037,0056015040,JURADO,0027,2019-04-27 03:00:00.000,100.0
6313038,0056015040,JURADO,0027,2019-04-27 04:00:00.000,100.0
6313039,0056015040,JURADO,0027,2019-04-27 05:00:00.000,100.0
6313040,0056015040,JURADO,0027,2019-04-27 06:00:00.000,100.0
6313041,0056015040,JURADO,0027,2019-04-27 07:00:00.000,100.0
6313042,0056015040,JURADO,0027,2019-04-27 08:00:00.000,100.0
6313043,0056015040,JURADO,0027,2019-04-27 09:00:00.000,100.0
6313044,0056015040,JURADO,0027,2019-04-27 10:00:00.000,100.0
6313045,0056015040,JURADO,0027,2019-04-27 11:00:00.000,100.0
6313046,0056015040,JURADO,0027,2019-04-27 12:00:00.000,100.0
6313047,0056015040,JURADO,0027,2019-04-27 13:00:00.000,100.0
6313048,0056015040,JURADO,0027,2019-04-27 14:00:00.000,100.0
6313049,0056015040,JURADO,0027,2019-04-27 15:00:00.000,100.0
6313050,0056015040,JURADO,0027,2019-04-27 16:00:00.000,100.0
6313051,0056015040,JURADO,0027,2019-04-27 17:00:00.000,100.0
6313052,0056015040,JURADO,0027,2019-04-27 18:00:00.000,100.0
6313053,0056015040,JURADO,0027,2019-04-27 19:00:00.000,100.0
6313054,0056015040,JURADO,0027,2019-04-27 20:00:00.000,100.0
6313055,0056015040,JURADO,0027,2019-04-27 21:00:00.000,100.0
6313056,0056015040,JURADO,0027,2019-04-27 22:00:00.000,100.0
6313057,0056015040,JURADO,0027,2019-04-27 23:00:00.000,100.0
6313058,0056015040,JURADO,0027,2019-04-28 00:00:00.000,100.0
6313059,0056015040,JURADO,0027,2019-04-28 01:00:00.000,100.0
6313060,0056015040,JURADO,0027,2019-04-28 02:00:00.000,100.0
6313061,0056015040,JURADO,0027,2019-04-28 03:00:00.000,100.0
6313062,0056015040,JURADO,0027,2019-04-28 04:00:00.000,100.0
6313063,0056015040,JURADO,0027,2019-04-28 05:00:00.000,100.0
6313064,0056015040,JURADO,0027,2019-04-28 06:00:00.000,100.0
6313065,0056015040,JURADO,0027,2019-04-28 07:00:00.000,100.0
6313066,0056015040,JURADO,0027,2019-04-28 08:00:00.000,100.0
6313067,0056015040,JURADO,0027,2019-04-28 09:00:00.000,100.0
6313068,0056015040,JURADO,0027,2019-04-28 10:00:00.000,100.0
6313069,0056015040,JURADO,0027,2019-04-28 11:00:00.000,100.0
6313070,0056015040,JURADO,0027,2019-04-28 12:00:00.000,100.0
6313071,0056015040,JURADO,0027,2019-04-28 13:00:00.000,100.0
6313072,0056015040,JURADO,0027,2019-04-28 14:00:00.000,100.0
6313073,0056015040,JURADO,0027,2019-04-28 15:00:00.000,100.0
6313074,0056015040,JURADO,0027,2019-04-28 16:00:00.000,100.0
6313075,0056015040,JURADO,0027,2019-04-28 17:00:00.000,100.0
6313076,0056015040,JURADO,0027,2019-04-28 18:00:00.000,100.0
6313077,0056015040,JURADO,0027,2019-04-28 19:00:00.000,100.0
6313078,0056015040,JURADO,0027,2019-04-28 20:00:00.000,100.0
6313079,0056015040,JURADO,0027,2019-04-28 21:00:00.000,100.0
6313080,0056015040,JURADO,0027,2019-04-28 22:00:00.000,100.0
6313081,0056015040,JURADO,0027,2019-04-28 23:00:00.000,100.0
6313082,0056015040,JURADO,0027,2019-04-29 00:00:00.000,100.0
6313083,0056015040,JURADO,0027,2019-04-29 01:00:00.000,100.0
6313084,0056015040,JURADO,0027,2019-04-29 02:00:00.000,100.0
6313085,0056015040,JURADO,0027,2019-04-29 03:00:00.000,100.0
6313086,0056015040,JURADO,0027,2019-04-29 04:00:00.000,100.0
6313087,0056015040,JURADO,0027,2019-04-29 05:00:00.000,100.0
6313088,0056015040,JURADO,0027,2019-04-29 06:00:00.000,100.0
6313089,0056015040,JURADO,0027,2019-04-29 07:00:00.000,100.0
6313090,0056015040,JURADO,0027,2019-04-29 08:00:00.000,100.0
6313091,0056015040,JURADO,0027,2019-04-29 09:00:00.000,100.0
6313092,0056015040,JURADO,0027,2019-04-29 10:00:00.000,100.0
6313093,0056015040,JURADO,0027,2019-04-29 11:00:00.000,100.0
6313094,0056015040,JURADO,0027,2019-04-29 12:00:00.000,100.0
6313095,0056015040,JURADO,0027,2019-04-29 13:00:00.000,100.0
6313096,0056015040,JURADO,0027,2019-04-29 14:00:00.000,100.0
6313097,0056015040,JURADO,0027,2019-04-29 15:00:00.000,100.0
6313098,0056015040,JURADO,0027,2019-04-29 16:00:00.000,100.0
6313099,0056015040,JURADO,0027,2019-04-29 17:00:00.000,100.0
6313100,0056015040,JURADO,0027,2019-04-29 18:00:00.000,100.0
6313101,0056015040,JURADO,0027,2019-04-29 19:00:00.000,100.0
6313102,0056015040,JURADO,0027,2019-04-29 20:00:00.000,100.0
6313103,0056015040,JURADO,0027,2019-04-29 21:00:00.000,100.0
6313104,0056015040,JURADO,0027,2019-04-29 22:00:00.000,100.0
6313105,0056015040,JURADO,0027,2019-04-29 23:00:00.000,100.0
6313106,0056015040,JURADO,0027,2019-04-30 00:00:00.000,100.0
6313107,0056015040,JURADO,0027,2019-04-30 01:00:00.000,100.0
6313108,0056015040,JURADO,0027,2019-04-30 02:00:00.000,100.0
6313109,0056015040,JURADO,0027,2019-04-30 03:00:00.000,100.0
6313110,0056015040,JURADO,0027,2019-04-30 04:00:00.000,100.0
6313111,0056015040,JURADO,0027,2019-04-30 05:00:00.000,100.0
6313112,0056015040,JURADO,0027,2019-04-30 06:00:00.000,100.0
6313113,0056015040,JURADO,0027,2019-04-30 07:00:00.000,100.0
6313114,0056015040,JURADO,0027,2019-04-30 08:00:00.000,100.0
6313115,0056015040,JURADO,0027,2019-04-30 09:00:00.000,100.0
6313116,0056015040,JURADO,0027,2019-04-30 10:00:00.000,100.0
6313117,0056015040,JURADO,0027,2019-04-30 11:00:00.000,100.0
6313118,0056015040,JURADO,0027,2019-04-30 12:00:00.000,100.0
6313119,0056015040,JURADO,0027,2019-04-30 13:00:00.000,100.0
6313120,0056015040,JURADO,0027,2019-04-30 14:00:00.000,100.0
6313121,0056015040,JURADO,0027,2019-04-30 15:00:00.000,100.0
6313122,0056015040,JURADO,0027,2019-04-30 16:00:00.000,100.0
6313123,0056015040,JURADO,0027,2019-04-30 17:00:00.000,100.0
6313124,0056015040,JURADO,0027,2019-04-30 18:00:00.000,100.0
6313125,0056015040,JURADO,0027,2019-04-30 19:00:00.000,100.0
6313126,0056015040,JURADO,0027,2019-04-30 20:00:00.000,100.0
6313127,0056015040,JURADO,0027,2019-04-30 21:00:00.000,100.0
6313128,0056015040,JURADO,0027,2019-04-30 22:00:00.000,100.0
6313129,0056015040,JURADO,0027,2019-04-30 23:00:00.000,100.0
6313130,0056015040,JURADO,0027,2019-05-01 00:00:00.000,100.0
6313131,0056015040,JURADO,0027,2019-05-01 01:00:00.000,100.0
6313132,0056015040,JURADO,0027,2019-05-01 02:00:00.000,100.0
6313133,0056015040,JURADO,0027,2019-05-01 03:00:00.000,100.0
6313134,0056015040,JURADO,0027,2019-05-01 04:00:00.000,100.0
6313135,0056015040,JURADO,0027,2019-05-01 05:00:00.000,100.0
6313136,0056015040,JURADO,0027,2019-05-01 06:00:00.000,100.0
6313137,0056015040,JURADO,0027,2019-05-01 07:00:00.000,100.0
6313138,0056015040,JURADO,0027,2019-05-01 08:00:00.000,100.0
6313139,0056015040,JURADO,0027,2019-05-01 09:00:00.000,100.0
6313140,0056015040,JURADO,0027,2019-05-01 10:00:00.000,100.0
6313141,0056015040,JURADO,0027,2019-05-01 11:00:00.000,100.0
6313142,0056015040,JURADO,0027,2019-05-01 12:00:00.000,100.0
6313143,0056015040,JURADO,0027,2019-05-01 13:00:00.000,100.0
6313144,0056015040,JURADO,0027,2019-05-01 14:00:00.000,100.0
6313145,0056015040,JURADO,0027,2019-05-01 15:00:00.000,100.0
6313146,0056015040,JURADO,0027,2019-05-01 16:00:00.000,100.0
6313147,0056015040,JURADO,0027,2019-05-01 17:00:00.000,100.0
6313148,0056015040,JURADO,0027,2019-05-01 18:00:00.000,100.0
6313149,0056015040,JURADO,0027,2019-05-01 19:00:00.000,100.0
6313150,0056015040,JURADO,0027,2019-05-01 20:00:00.000,100.0
6313151,0056015040,JURADO,0027,2019-05-01 21:00:00.000,100.0
6313152,0056015040,JURADO,0027,2019-05-01 22:00:00.000,100.0
6313153,0056015040,JURADO,0027,2019-05-01 23:00:00.000,100.0
6313154,0056015040,JURADO,0027,2019-05-02 00:00:00.000,100.0
6313155,0056015040,JURADO,0027,2019-05-02 01:00:00.000,100.0
6313156,0056015040,JURADO,0027,2019-05-02 02:00:00.000,100.0
6313157,0056015040,JURADO,0027,2019-05-02 03:00:00.000,100.0
6313158,0056015040,JURADO,0027,2019-05-02 04:00:00.000,100.0
6313159,0056015040,JURADO,0027,2019-05-02 05:00:00.000,100.0
6313160,0056015040,JURADO,0027,2019-05-02 06:00:00.000,100.0
6313161,0056015040,JURADO,0027,2019-05-02 07:00:00.000,100.0
6313162,0056015040,JURADO,0027,2019-05-02 08:00:00.000,100.0
6313163,0056015040,JURADO,0027,2019-05-02 09:00:00.000,100.0
6313164,0056015040,JURADO,0027,2019-05-02 10:00:00.000,100.0
6313165,0056015040,JURADO,0027,2019-05-02 11:00:00.000,100.0
6313166,0056015040,JURADO,0027,2019-05-02 12:00:00.000,100.0
6313167,0056015040,JURADO,0027,2019-05-02 13:00:00.000,100.0
6313168,0056015040,JURADO,0027,2019-05-02 14:00:00.000,100.0
6313169,0056015040,JURADO,0027,2019-05-02 15:00:00.000,100.0
6313170,0056015040,JURADO,0027,2019-05-02 16:00:00.000,100.0
6313171,0056015040,JURADO,0027,2019-05-02 17:00:00.000,100.0
6313172,0056015040,JURADO,0027,2019-05-02 18:00:00.000,100.0
6313173,0056015040,JURADO,0027,2019-05-02 19:00:00.000,100.0
6313174,0056015040,JURADO,0027,2019-05-02 20:00:00.000,100.0
6313175,0056015040,JURADO,0027,2019-05-02 21:00:00.000,100.0
6313176,0056015040,JURADO,0027,2019-05-02 22:00:00.000,100.0
6313177,0056015040,JURADO,0027,2019-05-02 23:00:00.000,100.0
6313178,0056015040,JURADO,0027,2019-05-03 00:00:00.000,100.0
6313179,0056015040,JURADO,0027,2019-05-03 01:00:00.000,100.0
6313180,0056015040,JURADO,0027,2019-05-03 02:00:00.000,100.0
6313181,0056015040,JURADO,0027,2019-05-03 03:00:00.000,100.0
6313182,0056015040,JURADO,0027,2019-05-03 04:00:00.000,100.0
6313183,0056015040,JURADO,0027,2019-05-03 05:00:00.000,100.0
6313184,0056015040,JURADO,0027,2019-05-03 06:00:00.000,100.0
6313185,0056015040,JURADO,0027,2019-05-03 07:00:00.000,100.0
6313186,0056015040,JURADO,0027,2019-05-03 08:00:00.000,100.0
6313187,0056015040,JURADO,0027,2019-05-03 09:00:00.000,100.0
6313188,0056015040,JURADO,0027,2019-05-03 10:00:00.000,100.0
6313189,0056015040,JURADO,0027,2019-05-03 11:00:00.000,100.0
6313190,0056015040,JURADO,0027,2019-05-03 12:00:00.000,100.0
6313191,0056015040,JURADO,0027,2019-05-03 13:00:00.000,100.0
6313192,0056015040,JURADO,0027,2019-05-03 14:00:00.000,100.0
6313193,0056015040,JURADO,0027,2019-05-03 15:00:00.000,100.0
6313194,0056015040,JURADO,0027,2019-05-03 16:00:00.000,100.0
6313195,0056015040,JURADO,0027,2019-05-03 17:00:00.000,100.0
6313196,0056015040,JURADO,0027,2019-05-03 18:00:00.000,100.0
6313197,0056015040,JURADO,0027,2019-05-03 19:00:00.000,100.0
6313198,0056015040,JURADO,0027,2019-05-03 20:00:00.000,100.0
6313199,0056015040,JURADO,0027,2019-05-03 21:00:00.000,100.0
6313200,0056015040,JURADO,0027,2019-05-03 22:00:00.000,100.0
6313201,0056015040,JURADO,0027,2019-05-03 23:00:00.000,100.0
6313202,0056015040,JURADO,0027,2019-05-04 00:00:00.000,100.0
6313203,0056015040,JURADO,0027,2019-05-04 01:00:00.000,100.0
6313204,0056015040,JURADO,0027,2019-05-04 02:00:00.000,100.0
6313205,0056015040,JURADO,0027,2019-05-04 03:00:00.000,100.0
6313206,0056015040,JURADO,0027,2019-05-04 04:00:00.000,100.0
6313207,0056015040,JURADO,0027,2019-05-04 05:00:00.000,100.0
6313208,0056015040,JURADO,0027,2019-05-04 06:00:00.000,100.0
6313209,0056015040,JURADO,0027,2019-05-04 07:00:00.000,100.0
6313210,0056015040,JURADO,0027,2019-05-04 08:00:00.000,100.0
6313211,0056015040,JURADO,0027,2019-05-04 09:00:00.000,100.0
6313212,0056015040,JURADO,0027,2019-05-04 10:00:00.000,100.0
6313213,0056015040,JURADO,0027,2019-05-04 11:00:00.000,100.0
6313214,0056015040,JURADO,0027,2019-05-04 12:00:00.000,100.0
6313215,0056015040,JURADO,0027,2019-05-04 13:00:00.000,100.0
6313216,0056015040,JURADO,0027,2019-05-04 14:00:00.000,100.0
6313217,0056015040,JURADO,0027,2019-05-04 15:00:00.000,100.0
6313218,0056015040,JURADO,0027,2019-05-04 16:00:00.000,100.0
6313219,0056015040,JURADO,0027,2019-05-04 17:00:00.000,100.0
6313220,0056015040,JURADO,0027,2019-05-04 18:00:00.000,100.0
6313221,0056015040,JURADO,0027,2019-05-04 19:00:00.000,100.0
6313222,0056015040,JURADO,0027,2019-05-04 20:00:00.000,100.0
6313223,0056015040,JURADO,0027,2019-05-04 21:00:00.000,100.0
6313224,0056015040,JURADO,0027,2019-05-04 22:00:00.000,100.0
6313225,0056015040,JURADO,0027,2019-05-04 23:00:00.000,100.0
6313226,0056015040,JURADO,0027,2019-05-05 00:00:00.000,100.0
6313227,0056015040,JURADO,0027,2019-05-05 01:00:00.000,100.0
6313228,0056015040,JURADO,0027,2019-05-05 02:00:00.000,100.0
6313229,0056015040,JURADO,0027,2019-05-05 03:00:00.000,100.0
6313230,0056015040,JURADO,0027,2019-05-05 04:00:00.000,100.0
6313231,0056015040,JURADO,0027,2019-05-05 05:00:00.000,100.0
6313232,0056015040,JURADO,0027,2019-05-05 06:00:00.000,100.0
6313233,0056015040,JURADO,0027,2019-05-05 07:00:00.000,100.0
6313234,0056015040,JURADO,0027,2019-05-05 08:00:00.000,100.0
6313235,0056015040,JURADO,0027,2019-05-05 09:00:00.000,100.0
6313236,0056015040,JURADO,0027,2019-05-05 10:00:00.000,100.0
6313237,0056015040,JURADO,0027,2019-05-05 11:00:00.000,100.0
6313238,0056015040,JURADO,0027,2019-05-05 12:00:00.000,100.0
6313239,0056015040,JURADO,0027,2019-05-05 13:00:00.000,100.0
6313240,0056015040,JURADO,0027,2019-05-05 14:00:00.000,100.0
6313241,0056015040,JURADO,0027,2019-05-05 15:00:00.000,100.0
6313242,0056015040,JURADO,0027,2019-05-05 16:00:00.000,100.0
6313243,0056015040,JURADO,0027,2019-05-05 17:00:00.000,100.0
6313244,0056015040,JURADO,0027,2019-05-05 18:00:00.000,100.0
6313245,0056015040,JURADO,0027,2019-05-05 19:00:00.000,100.0
6313246,0056015040,JURADO,0027,2019-05-05 20:00:00.000,100.0
6313247,0056015040,JURADO,0027,2019-05-05 21:00:00.000,100.0
6313248,0056015040,JURADO,0027,2019-05-05 22:00:00.000,100.0
6313249,0056015040,JURADO,0027,2019-05-05 23:00:00.000,100.0
6313250,0056015040,JURADO,0027,2019-05-06 00:00:00.000,100.0
6313251,0056015040,JURADO,0027,2019-05-06 01:00:00.000,100.0
6313252,0056015040,JURADO,0027,2019-05-06 02:00:00.000,100.0
6313253,0056015040,JURADO,0027,2019-05-06 03:00:00.000,100.0
6313254,0056015040,JURADO,0027,2019-05-06 04:00:00.000,100.0
6313255,0056015040,JURADO,0027,2019-05-06 05:00:00.000,100.0
6313256,0056015040,JURADO,0027,2019-05-06 06:00:00.000,100.0
6313257,0056015040,JURADO,0027,2019-05-06 07:00:00.000,100.0
6313258,0056015040,JURADO,0027,2019-05-06 08:00:00.000,100.0
6313259,0056015040,JURADO,0027,2019-05-06 09:00:00.000,100.0
6313260,0056015040,JURADO,0027,2019-05-06 10:00:00.000,100.0
6313261,0056015040,JURADO,0027,2019-05-06 11:00:00.000,100.0
6313262,0056015040,JURADO,0027,2019-05-06 12:00:00.000,100.0
6313263,0056015040,JURADO,0027,2019-05-06 13:00:00.000,100.0
6313264,0056015040,JURADO,0027,2019-05-06 14:00:00.000,100.0
6313265,0056015040,JURADO,0027,2019-05-06 15:00:00.000,100.0
6313266,0056015040,JURADO,0027,2019-05-06 16:00:00.000,100.0
6313267,0056015040,JURADO,0027,2019-05-06 17:00:00.000,100.0
6313268,0056015040,JURADO,0027,2019-05-06 18:00:00.000,100.0
6313269,0056015040,JURADO,0027,2019-05-06 19:00:00.000,100.0
6313270,0056015040,JURADO,0027,2019-05-06 20:00:00.000,100.0
6313271,0056015040,JURADO,0027,2019-05-06 21:00:00.000,100.0
6313272,0056015040,JURADO,0027,2019-05-06 22:00:00.000,100.0
6313273,0056015040,JURADO,0027,2019-05-06 23:00:00.000,100.0
6313274,0056015040,JURADO,0027,2019-05-07 00:00:00.000,100.0
6313275,0056015040,JURADO,0027,2019-05-07 01:00:00.000,100.0
6313276,0056015040,JURADO,0027,2019-05-07 02:00:00.000,100.0
6313277,0056015040,JURADO,0027,2019-05-07 03:00:00.000,100.0
6313278,0056015040,JURADO,0027,2019-05-07 04:00:00.000,100.0
6313279,0056015040,JURADO,0027,2019-05-07 05:00:00.000,100.0
6313280,0056015040,JURADO,0027,2019-05-07 06:00:00.000,100.0
6313281,0056015040,JURADO,0027,2019-05-07 07:00:00.000,100.0
6313282,0056015040,JURADO,0027,2019-05-07 08:00:00.000,100.0
6313283,0056015040,JURADO,0027,2019-05-07 09:00:00.000,100.0
6313284,0056015040,JURADO,0027,2019-05-07 10:00:00.000,100.0
6313285,0056015040,JURADO,0027,2019-05-07 11:00:00.000,100.0
6313286,0056015040,JURADO,0027,2019-05-07 12:00:00.000,100.0
6313287,0056015040,JURADO,0027,2019-05-07 13:00:00.000,100.0
6313288,0056015040,JURADO,0027,2019-05-07 14:00:00.000,100.0
6313289,0056015040,JURADO,0027,2019-05-07 15:00:00.000,100.0
6313290,0056015040,JURADO,0027,2019-05-07 16:00:00.000,100.0
6313291,0056015040,JURADO,0027,2019-05-07 17:00:00.000,100.0
6313292,0056015040,JURADO,0027,2019-05-07 18:00:00.000,100.0
6313293,0056015040,JURADO,0027,2019-05-07 19:00:00.000,100.0
6313294,0056015040,JURADO,0027,2019-05-07 20:00:00.000,100.0
6313295,0056015040,JURADO,0027,2019-05-07 21:00:00.000,100.0
6313296,0056015040,JURADO,0027,2019-05-07 22:00:00.000,100.0
6313297,0056015040,JURADO,0027,2019-05-07 23:00:00.000,100.0
6313298,0056015040,JURADO,0027,2019-05-08 00:00:00.000,100.0
6313299,0056015040,JURADO,0027,2019-05-08 01:00:00.000,100.0
6313300,0056015040,JURADO,0027,2019-05-08 02:00:00.000,100.0
6313301,0056015040,JURADO,0027,2019-05-08 03:00:00.000,100.0
6313302,0056015040,JURADO,0027,2019-05-08 04:00:00.000,100.0
6313303,0056015040,JURADO,0027,2019-05-08 05:00:00.000,100.0
6313304,0056015040,JURADO,0027,2019-05-08 06:00:00.000,100.0
6313305,0056015040,JURADO,0027,2019-05-08 07:00:00.000,100.0
6313306,0056015040,JURADO,0027,2019-05-08 08:00:00.000,100.0
6313307,0056015040,JURADO,0027,2019-05-08 10:00:00.000,100.0
6313308,0056015040,JURADO,0027,2019-05-08 11:00:00.000,100.0
6313309,0056015040,JURADO,0027,2019-05-08 13:00:00.000,0.0
6313310,0056015040,JURADO,0027,2019-05-08 14:00:00.000,0.0
6313311,0056015040,JURADO,0027,2019-05-08 15:00:00.000,100.0
6313312,0056015040,JURADO,0027,2019-05-08 16:00:00.000,100.0
6313313,0056015040,JURADO,0027,2019-05-08 17:00:00.000,100.0
6313314,0056015040,JURADO,0027,2019-05-08 18:00:00.000,100.0
6313315,0056015040,JURADO,0027,2019-05-08 19:00:00.000,100.0
6313316,0056015040,JURADO,0027,2019-05-08 20:00:00.000,100.0
6313317,0056015040,JURADO,0027,2019-05-08 21:00:00.000,100.0
6313318,0056015040,JURADO,0027,2019-05-08 22:00:00.000,100.0
6313319,0056015040,JURADO,0027,2019-05-08 23:00:00.000,100.0
6313320,0056015040,JURADO,0027,2019-05-09 00:00:00.000,100.0
6313321,0056015040,JURADO,0027,2019-05-09 01:00:00.000,100.0
6313322,0056015040,JURADO,0027,2019-05-09 02:00:00.000,100.0
6313323,0056015040,JURADO,0027,2019-05-09 03:00:00.000,100.0
6313324,0056015040,JURADO,0027,2019-05-09 04:00:00.000,100.0
6313325,0056015040,JURADO,0027,2019-05-09 05:00:00.000,100.0
6313326,0056015040,JURADO,0027,2019-05-09 06:00:00.000,100.0
6313327,0056015040,JURADO,0027,2019-05-09 07:00:00.000,100.0
6313328,0056015040,JURADO,0027,2019-05-09 08:00:00.000,100.0
6313329,0056015040,JURADO,0027,2019-05-09 09:00:00.000,100.0
6313330,0056015040,JURADO,0027,2019-05-09 10:00:00.000,100.0
6313331,0056015040,JURADO,0027,2019-05-09 11:00:00.000,100.0
6313332,0056015040,JURADO,0027,2019-05-09 12:00:00.000,100.0
6313333,0056015040,JURADO,0027,2019-05-09 13:00:00.000,100.0
6313334,0056015040,JURADO,0027,2019-05-09 14:00:00.000,100.0
6313335,0056015040,JURADO,0027,2019-05-09 15:00:00.000,100.0
6313336,0056015040,JURADO,0027,2019-05-09 16:00:00.000,100.0
6313337,0056015040,JURADO,0027,2019-05-09 17:00:00.000,100.0
6313338,0056015040,JURADO,0027,2019-05-09 18:00:00.000,100.0
6313339,0056015040,JURADO,0027,2019-05-09 19:00:00.000,100.0
6313340,0056015040,JURADO,0027,2019-05-09 20:00:00.000,100.0
6313341,0056015040,JURADO,0027,2019-05-09 21:00:00.000,100.0
6313342,0056015040,JURADO,0027,2019-05-09 22:00:00.000,100.0
6313343,0056015040,JURADO,0027,2019-05-09 23:00:00.000,100.0
6313344,0056015040,JURADO,0027,2019-05-10 00:00:00.000,100.0
6313345,0056015040,JURADO,0027,2019-05-10 01:00:00.000,100.0
6313346,0056015040,JURADO,0027,2019-05-10 02:00:00.000,100.0
6313347,0056015040,JURADO,0027,2019-05-10 03:00:00.000,100.0
6313348,0056015040,JURADO,0027,2019-05-10 04:00:00.000,100.0
6313349,0056015040,JURADO,0027,2019-05-10 05:00:00.000,100.0
6313350,0056015040,JURADO,0027,2019-05-10 06:00:00.000,100.0
6313351,0056015040,JURADO,0027,2019-05-10 07:00:00.000,100.0
6313352,0056015040,JURADO,0027,2019-05-10 08:00:00.000,100.0
6313353,0056015040,JURADO,0027,2019-05-10 09:00:00.000,100.0
6313354,0056015040,JURADO,0027,2019-05-10 10:00:00.000,100.0
6313355,0056015040,JURADO,0027,2019-05-10 11:00:00.000,100.0
6313356,0056015040,JURADO,0027,2019-05-10 12:00:00.000,100.0
6313357,0056015040,JURADO,0027,2019-05-10 13:00:00.000,100.0
6313358,0056015040,JURADO,0027,2019-05-10 14:00:00.000,100.0
6313359,0056015040,JURADO,0027,2019-05-10 15:00:00.000,100.0
6313360,0056015040,JURADO,0027,2019-05-10 16:00:00.000,100.0
6313361,0056015040,JURADO,0027,2019-05-10 17:00:00.000,100.0
6313362,0056015040,JURADO,0027,2019-05-10 18:00:00.000,100.0
6313363,0056015040,JURADO,0027,2019-05-10 19:00:00.000,100.0
6313364,0056015040,JURADO,0027,2019-05-10 20:00:00.000,100.0
6313365,0056015040,JURADO,0027,2019-05-10 21:00:00.000,100.0
6313366,0056015040,JURADO,0027,2019-05-10 22:00:00.000,100.0
6313367,0056015040,JURADO,0027,2019-05-10 23:00:00.000,100.0
6313368,0056015040,JURADO,0027,2019-05-11 00:00:00.000,100.0
6313369,0056015040,JURADO,0027,2019-05-11 01:00:00.000,100.0
6313370,0056015040,JURADO,0027,2019-05-11 02:00:00.000,100.0
6313371,0056015040,JURADO,0027,2019-05-11 03:00:00.000,100.0
6313372,0056015040,JURADO,0027,2019-05-11 04:00:00.000,100.0
6313373,0056015040,JURADO,0027,2019-05-11 05:00:00.000,100.0
6313374,0056015040,JURADO,0027,2019-05-11 06:00:00.000,100.0
6313375,0056015040,JURADO,0027,2019-05-11 07:00:00.000,100.0
6313376,0056015040,JURADO,0027,2019-05-11 08:00:00.000,100.0
6313377,0056015040,JURADO,0027,2019-05-11 09:00:00.000,100.0
6313378,0056015040,JURADO,0027,2019-05-11 10:00:00.000,100.0
6313379,0056015040,JURADO,0027,2019-05-11 11:00:00.000,100.0
6313380,0056015040,JURADO,0027,2019-05-11 12:00:00.000,100.0
6313381,0056015040,JURADO,0027,2019-05-11 13:00:00.000,100.0
6313382,0056015040,JURADO,0027,2019-05-11 14:00:00.000,100.0
6313383,0056015040,JURADO,0027,2019-05-11 15:00:00.000,100.0
6313384,0056015040,JURADO,0027,2019-05-11 16:00:00.000,100.0
6313385,0056015040,JURADO,0027,2019-05-11 17:00:00.000,100.0
6313386,0056015040,JURADO,0027,2019-05-11 18:00:00.000,100.0
6313387,0056015040,JURADO,0027,2019-05-11 19:00:00.000,100.0
6313388,0056015040,JURADO,0027,2019-05-11 20:00:00.000,100.0
6313389,0056015040,JURADO,0027,2019-05-11 21:00:00.000,100.0
6313390,0056015040,JURADO,0027,2019-05-11 22:00:00.000,100.0
6313391,0056015040,JURADO,0027,2019-05-11 23:00:00.000,100.0
6313392,0056015040,JURADO,0027,2019-05-12 00:00:00.000,100.0
6313393,0056015040,JURADO,0027,2019-05-12 01:00:00.000,100.0
6313394,0056015040,JURADO,0027,2019-05-12 02:00:00.000,100.0
6313395,0056015040,JURADO,0027,2019-05-12 03:00:00.000,100.0
6313396,0056015040,JURADO,0027,2019-05-12 04:00:00.000,100.0
6313397,0056015040,JURADO,0027,2019-05-12 05:00:00.000,100.0
6313398,0056015040,JURADO,0027,2019-05-12 06:00:00.000,100.0
6313399,0056015040,JURADO,0027,2019-05-12 07:00:00.000,100.0
6313400,0056015040,JURADO,0027,2019-05-12 08:00:00.000,100.0
6313401,0056015040,JURADO,0027,2019-05-12 09:00:00.000,100.0
6313402,0056015040,JURADO,0027,2019-05-12 10:00:00.000,100.0
6313403,0056015040,JURADO,0027,2019-05-12 11:00:00.000,100.0
6313404,0056015040,JURADO,0027,2019-05-12 12:00:00.000,100.0
6313405,0056015040,JURADO,0027,2019-05-12 13:00:00.000,100.0
6313406,0056015040,JURADO,0027,2019-05-12 14:00:00.000,100.0
6313407,0056015040,JURADO,0027,2019-05-12 15:00:00.000,100.0
6313408,0056015040,JURADO,0027,2019-05-12 16:00:00.000,100.0
6313409,0056015040,JURADO,0027,2019-05-12 17:00:00.000,100.0
6313410,0056015040,JURADO,0027,2019-05-12 18:00:00.000,100.0
6313411,0056015040,JURADO,0027,2019-05-12 19:00:00.000,100.0
6313412,0056015040,JURADO,0027,2019-05-12 20:00:00.000,100.0
6313413,0056015040,JURADO,0027,2019-05-12 21:00:00.000,100.0
6313414,0056015040,JURADO,0027,2019-05-12 22:00:00.000,100.0
6313415,0056015040,JURADO,0027,2019-05-12 23:00:00.000,100.0
6313416,0056015040,JURADO,0027,2019-05-13 00:00:00.000,100.0
6313417,0056015040,JURADO,0027,2019-05-13 01:00:00.000,100.0
6313418,0056015040,JURADO,0027,2019-05-13 02:00:00.000,100.0
6313419,0056015040,JURADO,0027,2019-05-13 03:00:00.000,100.0
6313420,0056015040,JURADO,0027,2019-05-13 04:00:00.000,100.0
6313421,0056015040,JURADO,0027,2019-05-13 05:00:00.000,100.0
6313422,0056015040,JURADO,0027,2019-05-13 06:00:00.000,100.0
6313423,0056015040,JURADO,0027,2019-05-13 07:00:00.000,100.0
6313424,0056015040,JURADO,0027,2019-05-13 08:00:00.000,100.0
6313425,0056015040,JURADO,0027,2019-05-13 09:00:00.000,100.0
6313426,0056015040,JURADO,0027,2019-05-13 10:00:00.000,100.0
6313427,0056015040,JURADO,0027,2019-05-13 11:00:00.000,100.0
6313428,0056015040,JURADO,0027,2019-05-13 12:00:00.000,100.0
6313429,0056015040,JURADO,0027,2019-05-13 13:00:00.000,100.0
6313430,0056015040,JURADO,0027,2019-05-13 14:00:00.000,100.0
6313431,0056015040,JURADO,0027,2019-05-13 15:00:00.000,100.0
6313432,0056015040,JURADO,0027,2019-05-13 16:00:00.000,100.0
6313433,0056015040,JURADO,0027,2019-05-13 17:00:00.000,100.0
6313434,0056015040,JURADO,0027,2019-05-13 18:00:00.000,100.0
6313435,0056015040,JURADO,0027,2019-05-13 19:00:00.000,100.0
6313436,0056015040,JURADO,0027,2019-05-13 20:00:00.000,100.0
6313437,0056015040,JURADO,0027,2019-05-13 21:00:00.000,100.0
6313438,0056015040,JURADO,0027,2019-05-13 22:00:00.000,100.0
6313439,0056015040,JURADO,0027,2019-05-13 23:00:00.000,100.0
6313440,0056015040,JURADO,0027,2019-05-14 00:00:00.000,100.0
6313441,0056015040,JURADO,0027,2019-05-14 01:00:00.000,100.0
6313442,0056015040,JURADO,0027,2019-05-14 02:00:00.000,100.0
6313443,0056015040,JURADO,0027,2019-05-14 03:00:00.000,100.0
6313444,0056015040,JURADO,0027,2019-05-14 04:00:00.000,100.0
6313445,0056015040,JURADO,0027,2019-05-14 05:00:00.000,100.0
6313446,0056015040,JURADO,0027,2019-05-14 06:00:00.000,100.0
6313447,0056015040,JURADO,0027,2019-05-14 07:00:00.000,100.0
6313448,0056015040,JURADO,0027,2019-05-14 08:00:00.000,100.0
6313449,0056015040,JURADO,0027,2019-05-14 09:00:00.000,100.0
6313450,0056015040,JURADO,0027,2019-05-14 10:00:00.000,100.0
6313451,0056015040,JURADO,0027,2019-05-14 11:00:00.000,100.0
6313452,0056015040,JURADO,0027,2019-05-14 12:00:00.000,100.0
6313453,0056015040,JURADO,0027,2019-05-14 13:00:00.000,100.0
6313454,0056015040,JURADO,0027,2019-05-14 14:00:00.000,100.0
6313455,0056015040,JURADO,0027,2019-05-14 15:00:00.000,100.0
6313456,0056015040,JURADO,0027,2019-05-14 16:00:00.000,100.0
6313457,0056015040,JURADO,0027,2019-05-14 17:00:00.000,100.0
6313458,0056015040,JURADO,0027,2019-05-14 18:00:00.000,100.0
6313459,0056015040,JURADO,0027,2019-05-14 19:00:00.000,100.0
6313460,0056015040,JURADO,0027,2019-05-14 20:00:00.000,100.0
6313461,0056015040,JURADO,0027,2019-05-14 21:00:00.000,100.0
6313462,0056015040,JURADO,0027,2019-05-14 22:00:00.000,100.0
6313463,0056015040,JURADO,0027,2019-05-14 23:00:00.000,100.0
6313464,0056015040,JURADO,0027,2019-05-15 00:00:00.000,100.0
6313465,0056015040,JURADO,0027,2019-05-15 01:00:00.000,100.0
6313466,0056015040,JURADO,0027,2019-05-15 02:00:00.000,100.0
6313467,0056015040,JURADO,0027,2019-05-15 03:00:00.000,100.0
6313468,0056015040,JURADO,0027,2019-05-15 04:00:00.000,100.0
6313469,0056015040,JURADO,0027,2019-05-15 05:00:00.000,100.0
6313470,0056015040,JURADO,0027,2019-05-15 06:00:00.000,100.0
6313471,0056015040,JURADO,0027,2019-05-15 07:00:00.000,100.0
6313472,0056015040,JURADO,0027,2019-05-15 08:00:00.000,100.0
6313473,0056015040,JURADO,0027,2019-05-15 09:00:00.000,100.0
6313474,0056015040,JURADO,0027,2019-05-15 10:00:00.000,100.0
6313475,0056015040,JURADO,0027,2019-05-15 11:00:00.000,100.0
6313476,0056015040,JURADO,0027,2019-05-15 12:00:00.000,100.0
6313477,0056015040,JURADO,0027,2019-05-15 13:00:00.000,100.0
6313478,0056015040,JURADO,0027,2019-05-15 14:00:00.000,100.0
6313479,0056015040,JURADO,0027,2019-05-15 15:00:00.000,100.0
6313480,0056015040,JURADO,0027,2019-05-15 16:00:00.000,100.0
6313481,0056015040,JURADO,0027,2019-05-15 17:00:00.000,100.0
6313482,0056015040,JURADO,0027,2019-05-15 18:00:00.000,100.0
6313483,0056015040,JURADO,0027,2019-05-15 19:00:00.000,100.0
6313484,0056015040,JURADO,0027,2019-05-15 20:00:00.000,100.0
6313485,0056015040,JURADO,0027,2019-05-15 21:00:00.000,100.0
6313486,0056015040,JURADO,0027,2019-05-15 22:00:00.000,100.0
6313487,0056015040,JURADO,0027,2019-05-15 23:00:00.000,100.0
6313488,0056015040,JURADO,0027,2019-05-16 00:00:00.000,100.0
6313489,0056015040,JURADO,0027,2019-05-16 01:00:00.000,100.0
6313490,0056015040,JURADO,0027,2019-05-16 02:00:00.000,100.0
6313491,0056015040,JURADO,0027,2019-05-16 03:00:00.000,100.0
6313492,0056015040,JURADO,0027,2019-05-16 04:00:00.000,100.0
6313493,0056015040,JURADO,0027,2019-05-16 05:00:00.000,100.0
6313494,0056015040,JURADO,0027,2019-05-16 06:00:00.000,100.0
6313495,0056015040,JURADO,0027,2019-05-16 07:00:00.000,100.0
6313496,0056015040,JURADO,0027,2019-05-16 08:00:00.000,100.0
6313497,0056015040,JURADO,0027,2019-05-16 09:00:00.000,100.0
6313498,0056015040,JURADO,0027,2019-05-16 10:00:00.000,100.0
6313499,0056015040,JURADO,0027,2019-05-16 11:00:00.000,100.0
6313500,0056015040,JURADO,0027,2019-05-16 12:00:00.000,100.0
6313501,0056015040,JURADO,0027,2019-05-16 13:00:00.000,100.0
6313502,0056015040,JURADO,0027,2019-05-16 14:00:00.000,100.0
6313503,0056015040,JURADO,0027,2019-05-16 15:00:00.000,100.0
6313504,0056015040,JURADO,0027,2019-05-16 16:00:00.000,100.0
6313505,0056015040,JURADO,0027,2019-05-16 17:00:00.000,100.0
6313506,0056015040,JURADO,0027,2019-05-16 18:00:00.000,100.0
6313507,0056015040,JURADO,0027,2019-05-16 19:00:00.000,100.0
6313508,0056015040,JURADO,0027,2019-05-16 20:00:00.000,100.0
6313509,0056015040,JURADO,0027,2019-05-16 21:00:00.000,100.0
6313510,0056015040,JURADO,0027,2019-05-16 22:00:00.000,100.0
6313511,0056015040,JURADO,0027,2019-05-16 23:00:00.000,100.0
6313512,0056015040,JURADO,0027,2019-05-17 00:00:00.000,100.0
6313513,0056015040,JURADO,0027,2019-05-17 01:00:00.000,100.0
6313514,0056015040,JURADO,0027,2019-05-17 02:00:00.000,100.0
6313515,0056015040,JURADO,0027,2019-05-17 03:00:00.000,100.0
6313516,0056015040,JURADO,0027,2019-05-17 04:00:00.000,100.0
6313517,0056015040,JURADO,0027,2019-05-17 05:00:00.000,100.0
6313518,0056015040,JURADO,0027,2019-05-17 06:00:00.000,100.0
6313519,0056015040,JURADO,0027,2019-05-17 07:00:00.000,100.0
6313520,0056015040,JURADO,0027,2019-05-17 08:00:00.000,100.0
6313521,0056015040,JURADO,0027,2019-05-17 09:00:00.000,100.0
6313522,0056015040,JURADO,0027,2019-05-17 10:00:00.000,100.0
6313523,0056015040,JURADO,0027,2019-05-17 11:00:00.000,100.0
6313524,0056015040,JURADO,0027,2019-05-17 12:00:00.000,100.0
6313525,0056015040,JURADO,0027,2019-05-17 13:00:00.000,100.0
6313526,0056015040,JURADO,0027,2019-05-17 14:00:00.000,100.0
6313527,0056015040,JURADO,0027,2019-05-17 15:00:00.000,100.0
6313528,0056015040,JURADO,0027,2019-05-17 16:00:00.000,100.0
6313529,0056015040,JURADO,0027,2019-05-17 17:00:00.000,100.0
6313530,0056015040,JURADO,0027,2019-05-17 18:00:00.000,100.0
6313531,0056015040,JURADO,0027,2019-05-17 19:00:00.000,100.0
6313532,0056015040,JURADO,0027,2019-05-17 20:00:00.000,100.0
6313533,0056015040,JURADO,0027,2019-05-17 21:00:00.000,100.0
6313534,0056015040,JURADO,0027,2019-05-17 22:00:00.000,100.0
6313535,0056015040,JURADO,0027,2019-05-17 23:00:00.000,100.0
6313536,0056015040,JURADO,0027,2019-05-18 00:00:00.000,100.0
6313537,0056015040,JURADO,0027,2019-05-18 01:00:00.000,100.0
6313538,0056015040,JURADO,0027,2019-05-18 02:00:00.000,100.0
6313539,0056015040,JURADO,0027,2019-05-18 03:00:00.000,100.0
6313540,0056015040,JURADO,0027,2019-05-18 04:00:00.000,100.0
6313541,0056015040,JURADO,0027,2019-05-18 05:00:00.000,100.0
6313542,0056015040,JURADO,0027,2019-05-18 06:00:00.000,100.0
6313543,0056015040,JURADO,0027,2019-05-18 07:00:00.000,100.0
6313544,0056015040,JURADO,0027,2019-05-18 08:00:00.000,100.0
6313545,0056015040,JURADO,0027,2019-05-18 09:00:00.000,100.0
6313546,0056015040,JURADO,0027,2019-05-18 10:00:00.000,100.0
6313547,0056015040,JURADO,0027,2019-05-18 11:00:00.000,100.0
6313548,0056015040,JURADO,0027,2019-05-18 12:00:00.000,100.0
6313549,0056015040,JURADO,0027,2019-05-18 13:00:00.000,100.0
6313550,0056015040,JURADO,0027,2019-05-18 14:00:00.000,100.0
6313551,0056015040,JURADO,0027,2019-05-18 15:00:00.000,100.0
6313552,0056015040,JURADO,0027,2019-05-18 16:00:00.000,100.0
6313553,0056015040,JURADO,0027,2019-05-18 17:00:00.000,100.0
6313554,0056015040,JURADO,0027,2019-05-18 18:00:00.000,100.0
6313555,0056015040,JURADO,0027,2019-05-18 19:00:00.000,100.0
6313556,0056015040,JURADO,0027,2019-05-18 20:00:00.000,100.0
6313557,0056015040,JURADO,0027,2019-05-18 21:00:00.000,100.0
6313558,0056015040,JURADO,0027,2019-05-18 22:00:00.000,100.0
6313559,0056015040,JURADO,0027,2019-05-18 23:00:00.000,100.0
6313560,0056015040,JURADO,0027,2019-05-19 00:00:00.000,100.0
6313561,0056015040,JURADO,0027,2019-05-19 01:00:00.000,100.0
6313562,0056015040,JURADO,0027,2019-05-19 02:00:00.000,100.0
6313563,0056015040,JURADO,0027,2019-05-19 03:00:00.000,100.0
6313564,0056015040,JURADO,0027,2019-05-19 04:00:00.000,100.0
6313565,0056015040,JURADO,0027,2019-05-19 05:00:00.000,100.0
6313566,0056015040,JURADO,0027,2019-05-19 06:00:00.000,100.0
6313567,0056015040,JURADO,0027,2019-05-19 07:00:00.000,100.0
6313568,0056015040,JURADO,0027,2019-05-19 08:00:00.000,100.0
6313569,0056015040,JURADO,0027,2019-05-19 09:00:00.000,100.0
6313570,0056015040,JURADO,0027,2019-05-19 10:00:00.000,100.0
6313571,0056015040,JURADO,0027,2019-05-19 11:00:00.000,100.0
6313572,0056015040,JURADO,0027,2019-05-19 12:00:00.000,100.0
6313573,0056015040,JURADO,0027,2019-05-19 13:00:00.000,100.0
6313574,0056015040,JURADO,0027,2019-05-19 14:00:00.000,100.0
6313575,0056015040,JURADO,0027,2019-05-19 15:00:00.000,100.0
6313576,0056015040,JURADO,0027,2019-05-19 16:00:00.000,100.0
6313577,0056015040,JURADO,0027,2019-05-19 17:00:00.000,100.0
6313578,0056015040,JURADO,0027,2019-05-19 18:00:00.000,100.0
6313579,0056015040,JURADO,0027,2019-05-19 19:00:00.000,100.0
6313580,0056015040,JURADO,0027,2019-05-19 20:00:00.000,100.0
6313581,0056015040,JURADO,0027,2019-05-19 21:00:00.000,100.0
6313582,0056015040,JURADO,0027,2019-05-19 22:00:00.000,100.0
6313583,0056015040,JURADO,0027,2019-05-19 23:00:00.000,100.0
6313584,0056015040,JURADO,0027,2019-05-20 00:00:00.000,100.0
6313585,0056015040,JURADO,0027,2019-05-20 01:00:00.000,100.0
6313586,0056015040,JURADO,0027,2019-05-20 02:00:00.000,100.0
6313587,0056015040,JURADO,0027,2019-05-20 03:00:00.000,100.0
6313588,0056015040,JURADO,0027,2019-05-20 04:00:00.000,100.0
6313589,0056015040,JURADO,0027,2019-05-20 05:00:00.000,100.0
6313590,0056015040,JURADO,0027,2019-05-20 06:00:00.000,100.0
6313591,0056015040,JURADO,0027,2019-05-20 07:00:00.000,100.0
6313592,0056015040,JURADO,0027,2019-05-20 08:00:00.000,100.0
6313593,0056015040,JURADO,0027,2019-05-20 09:00:00.000,100.0
6313594,0056015040,JURADO,0027,2019-05-20 10:00:00.000,100.0
6313595,0056015040,JURADO,0027,2019-05-20 11:00:00.000,100.0
6313596,0056015040,JURADO,0027,2019-05-20 12:00:00.000,100.0
6313597,0056015040,JURADO,0027,2019-05-20 13:00:00.000,100.0
6313598,0056015040,JURADO,0027,2019-05-20 14:00:00.000,100.0
6313599,0056015040,JURADO,0027,2019-05-20 15:00:00.000,100.0
6313600,0056015040,JURADO,0027,2019-05-20 16:00:00.000,100.0
6313601,0056015040,JURADO,0027,2019-05-20 17:00:00.000,100.0
6313602,0056015040,JURADO,0027,2019-05-20 18:00:00.000,100.0
6313603,0056015040,JURADO,0027,2019-05-20 19:00:00.000,100.0
6313604,0056015040,JURADO,0027,2019-05-20 20:00:00.000,100.0
6313605,0056015040,JURADO,0027,2019-05-20 21:00:00.000,100.0
6313606,0056015040,JURADO,0027,2019-05-20 22:00:00.000,100.0
6313607,0056015040,JURADO,0027,2019-05-20 23:00:00.000,100.0
6313608,0056015040,JURADO,0027,2019-05-21 00:00:00.000,100.0
6313609,0056015040,JURADO,0027,2019-05-21 01:00:00.000,100.0
6313610,0056015040,JURADO,0027,2019-05-21 02:00:00.000,100.0
6313611,0056015040,JURADO,0027,2019-05-21 03:00:00.000,100.0
6313612,0056015040,JURADO,0027,2019-05-21 04:00:00.000,100.0
6313613,0056015040,JURADO,0027,2019-05-21 05:00:00.000,100.0
6313614,0056015040,JURADO,0027,2019-05-21 06:00:00.000,100.0
6313615,0056015040,JURADO,0027,2019-05-21 07:00:00.000,100.0
6313616,0056015040,JURADO,0027,2019-05-21 08:00:00.000,100.0
6313617,0056015040,JURADO,0027,2019-05-21 09:00:00.000,100.0
6313618,0056015040,JURADO,0027,2019-05-21 10:00:00.000,100.0
6313619,0056015040,JURADO,0027,2019-05-21 11:00:00.000,100.0
6313620,0056015040,JURADO,0027,2019-05-21 12:00:00.000,100.0
6313621,0056015040,JURADO,0027,2019-05-21 13:00:00.000,100.0
6313622,0056015040,JURADO,0027,2019-05-21 14:00:00.000,100.0
6313623,0056015040,JURADO,0027,2019-05-21 15:00:00.000,100.0
6313624,0056015040,JURADO,0027,2019-05-21 16:00:00.000,100.0
6313625,0056015040,JURADO,0027,2019-05-21 17:00:00.000,100.0
6313626,0056015040,JURADO,0027,2019-05-21 18:00:00.000,100.0
6313627,0056015040,JURADO,0027,2019-05-21 19:00:00.000,100.0
6313628,0056015040,JURADO,0027,2019-05-21 20:00:00.000,100.0
6313629,0056015040,JURADO,0027,2019-05-21 21:00:00.000,100.0
6313630,0056015040,JURADO,0027,2019-05-21 22:00:00.000,100.0
6313631,0056015040,JURADO,0027,2019-05-21 23:00:00.000,100.0
6313632,0056015040,JURADO,0027,2019-05-22 00:00:00.000,100.0
6313633,0056015040,JURADO,0027,2019-05-22 01:00:00.000,100.0
6313634,0056015040,JURADO,0027,2019-05-22 02:00:00.000,100.0
6313635,0056015040,JURADO,0027,2019-05-22 03:00:00.000,100.0
6313636,0056015040,JURADO,0027,2019-05-22 04:00:00.000,100.0
6313637,0056015040,JURADO,0027,2019-05-22 05:00:00.000,100.0
6313638,0056015040,JURADO,0027,2019-05-22 06:00:00.000,100.0
6313639,0056015040,JURADO,0027,2019-05-22 07:00:00.000,100.0
6313640,0056015040,JURADO,0027,2019-05-22 08:00:00.000,100.0
6313641,0056015040,JURADO,0027,2019-05-22 09:00:00.000,100.0
6313642,0056015040,JURADO,0027,2019-05-22 10:00:00.000,100.0
6313643,0056015040,JURADO,0027,2019-05-22 11:00:00.000,100.0
6313644,0056015040,JURADO,0027,2019-05-22 12:00:00.000,100.0
6313645,0056015040,JURADO,0027,2019-05-22 13:00:00.000,100.0
6313646,0056015040,JURADO,0027,2019-05-22 14:00:00.000,100.0
6313647,0056015040,JURADO,0027,2019-05-22 15:00:00.000,100.0
6313648,0056015040,JURADO,0027,2019-05-22 16:00:00.000,100.0
6313649,0056015040,JURADO,0027,2019-05-22 17:00:00.000,100.0
6313650,0056015040,JURADO,0027,2019-05-22 18:00:00.000,100.0
6313651,0056015040,JURADO,0027,2019-05-22 19:00:00.000,100.0
6313652,0056015040,JURADO,0027,2019-05-22 20:00:00.000,100.0
6313653,0056015040,JURADO,0027,2019-05-22 21:00:00.000,100.0
6313654,0056015040,JURADO,0027,2019-05-22 22:00:00.000,100.0
6313655,0056015040,JURADO,0027,2019-05-22 23:00:00.000,100.0
6313656,0056015040,JURADO,0027,2019-05-23 00:00:00.000,100.0
6313657,0056015040,JURADO,0027,2019-05-23 01:00:00.000,100.0
6313658,0056015040,JURADO,0027,2019-05-23 02:00:00.000,100.0
6313659,0056015040,JURADO,0027,2019-05-23 03:00:00.000,100.0
6313660,0056015040,JURADO,0027,2019-05-23 04:00:00.000,100.0
6313661,0056015040,JURADO,0027,2019-05-23 05:00:00.000,100.0
6313662,0056015040,JURADO,0027,2019-05-23 06:00:00.000,100.0
6313663,0056015040,JURADO,0027,2019-05-23 07:00:00.000,100.0
6313664,0056015040,JURADO,0027,2019-05-23 08:00:00.000,100.0
6313665,0056015040,JURADO,0027,2019-05-23 09:00:00.000,100.0
6313666,0056015040,JURADO,0027,2019-05-23 10:00:00.000,100.0
6313667,0056015040,JURADO,0027,2019-05-23 11:00:00.000,100.0
6313668,0056015040,JURADO,0027,2019-05-23 12:00:00.000,100.0
6313669,0056015040,JURADO,0027,2019-05-23 13:00:00.000,100.0
6313670,0056015040,JURADO,0027,2019-05-23 14:00:00.000,100.0
6313671,0056015040,JURADO,0027,2019-05-23 15:00:00.000,100.0
6313672,0056015040,JURADO,0027,2019-05-23 16:00:00.000,100.0
6313673,0056015040,JURADO,0027,2019-05-23 17:00:00.000,100.0
6313674,0056015040,JURADO,0027,2019-05-23 18:00:00.000,100.0
6313675,0056015040,JURADO,0027,2019-05-23 19:00:00.000,100.0
6313676,0056015040,JURADO,0027,2019-05-23 20:00:00.000,100.0
6313677,0056015040,JURADO,0027,2019-05-23 21:00:00.000,100.0
6313678,0056015040,JURADO,0027,2019-05-23 22:00:00.000,100.0
6313679,0056015040,JURADO,0027,2019-05-23 23:00:00.000,100.0
6313680,0056015040,JURADO,0027,2019-05-24 00:00:00.000,100.0
6313681,0056015040,JURADO,0027,2019-05-24 01:00:00.000,100.0
6313682,0056015040,JURADO,0027,2019-05-24 02:00:00.000,100.0
6313683,0056015040,JURADO,0027,2019-05-24 03:00:00.000,100.0
6313684,0056015040,JURADO,0027,2019-05-24 04:00:00.000,100.0
6313685,0056015040,JURADO,0027,2019-05-24 05:00:00.000,100.0
6313686,0056015040,JURADO,0027,2019-05-24 06:00:00.000,100.0
6313687,0056015040,JURADO,0027,2019-05-24 07:00:00.000,100.0
6313688,0056015040,JURADO,0027,2019-05-24 08:00:00.000,100.0
6313689,0056015040,JURADO,0027,2019-05-24 09:00:00.000,100.0
6313690,0056015040,JURADO,0027,2019-05-24 10:00:00.000,100.0
6313691,0056015040,JURADO,0027,2019-05-24 11:00:00.000,100.0
6313692,0056015040,JURADO,0027,2019-05-24 12:00:00.000,100.0
6313693,0056015040,JURADO,0027,2019-05-24 13:00:00.000,100.0
6313694,0056015040,JURADO,0027,2019-05-24 14:00:00.000,100.0
6313695,0056015040,JURADO,0027,2019-05-24 15:00:00.000,100.0
6313696,0056015040,JURADO,0027,2019-05-24 16:00:00.000,100.0
6313697,0056015040,JURADO,0027,2019-05-24 17:00:00.000,100.0
6313698,0056015040,JURADO,0027,2019-05-24 18:00:00.000,100.0
6313699,0056015040,JURADO,0027,2019-05-24 19:00:00.000,100.0
6313700,0056015040,JURADO,0027,2019-05-24 20:00:00.000,100.0
6313701,0056015040,JURADO,0027,2019-05-24 21:00:00.000,100.0
6313702,0056015040,JURADO,0027,2019-05-24 22:00:00.000,100.0
6313703,0056015040,JURADO,0027,2019-05-24 23:00:00.000,100.0
6313704,0056015040,JURADO,0027,2019-05-25 00:00:00.000,100.0
6313705,0056015040,JURADO,0027,2019-05-25 01:00:00.000,100.0
6313706,0056015040,JURADO,0027,2019-05-25 02:00:00.000,100.0
6313707,0056015040,JURADO,0027,2019-05-25 03:00:00.000,100.0
6313708,0056015040,JURADO,0027,2019-05-25 04:00:00.000,100.0
6313709,0056015040,JURADO,0027,2019-05-25 05:00:00.000,100.0
6313710,0056015040,JURADO,0027,2019-05-25 06:00:00.000,100.0
6313711,0056015040,JURADO,0027,2019-05-25 07:00:00.000,100.0
6313712,0056015040,JURADO,0027,2019-05-25 08:00:00.000,100.0
6313713,0056015040,JURADO,0027,2019-05-25 09:00:00.000,100.0
6313714,0056015040,JURADO,0027,2019-05-25 10:00:00.000,100.0
6313715,0056015040,JURADO,0027,2019-05-25 11:00:00.000,100.0
6313716,0056015040,JURADO,0027,2019-05-25 12:00:00.000,100.0
6313717,0056015040,JURADO,0027,2019-05-25 13:00:00.000,100.0
6313718,0056015040,JURADO,0027,2019-05-25 14:00:00.000,100.0
6313719,0056015040,JURADO,0027,2019-05-25 15:00:00.000,100.0
6313720,0056015040,JURADO,0027,2019-05-25 16:00:00.000,100.0
6313721,0056015040,JURADO,0027,2019-05-25 17:00:00.000,100.0
6313722,0056015040,JURADO,0027,2019-05-25 18:00:00.000,100.0
6313723,0056015040,JURADO,0027,2019-05-25 19:00:00.000,100.0
6313724,0056015040,JURADO,0027,2019-05-25 20:00:00.000,100.0
6313725,0056015040,JURADO,0027,2019-05-25 21:00:00.000,100.0
6313726,0056015040,JURADO,0027,2019-05-25 22:00:00.000,100.0
6313727,0056015040,JURADO,0027,2019-05-25 23:00:00.000,100.0
6313728,0056015040,JURADO,0027,2019-05-26 00:00:00.000,100.0
6313729,0056015040,JURADO,0027,2019-05-26 01:00:00.000,100.0
6313730,0056015040,JURADO,0027,2019-05-26 02:00:00.000,100.0
6313731,0056015040,JURADO,0027,2019-05-26 03:00:00.000,100.0
6313732,0056015040,JURADO,0027,2019-05-26 04:00:00.000,100.0
6313733,0056015040,JURADO,0027,2019-05-26 05:00:00.000,100.0
6313734,0056015040,JURADO,0027,2019-05-26 06:00:00.000,100.0
6313735,0056015040,JURADO,0027,2019-05-26 07:00:00.000,100.0
6313736,0056015040,JURADO,0027,2019-05-26 08:00:00.000,100.0
6313737,0056015040,JURADO,0027,2019-05-26 09:00:00.000,100.0
6313738,0056015040,JURADO,0027,2019-05-26 10:00:00.000,100.0
6313739,0056015040,JURADO,0027,2019-05-26 11:00:00.000,100.0
6313740,0056015040,JURADO,0027,2019-05-26 12:00:00.000,100.0
6313741,0056015040,JURADO,0027,2019-05-26 13:00:00.000,100.0
6313742,0056015040,JURADO,0027,2019-05-26 14:00:00.000,100.0
6313743,0056015040,JURADO,0027,2019-05-26 15:00:00.000,100.0
6313744,0056015040,JURADO,0027,2019-05-26 16:00:00.000,100.0
6313745,0056015040,JURADO,0027,2019-05-26 17:00:00.000,100.0
6313746,0056015040,JURADO,0027,2019-05-26 18:00:00.000,100.0
6313747,0056015040,JURADO,0027,2019-05-26 19:00:00.000,100.0
6313748,0056015040,JURADO,0027,2019-05-26 20:00:00.000,100.0
6313749,0056015040,JURADO,0027,2019-05-26 21:00:00.000,100.0
6313750,0056015040,JURADO,0027,2019-05-26 22:00:00.000,100.0
6313751,0056015040,JURADO,0027,2019-05-26 23:00:00.000,100.0
6313752,0056015040,JURADO,0027,2019-05-27 00:00:00.000,100.0
6313753,0056015040,JURADO,0027,2019-05-27 01:00:00.000,100.0
6313754,0056015040,JURADO,0027,2019-05-27 02:00:00.000,100.0
6313755,0056015040,JURADO,0027,2019-05-27 03:00:00.000,100.0
6313756,0056015040,JURADO,0027,2019-05-27 04:00:00.000,100.0
6313757,0056015040,JURADO,0027,2019-05-27 05:00:00.000,100.0
6313758,0056015040,JURADO,0027,2019-05-27 06:00:00.000,100.0
6313759,0056015040,JURADO,0027,2019-05-27 07:00:00.000,100.0
6313760,0056015040,JURADO,0027,2019-05-27 08:00:00.000,100.0
6313761,0056015040,JURADO,0027,2019-05-27 09:00:00.000,100.0
6313762,0056015040,JURADO,0027,2019-05-27 10:00:00.000,100.0
6313763,0056015040,JURADO,0027,2019-05-27 11:00:00.000,100.0
6313764,0056015040,JURADO,0027,2019-05-27 12:00:00.000,100.0
6313765,0056015040,JURADO,0027,2019-05-27 13:00:00.000,100.0
6313766,0056015040,JURADO,0027,2019-05-27 14:00:00.000,100.0
6313767,0056015040,JURADO,0027,2019-05-27 15:00:00.000,100.0
6313768,0056015040,JURADO,0027,2019-05-27 16:00:00.000,100.0
6313769,0056015040,JURADO,0027,2019-05-27 17:00:00.000,100.0
6313770,0056015040,JURADO,0027,2019-05-27 18:00:00.000,100.0
6313771,0056015040,JURADO,0027,2019-05-27 19:00:00.000,100.0
6313772,0056015040,JURADO,0027,2019-05-27 20:00:00.000,100.0
6313773,0056015040,JURADO,0027,2019-05-27 21:00:00.000,100.0
6313774,0056015040,JURADO,0027,2019-05-27 22:00:00.000,100.0
6313775,0056015040,JURADO,0027,2019-05-27 23:00:00.000,100.0
6313776,0056015040,JURADO,0027,2019-05-28 00:00:00.000,100.0
6313777,0056015040,JURADO,0027,2019-05-28 01:00:00.000,100.0
6313778,0056015040,JURADO,0027,2019-05-29 00:00:00.000,100.0
5660337,0056015040,JURADO,0027,2019-07-01 16:00:00.000,100.0
5660338,0056015040,JURADO,0027,2019-07-24 21:00:00.000,100.0
5660339,0056015040,JURADO,0027,2019-08-22 12:00:00.000,100.0
5660340,0056015040,JURADO,0027,2019-11-01 14:00:00.000,115.0
5660341,0056015040,JURADO,0027,2019-11-01 15:00:00.000,115.0
